symbol,direction,freshness,breakout_score,direction_confidence,deep_selection_tier,confirmation_available,confirmation_score,confirmation_label,price_return_1d,price_return_5d,realized_vol_20d_ann,normalized_5d_shock,distance_to_20d_high,distance_to_20d_low,distance_to_63d_high,distance_to_63d_low,follow_through_3d,confirmation_data_mode,confirmed_breakout_score,confirmed_breakout_rank
VOW.OL,UP,CONTINUING,99.32666321278214,89.71826652093776,adaptive,True,99.8234682510138,CONFIRMED,0.03894080950608281,0.24906364900785727,0.5251598643828753,3.3669300002548734,0.0,0.3983228727389596,0.0,0.5511627396356122,1.0,close_based,97.55402538588275,1.0
ENH.OL,DOWN,CONTINUING,95.22705211759845,86.11692269895697,not_selected,True,99.99999999999999,CONFIRMED,-0.044270792102905965,-0.07440096954886577,0.2393948940133142,-2.2063732325046574,-0.09045843492466565,0.0,-0.09045843492466565,0.018607452589356477,1.0,close_based,94.8369105985906,2.0
MPAL.L,UP,CONTINUING,99.4036181941434,98.31789589791958,core,True,84.07657893664756,CONFIRMED,0.12499995343387194,0.25217387987219775,1.27179832479354,1.4076578936647566,0.0,0.6363635575475788,0.0,1.3606557120754008,0.6666666666666666,close_based,94.5883619576499,3.0
RSI,DOWN,CONTINUING,97.36767465462889,89.5673203737027,not_selected,True,91.22038628547354,CONFIRMED,-0.024719946108006763,-0.042109278628607694,0.21714598496097506,-1.3767061934139078,-0.06550704766013782,0.0,-0.26853998652479205,0.03995054719615432,1.0,close_based,93.96341728769704,4.0
YIT.HE,UP,NEW,97.19619444931168,82.99588911839189,adaptive,True,95.78855305960215,CONFIRMED,0.015204691408286841,0.14814819720546923,0.5279566028649724,1.9921104491554356,0.0,0.3211567851421899,0.0,0.753535482754774,1.0,close_based,93.93384096621486,5.0
GRAL,UP,CONTINUING,99.91289977542242,89.69839977650199,core,True,85.56957686747575,CONFIRMED,0.013417461204854542,0.5710041434122202,1.288406031800897,3.1463119409821423,0.0,0.6893888744311982,0.0,1.0014195005634803,0.6666666666666666,close_based,93.56700290325432,6.0
GOTU,UP,NEW,96.86134830930418,83.31427308217461,adaptive,True,94.47592421231917,CONFIRMED,0.012345666899427288,0.13888886129414701,0.5166435150976709,1.90849797290813,0.0,0.3085106619076796,0.0,0.5769231592174613,1.0,close_based,93.43630603478276,7.0
CRU.L,DOWN,NEW,99.38941950502156,84.88852803169239,core,True,88.54167403963696,CONFIRMED,-0.03125004423782174,-0.38000001907348635,1.210742114868078,-2.228164431858133,-0.3980582820918578,0.0,-0.4608695818030316,0.0,0.6666666666666666,close_based,93.23491757074035,8.0
CABO,DOWN,CONTINUING,97.80591729903864,84.390955960404,core,True,88.97343538756145,CONFIRMED,-0.06269996728952032,-0.1565918876963721,1.2388701463638654,-0.8973435387561456,-0.48614522971174146,0.0,-0.7264749954648835,0.0,1.0,close_based,92.47318045786857,9.0
IF.MI,DOWN,NEW,93.840775109879,77.47689156111532,core,True,99.99999999999999,CONFIRMED,-0.053815267996658034,-0.22652658653714897,0.48127620310796165,-3.3414891913441203,-0.23157209448156635,0.0,-0.25443040564777997,0.0,1.0,close_based,92.41576586716256,10.0
NINE,DOWN,CONTINUING,96.1270602795998,79.22593735066431,core,True,93.91270244444515,CONFIRMED,-0.003476214666670918,-0.18483410180197435,0.5435576200323582,-2.4140806845823057,-0.19172931353646538,0.0,-0.3389700053672584,0.0,1.0,close_based,92.08252834326632,11.0
AVD,DOWN,CONTINUING,93.39733400694404,76.29594328864641,core,True,98.51467568308931,CONFIRMED,-0.031088054098535878,-0.13824887602673808,0.43642972026810756,-2.2488607237717444,-0.20762708140186492,0.0,-0.4082278626657716,0.0,1.0,close_based,91.5122583661281,12.0
P,UP,CONTINUING,95.06529327991744,85.82920689109639,core,True,88.9672941136457,CONFIRMED,0.03380376468187429,0.2099097439837747,0.7035150893401318,2.118236515136282,0.0,0.3631937637562077,0.0,0.8429134845441997,0.6666666666666666,close_based,91.38867625227172,13.0
SOC,DOWN,CONTINUING,93.72756807324517,85.6570340476305,not_selected,True,90.75807477116166,CONFIRMED,-0.08561643611917269,-0.16388305921999002,1.0814707360572182,-1.075807477116167,-0.24291112602616893,0.0,-0.7372047129534129,0.3003247446908517,1.0,close_based,91.22261327749717,14.0
STOK,DOWN,CONTINUING,95.6570413012074,81.89260709628775,not_selected,True,89.35822532441999,CONFIRMED,-0.009935941208669696,-0.07680812209038124,0.37948869156109505,-1.436890178964173,-0.07680812209038124,0.0,-0.07680812209038124,0.11596817373851076,1.0,close_based,91.01450966718726,15.0
0QXR.IL,DOWN,CONTINUING,99.70063443690287,98.36449225748817,core,True,71.00130777620338,PARTIAL,-0.4964590618103255,-0.4964590618103255,3.2037188433896664,-1.100130777620338,-0.4964590618103255,0.0,-0.4964590618103255,0.0,0.3333333333333333,close_based,90.82360800281008,16.0
PYT.VI,UP,NEW,92.39761029479553,72.33045041938028,adaptive,True,99.99999999999999,CONFIRMED,0.05147053860772499,0.15090543896604047,0.3267613697097471,3.2786076913061764,0.0,0.1769546570064302,0.0,0.2489082719379454,1.0,close_based,90.66489523127382,17.0
DDOG,UP,NEW,89.8232894601185,75.839560102914,adaptive,True,99.99999999999999,CONFIRMED,0.04363222352948859,0.16618826991199986,0.5440392638048152,2.1686296469236184,0.0,0.28150843740384857,-0.06947766593000138,0.28150843740384857,1.0,close_based,90.07955675064204,18.0
ZH,UP,CONTINUING,96.8186004850471,83.42798238508567,adaptive,True,83.20404202305136,CONFIRMED,0.002666664123535112,0.1713395469720247,0.6261574917163519,1.9426264669128848,0.0,0.4687500291038311,0.0,0.4687500291038311,0.6666666666666666,close_based,90.0561093264561,19.0
DNA,UP,CONTINUING,93.67694556224116,79.8092941746865,adaptive,True,89.9999975188961,CONFIRMED,0.039999985113376546,0.35279183916210277,1.0354998914348403,2.4187096700714035,0.0,0.5792592366536458,0.0,0.6324654678265273,0.6666666666666666,close_based,89.80033087172671,20.0
CANTA.ST,DOWN,NEW,91.7792406551376,75.09395281336141,core,True,96.30137239827093,CONFIRMED,-0.017808234389625643,-0.08194623432210901,0.18969681122370202,-3.0667914155022884,-0.20598005548050524,0.0,-0.34400734494967633,0.0,1.0,close_based,89.79882260972235,21.0
ALKT,DOWN,NEW,96.55978108063148,85.2237313526916,not_selected,True,80.04677381632241,CONFIRMED,-0.03240977308333137,-0.06891343006635908,0.432500855064302,-1.13118116357672,-0.09751340700540967,0.0,-0.1092396719323745,0.22990033184697434,0.6666666666666666,close_based,89.33866895575079,22.0
QFIN,DOWN,CONTINUING,90.59968438950742,75.6852045410202,core,True,95.7660119142496,CONFIRMED,-0.02406414811225077,-0.09765141495087815,0.37632002754390664,-1.8421987228874483,-0.15116280617102662,0.0,-0.5295836191518941,0.0,1.0,close_based,89.16668667723263,23.0
OUST,UP,NEW,92.53580432554054,79.23703259001894,adaptive,True,89.99999999999999,CONFIRMED,0.056804504459562866,0.24736097496045728,0.6201217367729166,2.8318451226177723,0.0,0.33333333333333326,-0.3007037603872247,0.39680518486839955,0.6666666666666666,close_based,89.11530868077406,24.0
AMD,UP,CONTINUING,94.50082713713574,88.52080491651154,core,True,80.15260291419477,CONFIRMED,0.0021771526808096464,0.12648707911860013,0.5456652685630596,1.64564108007265,0.0,0.38247544681698575,0.0,0.46808364015970083,0.6666666666666666,close_based,89.0003554261286,25.0
CHTR,DOWN,CONTINUING,93.99980455831609,83.25185631861875,core,True,83.33848197808771,CONFIRMED,-0.03947255864898125,-0.11906058145308862,0.6295410380760232,-1.342638886992418,-0.2897401849714223,0.0,-0.2897401849714223,0.0,0.6666666666666666,close_based,88.65181813630811,26.0
TRTX,DOWN,NEW,90.93689291961336,73.41404073412804,core,True,94.84390593697806,CONFIRMED,-0.009063435621868399,-0.0863509610560177,0.22775477634864863,-2.691627459031823,-0.16856780053387632,0.0,-0.2519954845643959,0.0,1.0,close_based,88.60442638772571,27.0
EGHT,UP,NEW,93.81190476780448,80.57533100968304,adaptive,True,84.79532026151169,CONFIRMED,0.008771921569070251,0.2994350153113221,0.6921644876022591,3.071203112263782,0.0,0.2994350153113221,-0.00432900030777672,0.41975305280640374,0.6666666666666666,close_based,88.45961466429236,28.0
EAF,UP,NEW,99.77812429317602,88.8884404586899,adaptive,True,69.20338263924837,PARTIAL,0.04919588200350655,0.34914839322705626,1.088700426063332,2.2767582718136747,-0.023767562698001843,0.8003247446908517,-0.023767562698001843,1.0613382744770345,0.6666666666666666,close_based,88.4277650301005,29.0
QNST,DOWN,NEW,91.19466933247504,74.23489611624554,not_selected,True,92.1645589705888,CONFIRMED,-0.016524160728526804,-0.06601728049647215,0.29151607974341753,-1.607719884916768,-0.15763785155279497,0.0,-0.2161671266997447,0.31155018457511496,1.0,close_based,88.09368158066327,30.0
A3M.MC,UP,NEW,91.49368946403447,72.47592102682482,adaptive,True,91.68093624046453,CONFIRMED,0.005136940443040583,0.0971962598496956,0.39449282060179736,1.7491446166624443,0.0,0.15324159323936737,0.0,0.23060794738596768,1.0,close_based,87.74630980952156,31.0
GEN,DOWN,NEW,95.37967764939134,88.50512718943574,not_selected,True,74.1318962500928,CONFIRMED,0.004825901018403078,-0.0719516154046731,0.3227729955628854,-1.5825543144262664,-0.0719516154046731,0.004825901018403078,-0.0719516154046731,0.25874908319993994,0.6666666666666666,close_based,87.63043313761067,32.0
QCOM,UP,CONTINUING,92.98812755679306,85.10531005803328,adaptive,True,79.80119454838659,CONFIRMED,0.0396891121789662,0.13645059550660776,0.48793768356444184,1.985300918522556,0.0,0.23679405276155818,0.0,0.375714604646058,0.3333333333333333,close_based,87.45548415451917,33.0
BLICK.ST,UP,CONTINUING,94.35794259525905,76.38042731722916,core,True,83.19497287003553,CONFIRMED,0.009090900224102638,0.10447763141460142,0.8886581641961865,0.8346489499351759,0.0,0.3058823331417102,0.0,0.33413460505189474,1.0,close_based,87.41354862208601,34.0
UJO.L,DOWN,CONTINUING,92.15475716522722,73.14345934346704,core,True,88.78934870068048,CONFIRMED,-0.0689655314160863,-0.10299001453878076,0.3891335368225614,-1.8789348700680486,-0.14285715366977658,0.0,-0.3032257941461378,0.0,0.6666666666666666,close_based,87.34287506151117,35.0
CORE-B.ST,DOWN,NEW,87.65648634519471,71.18187341300012,core,True,96.78990119925193,CONFIRMED,-0.020739407195511594,-0.10469916510259758,0.3077210146700231,-2.415468236909697,-0.1502347667457571,0.0,-0.1979320621490689,0.0,1.0,close_based,87.10158821497296,36.0
MRNA,UP,CONTINUING,90.05847436007795,79.53981812407275,core,True,86.80662269955081,CONFIRMED,0.020839736197304948,0.29109331051052667,0.7430779301519045,2.781077751489377,0.0,0.4665585427895893,0.0,2.6925362537888455,0.6666666666666666,close_based,86.97918761471877,37.0
RSKD,UP,NEW,98.33706740593932,89.07174662156983,core,True,66.21370099669213,PARTIAL,-0.01643484704317555,0.2528180615164466,0.7005168627924903,2.562151294821197,-0.01643484704317555,0.3141892076931876,-0.01643484704317555,0.5685484173332613,0.6666666666666666,close_based,86.84699332629127,38.0
BAND,UP,NEW,93.6386805929871,79.13030986166063,adaptive,True,79.70351947691543,CONFIRMED,-0.0003234749663815206,0.23053955677060167,0.9796222263656434,1.6707139233562855,-0.0003234749663815206,0.4170106118024217,-0.2120091860086013,0.6728010851703672,0.6666666666666666,close_based,86.5564581119003,39.0
MGM,DOWN,NEW,97.0174563065037,88.17831100204222,not_selected,True,66.80279174276595,PARTIAL,-0.011274686472430129,-0.004632776389276172,0.20680714196450337,-0.1590343997360922,-0.06014872980263031,0.0,-0.15229823663751552,0.0,0.6666666666666666,close_based,86.18522787649009,40.0
BMC.WA,DOWN,NEW,91.1614363692742,71.8276330599996,core,True,87.19870126350276,CONFIRMED,-0.03724931635692863,-0.13065979642816272,1.2114072642194622,-0.7657148537347984,-0.3208691784426244,0.0,-0.3208691784426244,0.0,1.0,close_based,86.10585517568785,41.0
ARHS,UP,NEW,90.19716902166488,72.96821772331936,adaptive,True,87.55719402236554,CONFIRMED,0.02534316413419324,0.24646984412015716,0.7515943309995124,2.3280674722554626,0.0,0.3486111521352968,-0.03190425756167248,0.35236772566800534,0.6666666666666666,close_based,85.95938626220598,42.0
IRES.IR,UP,NEW,94.34542389879962,79.44020159159652,adaptive,True,76.29834538671213,CONFIRMED,0.21320762525635617,0.1733577233809236,0.7551182146680119,1.629834538671213,0.0,0.21320762525635617,0.0,0.21838085539139818,0.3333333333333333,close_based,85.95025588373275,43.0
CYTK,DOWN,NEW,86.00384583023846,66.74489838804286,not_selected,True,97.69217085617724,CONFIRMED,-0.02895296746533238,-0.09733323744630851,0.35375278050005177,-1.9533342945288517,-0.1063390343539029,0.0,-0.1582627188849718,0.09512445627624344,1.0,close_based,85.65855384958097,44.0
SAFE,DOWN,NEW,87.81831640345912,67.18001077973153,core,True,93.77469378196585,CONFIRMED,-0.00969304397817461,-0.06697108762924042,0.2525503381370811,-1.8825853118936768,-0.2023422042832449,0.0,-0.28596388034914366,0.0,1.0,close_based,85.47756849226563,45.0
SMCI,UP,CONTINUING,90.03877481644933,79.93333793771185,adaptive,True,81.33935150133428,CONFIRMED,0.04215851772492596,0.10667685220434175,0.6678781606618862,1.133935150133429,0.0,0.21380468749665527,0.0,0.8153587268163693,0.6666666666666666,close_based,85.40786044616732,46.0
EMBC,UP,NEW,90.77615077605722,74.0620551464275,core,True,83.95825038468307,CONFIRMED,0.049822102403921154,0.11531193533330919,0.5864872091339574,1.3958250384683084,0.0,0.20654401972565184,0.0,0.9070707378965435,0.6666666666666666,close_based,85.38796153271903,47.0
TEM,UP,CONTINUING,91.86977512634986,81.8167661823651,adaptive,True,76.64465418299496,CONFIRMED,0.03368195944082397,0.09211210349003651,0.8495191834737523,0.7697660942857638,0.0,0.4472250545984213,0.0,1.0459688013761923,0.6666666666666666,close_based,85.29163705454644,48.0
FBRT,DOWN,NEW,86.66792909205498,68.26214673495417,core,True,94.0194048104245,CONFIRMED,-0.04520553313985498,-0.06693440616377477,0.33894958519623103,-1.4019404810424514,-0.1885914241699037,0.0,-0.1885914241699037,0.0,1.0,close_based,85.19221533614567,49.0
CRCT,UP,NEW,85.4166232099752,63.38671978905865,adaptive,True,99.2421907859173,CONFIRMED,0.03716212624263604,0.0886524843681531,0.31923144092367733,1.9715169745477974,0.0,0.13075507561557442,0.0,0.44470585093778725,1.0,close_based,85.15831279857451,50.0
PAL,DOWN,CONTINUING,88.82558008309668,69.01008934129607,core,True,89.54364480671208,CONFIRMED,-0.026455001425780944,-0.08229430007206062,0.49506348344839546,-1.1801144569081927,-0.30038024588841283,0.0,-0.5195822271458046,0.0,1.0,close_based,85.07790135182118,51.0
PTLO,DOWN,CONTINUING,87.82358185883004,69.27827044418224,core,True,90.47794708362184,CONFIRMED,-0.031855959246140264,-0.06800003051757808,0.4078923632510771,-1.183528720926515,-0.25638297289515444,0.0,-0.322674420753728,0.0,1.0,close_based,84.91082914333802,52.0
TIT.MI,DOWN,NEW,85.48252968374078,70.12370273566097,adaptive,True,93.52107491506935,CONFIRMED,-0.012567335713765448,-0.08050410566848754,0.31587718498406736,-1.8093185629441784,-0.09206347995334196,0.0,-0.12108175854959913,0.0,1.0,close_based,84.8223278635234,53.0
PAYX,DOWN,NEW,89.65938340097293,75.02745883314624,not_selected,True,82.27525237765923,CONFIRMED,-0.009729613047670504,-0.029533372178802697,0.22537709093191635,-0.9302903965153366,-0.09682734848635544,0.0022658138233591085,-0.09682734848635544,0.2067237509850175,1.0,close_based,84.51775918041348,54.0
VG,DOWN,NEW,83.5803721079294,66.66182623106364,not_selected,True,97.95653740654113,CONFIRMED,-0.027739224439246812,-0.11032768981939234,0.37119510804114886,-2.1100733316266758,-0.11032768981939234,0.0,-0.11032768981939234,0.3374711349489694,1.0,close_based,84.50951252213977,55.0
PRGO,UP,NEW,86.70541538483208,68.8938061650275,adaptive,True,89.99999999999999,CONFIRMED,0.05040870270671993,0.1371681120294408,0.4469420286165714,2.1787993319182686,0.0,0.1439169584523421,0.0,0.5896565332265766,0.6666666666666666,close_based,84.13146892542153,56.0
SUH.L,DOWN,NEW,96.77088867027668,81.14597102864114,core,True,64.91350163879252,PARTIAL,-0.17500001192092896,-0.17500001192092896,2.5284958272374283,-0.49135016387925373,-0.4000000086697665,0.0,-0.6117647114922019,0.0,0.3333333333333333,close_based,84.08868903250433,57.0
EDR.MC,DOWN,NEW,92.56402218180324,75.68049226652491,not_selected,True,75.19451548949854,CONFIRMED,-0.009493586841708201,-0.0883494981126971,0.717094554851101,-0.8746673800752358,-0.17631573179531868,0.009677435563663073,-0.1806282450204012,0.057432457467253784,1.0,close_based,83.97646419105617,58.0
ALAB,UP,CONTINUING,89.42772180186489,75.28150503919856,adaptive,True,80.28238798821232,CONFIRMED,0.011400474994396115,0.2023742625463727,0.9546927237409222,1.5048975489146315,0.0,0.4438109004939499,-0.24512441842884702,0.4599983466692441,0.6666666666666666,close_based,83.85487830523584,59.0
AXTI,UP,CONTINUING,93.30523060092592,85.07019011844721,adaptive,True,66.87710010432868,PARTIAL,0.040052712179337924,0.12723124114552253,1.1708219543437623,0.7714684584385881,-0.012385810834351085,0.40687937235279326,-0.1774512718837299,1.1352447886098531,0.6666666666666666,close_based,83.72978335545102,60.0
THX.L,DOWN,NEW,84.41651829569771,61.08544617965757,core,True,97.51395520296846,CONFIRMED,-0.03846153846153855,-0.09420289855072472,0.3763424212513488,-1.7770365459378707,-0.17763157894736847,0.0,-0.17763157894736847,0.14926853903466974,1.0,close_based,83.6795349446709,61.0
MGPI,DOWN,CONTINUING,92.70182134020976,75.17571268657638,core,True,73.99744560209639,CONFIRMED,0.006279428975141332,-0.0927105738858327,0.3825473634606947,-1.7205184117868617,-0.23916917480176314,0.006279428975141332,-0.3164552585183612,0.006279428975141332,0.6666666666666666,close_based,83.58528688804908,62.0
ORC,DOWN,NEW,83.52861986481459,65.17031139806757,core,True,95.06643393928013,CONFIRMED,-0.010398603635680903,-0.0546357493030204,0.17402472351980403,-2.2288519379212075,-0.1335356743649455,0.0,-0.15802343874969893,0.0,1.0,close_based,83.31830239380486,63.0
RCI,DOWN,NEW,87.78209683450535,68.53887831464068,core,True,85.14155038402193,CONFIRMED,-0.010849302304131614,-0.09036493210317686,0.2515631534560622,-2.5501643173358355,-0.15208230574813164,0.0,-0.15208230574813164,0.02451106169897055,0.6666666666666666,close_based,83.1412891953874,64.0
MXL,UP,CONTINUING,87.85914956193463,71.45133244237655,adaptive,True,82.51136801297979,CONFIRMED,0.09998826659722027,0.15680464941607197,0.8897528858657616,1.25113680129798,0.0,0.6294494893081501,-0.26704680752472953,0.6391265735876093,0.6666666666666666,close_based,82.97325167333656,65.0
0RUH.IL,DOWN,NEW,84.45793834201478,60.13504937466372,core,True,95.35264613030708,CONFIRMED,-0.01211587678184245,-0.05351079451572471,0.18339712203186598,-2.071400855835049,-0.1278372075679146,0.0,-0.30527845477800863,0.0,1.0,close_based,82.86177288503227,66.0
IONQ,UP,NEW,82.99962363528748,65.6030536901613,adaptive,True,93.67774055990155,CONFIRMED,0.011116051691608009,0.16227953745943902,0.6230192133321469,1.8491731944633554,0.0,0.2375510079520089,-0.1559020296836966,0.4216942753246742,1.0,close_based,82.72374472364646,67.0
SG,UP,NEW,88.24116047634689,74.15226925383483,adaptive,True,78.44429194691128,CONFIRMED,-0.002421362858288867,0.14127423969072428,0.5687832887359733,1.763321159096219,-0.002421362858288867,0.27357033049827706,-0.09450555761544543,0.5287569527326972,0.6666666666666666,close_based,82.4843216730138,68.0
ABR,DOWN,CONTINUING,85.3868117757017,68.0811102592152,core,True,86.90910361931529,CONFIRMED,-0.009828000040771334,-0.05841121208991584,0.34736676903958985,-1.193777027918674,-0.23238091241745717,0.0,-0.23238091241745717,0.0,1.0,close_based,82.38235902548848,69.0
AT1.DE,DOWN,CONTINUING,83.74714799575014,62.58162962493537,core,True,93.30443505235237,CONFIRMED,-0.004767590190567161,-0.05382437925223427,0.1992621800054255,-1.9176503353924526,-0.13291798654643328,0.0,-0.3024227569632365,0.0,1.0,close_based,82.38123043856785,70.0
ILMN,UP,CONTINUING,93.62463968575696,81.72363716619441,core,True,64.05000764310512,PARTIAL,-0.014238751308473185,0.12678409774591226,0.5788763075043534,1.5548706922764697,-0.014238751308473185,0.34148156341517577,-0.014238751308473185,0.5355741181156788,0.6666666666666666,close_based,82.3720495690489,71.0
WBD,UP,CONTINUING,85.70091055963903,71.06427874330146,adaptive,True,83.4414205450968,CONFIRMED,0.0006485232705808475,0.11007199486580155,0.38999196844211764,2.003717274832022,0.0,0.11007199486580155,0.0,0.22072783908798566,0.6666666666666666,close_based,82.09573719200884,72.0
SFIX,DOWN,CONTINUING,98.96999359994072,90.48057596867484,not_selected,True,47.87135200781102,UNCONFIRMED,-0.00647246431224846,-0.00647246431224846,0.5099101652063441,-0.09011379151234963,-0.2690475858528313,0.019933558048785383,-0.3237885405736961,0.019933558048785383,0.6666666666666666,close_based,81.94251759604863,73.0
ORCL,DOWN,NEW,84.38945600953997,68.56215006524293,core,True,86.3851508092252,CONFIRMED,-0.0174859344991789,-0.07120110062582641,0.4986218660293783,-1.0137495059362067,-0.15641150320381048,0.0,-0.15641150320381048,0.19227766458383777,1.0,close_based,81.82270326058614,74.0
PICS,DOWN,NEW,86.52902932435136,64.7362377611041,core,True,85.0108757350228,CONFIRMED,-0.018079185784154128,-0.06357760447898086,0.5209351988508873,-0.8664344770997114,-0.25789926967767685,0.0,-0.35003742297938556,0.0,1.0,close_based,81.71502493490334,75.0
SGHC,DOWN,CONTINUING,82.48294451642828,61.00748718983407,not_selected,True,93.47461461196983,CONFIRMED,-0.03831707083421132,-0.06158358734932867,0.31784575183728264,-1.3755102806267945,-0.0966831247835388,0.0,-0.17896086815559753,0.0,1.0,close_based,81.4853540797719,76.0
META,UP,CONTINUING,96.44481631272257,92.40868830444794,core,True,49.048526424858856,UNCONFIRMED,-0.033346690177852745,0.12993337857887943,0.506085223728526,1.8226880330480013,-0.033346690177852745,0.3143466728937492,-0.033346690177852745,0.395568181509125,0.6666666666666666,close_based,81.41870374470852,77.0
ACAD,DOWN,NEW,96.9312796150054,86.19249967512224,not_selected,True,51.951142633584126,UNCONFIRMED,-0.005828773878510329,-0.019403485794433295,0.2768120762811647,-0.49763393955476065,-0.10729469453845653,0.019805705609579283,-0.10729469453845653,0.23540066668266912,0.6666666666666666,close_based,81.28948253260238,78.0
UNIT,DOWN,NEW,84.26894285499893,63.85783498492796,core,True,87.3263999286074,CONFIRMED,-0.002239692842124552,-0.05714285425948806,0.2978564184642829,-1.3619784454919983,-0.13073172220369667,0.0,-0.22319096425617102,0.0,1.0,close_based,81.10395840306728,79.0
TW.L,UP,NEW,83.05545763977844,65.60491377691694,adaptive,True,87.90844615138104,CONFIRMED,0.11285893992180296,0.12806888352949608,0.507692778896663,1.790844615138105,0.0,0.1685894181456371,0.0,0.1685894181456371,0.6666666666666666,close_based,81.02124542068692,80.0
KLAR,DOWN,NEW,84.09277662295268,66.28734112077548,not_selected,True,85.6317824781755,CONFIRMED,-0.008695643760907257,-0.039999978584155715,0.26174494624446254,-1.084917518469097,-0.0687542072197368,0.0,-0.3419913562890392,0.0,1.0,close_based,80.99339127908408,81.0
CABA,DOWN,CONTINUING,98.32372071828875,94.47178617662456,not_selected,True,42.98359799369994,UNCONFIRMED,-0.04912276181414288,-0.018115924814873563,0.4229347097378684,-0.3040902174688453,-0.04912276181414288,0.03435120477827258,-0.2924281743784807,0.03435120477827258,0.6666666666666666,close_based,80.95129699257927,82.0
A,UP,NEW,88.49421698846562,72.67877626706701,adaptive,True,73.03197650996304,CONFIRMED,-0.00028930255043546627,0.10430109246570596,0.3280597366895189,2.2571020414207905,-0.00028930255043546627,0.20730854654272002,-0.00028930255043546627,0.3387307932205441,0.3333333333333333,close_based,80.69245670063512,83.0
AMBP,DOWN,NEW,81.00256059151593,57.17095503176847,not_selected,True,95.81559211577795,CONFIRMED,-0.014893552694667744,-0.04338843626578981,0.15056485589343727,-2.0458116796712615,-0.11819805269698525,0.0,-0.11819805269698525,0.06933451098208865,1.0,close_based,80.68014893684504,84.0
CTA.L,DOWN,CONTINUING,91.30945769990836,72.35871242432673,core,True,68.21961219932611,PARTIAL,0.0024878339069644984,-0.11608599590998825,1.1021046897347775,-0.7477772519080804,-0.4369588878056774,0.0024878339069644984,-0.6122452717907023,0.0024878339069644984,0.6666666666666666,close_based,80.59235499461737,85.0
ADT,DOWN,CONTINUING,84.17149344666257,66.94296422535031,not_selected,True,83.72318840348684,CONFIRMED,-0.012875490514692167,-0.021276608696346178,0.18322420803645098,-0.8243939984371506,-0.07768526383110486,0.0,-0.11748056842150845,0.10384968782861526,1.0,close_based,80.5912960894474,86.0
ORA.PA,DOWN,CONTINUING,82.71823956575277,63.0894078189848,not_selected,True,88.47134767176624,CONFIRMED,-0.005994016019314596,-0.056275650538263666,0.2825639411593278,-1.4139011668547157,-0.06484961434450454,0.0,-0.14224134954345857,0.0,1.0,close_based,80.51840564820321,87.0
SLDB,DOWN,NEW,97.10545030258012,85.51559737271799,not_selected,True,49.10751627198272,UNCONFIRMED,-0.039274957838568825,-0.03441297051109704,0.5777844117471825,-0.4228356632221251,-0.08445298541244395,0.052399382620781365,-0.1443945929829069,0.443267741173373,1.0,close_based,80.38809950742848,88.0
RPT,DOWN,CONTINUING,83.27318175714129,56.7042262591562,core,True,91.34392801848227,CONFIRMED,-0.012785332610689149,-0.05092185304858854,0.2276549051366676,-1.587970591670076,-0.16460581374327277,0.0,-0.25499653693322266,0.01693323642877953,1.0,close_based,80.38061453594656,89.0
DAVA,DOWN,NEW,99.19093443413048,86.23055149778891,core,True,44.99999999999999,UNCONFIRMED,0.06470581882965365,-0.3489208771917035,1.0714395345476855,-2.3119293409235495,-0.4548192833812409,0.06470581882965365,-0.4548192833812409,0.06470581882965365,0.6666666666666666,close_based,80.34157751662302,90.0
IDIA.SW,DOWN,NEW,86.3532074653898,65.17753654625164,not_selected,True,80.42931345710983,CONFIRMED,-0.028037456630912616,-0.12135182963363378,0.6902881607396891,-1.2480476649086092,-0.1500743277889146,0.011494178244337183,-0.16981133511846225,0.4328656419366326,1.0,close_based,80.34090507907818,91.0
GRNT,DOWN,CONTINUING,85.41913983014973,65.01246016247391,not_selected,True,82.07576815616885,CONFIRMED,-0.008097158176053498,-0.041095896802363696,0.3232423064518633,-0.9025796415433684,-0.07894738021461079,0.0018661576631699983,-0.07894738021461079,0.16496057448765655,1.0,close_based,80.3347923944203,92.0
80M.L,UP,CONTINUING,99.47018754853585,98.92552661656686,adaptive,True,35.813497583789356,FALSE_BREAKOUT_RISK,-0.08220773442275142,0.33339634931652573,2.1888193565503498,1.0813497583789358,-0.08220773442275142,1.0785294692811247,-0.08220773442275142,2.0593073940462956,0.6666666666666666,close_based,80.2642483727181,93.0
BBWI,DOWN,CONTINUING,83.52914619919636,65.57891736349073,core,True,84.45619549531678,CONFIRMED,-0.02083324345330939,-0.05459763657575667,0.5066295275449688,-0.7650654919765231,-0.15684261558400603,0.0,-0.29279832512552784,0.0,1.0,close_based,80.21721522089138,94.0
BCE,DOWN,NEW,79.34024570852121,56.38200093282309,core,True,95.91549245325697,CONFIRMED,-0.015492954719541818,-0.04941070620925003,0.13722784401436017,-2.556195636587828,-0.10729624083886713,0.0,-0.10879350645939789,0.01846070902039698,1.0,close_based,79.72117077680231,95.0
XERS,UP,NEW,84.50696541699241,63.7420812900381,adaptive,True,81.40108832761008,CONFIRMED,0.01675984082695825,0.10975616989499004,0.5101274361352036,1.5274448189783714,0.0,0.22147659254334195,0.0,0.2364130728791809,0.6666666666666666,close_based,79.42222546478685,96.0
HUYA,UP,NEW,83.47939318223442,60.65313777361779,not_selected,True,85.05746754645351,CONFIRMED,0.08695655679332304,0.07655506813467117,0.3609418830794146,1.5057467546453505,0.0,0.10294119709503313,-0.1176470423239735,0.10294119709503313,0.6666666666666666,close_based,79.38756440977681,97.0
GN.CO,UP,CONTINUING,85.48465959220816,62.73631012045127,not_selected,True,80.29653185801192,CONFIRMED,0.047840775640009436,0.04035304949677743,0.2782278890869932,1.0296531858011935,0.0,0.06314429853937908,-0.0317848410757946,0.1445086705202312,0.6666666666666666,close_based,79.37855137759792,98.0
FINV,DOWN,NEW,85.14437777465639,63.8910371540164,core,True,79.89471332889744,CONFIRMED,-0.006389846202502492,-0.057575775747238156,0.743663199374216,-0.5496405628480361,-0.15258860205900104,0.0,-0.37424546752829957,0.0,1.0,close_based,79.31881031680071,99.0
GNFT.PA,DOWN,NEW,92.04825373016224,74.22074201444595,not_selected,True,61.25917526059671,PARTIAL,-0.03686639623921262,-0.07522127036869986,0.6030969676195902,-0.8854596738772529,-0.13636366621820328,0.019512176211098575,-0.14461118060197797,0.31034486538542794,0.6666666666666666,close_based,79.24602784614932,100.0
DBX,DOWN,NEW,82.08929254015496,61.7947631982624,adaptive,True,84.78738299970576,CONFIRMED,-0.010410292534487886,-0.11403508496746784,0.4105526423764756,-1.971900091062446,-0.14361424861130978,0.0,-0.14361424861130978,0.1795620490799792,0.6666666666666666,close_based,78.83981380964168,101.0
CLVT,DOWN,NEW,84.35955540535292,66.04288130764759,core,True,78.0302309592049,CONFIRMED,-0.0326087287502157,-0.05820106621041676,0.44610418539909164,-0.9262109500835629,-0.1720930732863194,0.0,-0.3127413010124873,0.0,0.6666666666666666,close_based,78.79742325196744,102.0
DX,DOWN,NEW,82.35022001517821,63.05946338726534,core,True,83.33333333333333,CONFIRMED,0.0,-0.05578684958579094,0.18201737770699417,-2.1758765486355096,-0.10917762983910761,0.0,-0.12749765252049627,0.0,0.6666666666666666,close_based,78.78700268504217,103.0
JKS,DOWN,CONTINUING,86.6757275914383,66.11905307354945,core,True,74.06716389709337,CONFIRMED,0.0,-0.0692974247581738,0.45832930698591623,-1.073383056376004,-0.2858197855585112,0.0,-0.43151087911951136,0.0,0.6666666666666666,close_based,78.78182357955706,104.0
CCCC,DOWN,NEW,95.8122514171127,85.07236542544476,not_selected,True,46.1082082686337,UNCONFIRMED,-0.02067181552241759,-0.10613203621623402,0.525809629378575,-1.4329572348230775,-0.111371610668765,0.046961348527139624,-0.18843685226216855,0.11470583986658656,0.6666666666666666,close_based,78.75306127423542,105.0
CSIQ,DOWN,CONTINUING,83.42544029567307,62.080356271008206,core,True,81.87738432162944,CONFIRMED,-0.013698595538180203,-0.052631530515153124,0.5967891406276686,-0.6260951731932743,-0.22134100361605524,0.0,-0.3410615867651645,0.0,1.0,close_based,78.69200669852701,106.0
CIM,DOWN,NEW,81.07615674162727,56.49051444108313,core,True,89.48407062874583,CONFIRMED,-0.006724274337200908,-0.04875802562567655,0.23030410512899774,-1.5030024905879023,-0.11168386188928281,0.0,-0.22488755364954138,0.0,1.0,close_based,78.681402447654,107.0
VOR,DOWN,NEW,86.83150838164005,66.32803753029815,core,True,72.86513830589278,CONFIRMED,0.00433839053086249,-0.13457940243479294,0.6799669614235542,-1.4050961775541218,-0.2621513873985353,0.00433839053086249,-0.2621513873985353,0.06805076671234467,0.6666666666666666,close_based,78.54090318864749,108.0
LXS.DE,DOWN,NEW,86.85560401945128,65.5804819895889,core,True,72.42536029975851,CONFIRMED,0.005681870960430491,-0.06701802767651965,0.3169623130901634,-1.5010642550206945,-0.21582277254729,0.005681870960430491,-0.2788125655859246,0.005681870960430491,0.6666666666666666,close_based,78.27150649757098,109.0
CERT,UP,NEW,83.46215440397607,62.71099001681619,adaptive,True,79.89042658546879,CONFIRMED,0.02474682844300813,0.08194769288968984,0.4679390351176116,1.2432621844967437,0.0,0.22776274434048283,0.0,0.4323898530554353,0.6666666666666666,close_based,78.2404031809919,110.0
MPL.L,UP,NEW,87.91115227947891,71.96481162566818,core,True,66.20942004215748,PARTIAL,-0.008823590872607645,0.2035714081963711,1.1976252958506162,1.2067327201123772,-0.008823590872607645,0.3479999542236327,-0.1780487892813516,0.40416656318638466,0.6666666666666666,close_based,78.21136447752033,111.0
SBH,UP,NEW,81.94399143078368,58.23586191656077,adaptive,True,85.0980422076057,CONFIRMED,0.010588253245634283,0.0880304209424223,0.2857880133873712,2.1867746829366244,0.0,0.09636249020612397,0.0,0.2149929199463272,0.6666666666666666,close_based,78.14858076098571,112.0
BE,UP,NEW,86.48091546129146,72.32674545082057,adaptive,True,68.04691327043012,PARTIAL,0.08269273885341577,0.0868501558564383,0.7662254093520671,0.8046913270430126,0.0,0.3994183613007529,-0.04625041108496786,0.7630535096612596,0.3333333333333333,close_based,78.11988080193888,113.0
K2A-B.ST,DOWN,NEW,84.68614042742678,59.127809965232345,core,True,79.47713240998272,CONFIRMED,-0.026506055659419214,-0.06481486080605126,0.39240579342014137,-1.1726123133412858,-0.12364428528266458,0.0,-0.14406776664517873,0.009999990463256836,0.6666666666666666,close_based,78.01177192975467,114.0
AMC,UP,CONTINUING,86.18701668533313,72.04275652957494,adaptive,True,68.1696679304605,PARTIAL,0.010309268214748757,0.08888889085118179,0.5277870618789886,1.1956498552305876,-0.010101000370632551,0.24576279148566815,-0.010101000370632551,0.709302330416818,0.6666666666666666,close_based,77.95296002771971,115.0
UPST,DOWN,NEW,82.0135944183207,61.87479909686034,not_selected,True,81.82981898761516,CONFIRMED,-0.017808208726856734,-0.04048173667382893,0.5198415028844109,-0.5528450866472367,-0.07751688117027888,0.0,-0.19753780195104576,0.07819548473221216,1.0,close_based,77.93070272481695,116.0
SVRA,DOWN,NEW,84.43138741797577,63.0547388993125,not_selected,True,76.96752457442771,CONFIRMED,-0.0149812586929019,-0.04882458782689103,0.31122419974458837,-1.11373147922774,-0.062388573316006224,0.0,-0.17554856825535148,0.0,0.6666666666666666,close_based,77.9168988611787,117.0
ALIT,DOWN,NEW,82.44401259607818,57.51143503461882,core,True,83.35492320363039,CONFIRMED,-0.023049581681065745,-0.06372132292529253,0.732001673749618,-0.6179992923452772,-0.2613940749723518,0.0,-0.4977210487913504,0.0018182234330610392,1.0,close_based,77.73077026605198,118.0
MBG.DE,DOWN,CONTINUING,81.05397863735251,58.002121079681366,not_selected,True,84.96742249576498,CONFIRMED,-0.047624201753436624,-0.057519286367229916,0.27282347697081766,-1.4967422495764982,-0.08534300632732206,0.0,-0.08742997644715189,0.021239510911202464,0.6666666666666666,close_based,77.61764028334203,119.0
MCD,DOWN,NEW,78.91443713696219,56.08446150818271,not_selected,True,89.66635484923977,CONFIRMED,-0.02573706704263823,-0.03370121190377162,0.1986587492309567,-1.20435103421334,-0.05864045332067824,0.0,-0.0967943452440887,0.0,1.0,close_based,77.57401732488957,120.0
PACB,UP,NEW,81.25525688064889,60.80312304025382,not_selected,True,82.42473723090443,CONFIRMED,0.026315764707210976,0.22834643008534639,1.1023801362694126,1.4705443113035939,0.0,0.40540533574329407,-0.1034483136612886,0.40540533574329407,0.6666666666666666,close_based,77.51567421764653,121.0
PMG.L,DOWN,NEW,82.62097277812764,56.09697649929543,core,True,82.91583109152292,CONFIRMED,-0.024390243902439046,-0.06976744186046502,0.31918870426437507,-1.5517457107783084,-0.13043478260869568,0.0,-0.13043478260869568,0.08108108108108114,0.6666666666666666,close_based,77.40463101637978,122.0
WY,DOWN,CONTINUING,85.00530241383012,68.34527003048402,not_selected,True,70.6440215602691,PARTIAL,-0.015780696095123448,-0.03736799532629875,0.3309449786900485,-0.8016028859900315,-0.08281731335183895,0.0038119504557925232,-0.08281731335183895,0.055209337890135934,0.6666666666666666,close_based,77.3649116810926,123.0
BPOST.BR,DOWN,NEW,84.72175669331145,60.98627309949266,core,True,75.88185968662447,CONFIRMED,-0.0017512909990720082,-0.05940596201846504,0.18288434825538816,-2.3060502284355775,-0.1230769019155099,0.008849549119871458,-0.3173652604847964,0.008849549119871458,0.6666666666666666,close_based,77.32269087254159,124.0
SLM,DOWN,NEW,82.21578189335025,59.68864001921029,not_selected,True,80.92008678650986,CONFIRMED,-0.011471554891236191,-0.023064900482705375,0.28854541526213767,-0.5674827637970501,-0.07717873554195576,0.0,-0.10405846027475718,0.09952901869860042,1.0,close_based,77.32164498647013,125.0
SHEL.L,UP,NEW,80.28178817016675,59.66375732217047,core,True,83.98576241319478,CONFIRMED,0.01287731930213254,0.04844489035402044,0.18584281635193306,1.8506209196172685,0.0,0.06586041089902395,0.0,0.2844614769277882,0.6666666666666666,close_based,77.2693742734759,126.0
BFIT.AS,DOWN,NEW,89.40494546217128,68.41952236350691,not_selected,True,62.739971573961576,PARTIAL,-0.008557536172002722,-0.028742600458448897,0.21575627024743382,-0.9457533760159821,-0.06620618712242154,0.0131167446265128,-0.10038831416305216,0.057366307171655695,0.6666666666666666,close_based,77.20836867597549,127.0
ADAM,DOWN,NEW,83.11760224796637,59.93308548886601,core,True,78.84500951543563,CONFIRMED,0.0,-0.0546245749060319,0.2500026479161744,-1.5511676182102305,-0.14048010772535913,0.0,-0.17660848601521817,0.0,0.6666666666666666,close_based,77.19892107638708,128.0
0JHU.IL,DOWN,NEW,84.08638296160015,58.41236291808778,core,True,77.98586440503031,CONFIRMED,-0.0048571982527841895,-0.07092326812366923,0.3637255847049532,-1.3842998029566294,-0.14576380915977794,0.0,-0.14576380915977794,0.0,0.6666666666666666,close_based,77.12142338592672,129.0
0H7I.IL,DOWN,NEW,86.89429242471627,62.85318301769448,core,True,70.28799648021322,PARTIAL,0.004448063582196626,-0.06651636291489316,0.407504984752854,-1.1588062711668032,-0.220338993197722,0.004448063582196626,-0.28435607007261665,0.004448063582196626,0.6666666666666666,close_based,77.104181759961,130.0
REP.MC,UP,NEW,85.29516145984496,66.98311857439411,adaptive,True,70.16847350344973,PARTIAL,0.011382126226657796,0.06361151247985908,0.26340084755301485,1.7144855217464199,-0.013950555525856112,0.12112475263427602,-0.013950555525856112,0.427981144230557,0.6666666666666666,close_based,77.09474649583623,131.0
BETA,UP,NEW,87.19159688462578,70.27518747003927,adaptive,True,64.75568486540317,PARTIAL,0.030237614448129113,0.14114836443939138,0.7158664749446083,1.3997777761704628,-0.02013146130017862,0.21435850930017009,-0.10874438798664032,0.4569333633941717,0.6666666666666666,close_based,77.0775413959417,132.0
BFF.MI,DOWN,NEW,92.51605641460516,78.93864101190945,not_selected,True,49.480904918836124,UNCONFIRMED,-0.00664451195677096,-0.00796281682618194,0.32471917009957857,-0.17409009622975097,-0.05079367650369082,0.01908656918429319,-0.08730159076717514,0.0565371343265475,0.6666666666666666,close_based,76.89002788533531,133.0
PAH3.DE,DOWN,NEW,83.61063069776802,60.18976276731864,core,True,76.50698227644226,CONFIRMED,-0.006208763856032751,-0.06737066772763223,0.3729971998837908,-1.2822731498516666,-0.14261801503823346,0.0007815731787579328,-0.14261801503823346,0.0007815731787579328,0.6666666666666666,close_based,76.79536258528042,134.0
GCL.L,DOWN,NEW,83.1338065104681,58.132509351432574,core,True,78.47527778075609,CONFIRMED,-0.04140351947985199,-0.05467127835852914,0.4579526283103151,-0.8475277780756099,-0.19410034026197853,0.0,-0.24111111958821607,0.0,0.6666666666666666,close_based,76.7359884597474,135.0
ALL,DOWN,NEW,86.88439560819782,68.06176592294112,core,True,65.49546343654436,PARTIAL,0.001892890513871981,-0.08898048899095756,0.26018843926752483,-2.427851168906686,-0.1349624918286515,0.008597015022259402,-0.16925134902028316,0.008597015022259402,0.3333333333333333,close_based,76.70319001965045,136.0
SHELL.AS,UP,NEW,79.37594052363383,56.81209908172507,adaptive,True,85.14411026788194,CONFIRMED,0.01569186461870209,0.04770078778758036,0.17641770020841901,1.9195466164764934,0.0,0.06693307302439377,0.0,0.27347622368111635,0.6666666666666666,close_based,76.59362315852651,137.0
RVTY,UP,NEW,84.37293808649673,64.12900079719338,adaptive,True,71.76878362148098,PARTIAL,0.002853782555561679,0.05339842331870637,0.4762560029448581,0.795981986222071,0.0,0.24946252323388407,0.0,0.41967302841368803,0.6666666666666666,close_based,76.54290428913134,138.0
NEE,DOWN,NEW,80.8329445501551,61.00881884626487,not_selected,True,79.14591926108173,CONFIRMED,-0.010438721940382423,-0.02450079710025055,0.1235990119973667,-1.407279893768466,-0.052700457219117425,0.0,-0.10648393637798592,0.0,0.6666666666666666,close_based,76.36201182265505,139.0
SAMPO.HE,DOWN,NEW,80.68637356685905,58.19051339664461,not_selected,True,81.06531694543536,CONFIRMED,-0.0059701231531075205,-0.008717816027041136,0.09186684472663872,-0.6736963086584103,-0.053977231219094035,0.0,-0.053977231219094035,0.023490747526806244,1.0,close_based,76.30088454638906,140.0
ECONB.BR,DOWN,NEW,84.9530482386553,59.98670464850161,core,True,72.74275957824398,CONFIRMED,-0.014814800424667651,-0.066666605319194,0.34879752474895714,-1.3569074134478445,-0.13355044180050923,0.00757575004991895,-0.13915852436333176,0.00757575004991895,0.6666666666666666,close_based,76.29669292250117,141.0
APH,UP,NEW,80.01381376400889,59.36999619091743,adaptive,True,80.97483893466593,CONFIRMED,0.012156890762831107,0.08601440570907593,0.3910520255774892,1.5615357140860753,0.0,0.09009082339616059,-0.044686790298068546,0.17094771934465514,0.6666666666666666,close_based,76.17335780058771,142.0
SFM,DOWN,CONTINUING,95.14921570418625,84.12570471905076,not_selected,True,38.80719143880778,FALSE_BREAKOUT_RISK,-0.014992727245335735,-0.0598022056096601,0.42024475003496065,-1.0102530572367003,-0.07327981207890688,0.031002811818417353,-0.10151217072470597,0.10245558245793052,0.3333333333333333,close_based,76.04190622754561,143.0
GRK.HE,UP,CONTINUING,82.58166921344794,56.17118889960262,adaptive,True,78.25388632837998,CONFIRMED,0.007633543884232319,0.04970179001827946,0.25852876753264226,1.3648295681007931,0.0,0.227906959001408,0.0,0.5189873931711868,0.6666666666666666,close_based,76.00123828515848,144.0
SSTK,DOWN,CONTINUING,87.74302153430051,68.0375078033276,core,True,61.40738307790442,PARTIAL,0.009661826846140142,-0.07929518425975235,0.6917039195327915,-0.8138452709300406,-0.29983249995986416,0.009661826846140142,-0.7041755276373532,0.009661826846140142,0.6666666666666666,close_based,75.90122725118711,145.0
PETS,DOWN,NEW,81.76761971318813,55.02520423057222,core,True,80.00360456839775,CONFIRMED,-0.01923075159625831,-0.049689467207783,0.26198024415682286,-1.3465145969021366,-0.1904761994867189,0.0,-0.2536585331814122,0.0,0.6666666666666666,close_based,75.88993207322783,146.0
0AAK.IL,DOWN,CONTINUING,84.04107524033006,59.11124581002188,core,True,73.47063258656942,CONFIRMED,-0.0014073518610503433,-0.05727778824588903,0.3179393110072492,-1.278960933727778,-0.17418855427071456,0.0032992785457715,-0.2762919066595779,0.0032992785457715,0.6666666666666666,close_based,75.88397655814023,147.0
NEOG,UP,CONTINUING,85.18396009208158,66.75624003864284,adaptive,True,66.21667806051883,PARTIAL,0.007320672224507607,0.05846155606783343,0.26892996226534327,1.543286112241537,-0.01573671820874034,0.19031139527744778,-0.01573671820874034,0.5305896083655168,0.6666666666666666,close_based,75.80823147192501,148.0
BMW.DE,DOWN,NEW,84.62077034957366,63.69771449159426,not_selected,True,69.10020074705427,PARTIAL,-0.017958064970371668,-0.06045178492147163,0.31306864283965113,-1.3708338697186517,-0.07284143381593144,0.023925122413555266,-0.07284143381593144,0.037596684349741505,1.0,close_based,75.77998829722196,149.0
CHYM,DOWN,CONTINUING,83.64361988731255,66.07041450306299,adaptive,True,68.66496763741779,PARTIAL,-0.01071292986509187,-0.11704580435181122,0.5881444179397948,-1.4128209923296753,-0.22489142465972733,0.012093787348641083,-0.22489142465972733,0.30761725025513575,0.6666666666666666,close_based,75.63538313549421,150.0
GEM.L,UP,NEW,86.60654212861309,62.3464899104933,core,True,66.14586508923936,PARTIAL,0.0769230769230771,0.09374998370185517,1.0829376340503567,0.6145865089239368,0.0,0.2280702165325974,0.0,0.27272727272727293,0.3333333333333333,close_based,75.61632857317701,151.0
DCH,DOWN,CONTINUING,84.47971861025019,65.23376477437029,not_selected,True,67.50553191514348,PARTIAL,-0.03549382999945916,-0.10586549289683156,0.5907628899703711,-1.2722032061686872,-0.1071428571428571,0.027960539214994196,-0.1071428571428571,0.2278978020899145,1.0,close_based,75.5382718345422,152.0
IMVT,DOWN,NEW,91.65831901296332,76.31453938242706,not_selected,True,47.9121794834559,UNCONFIRMED,0.008152858466859092,-0.030622244226976125,0.3621548168219004,-0.6002857283219113,-0.11988433050279845,0.011503087301280024,-0.11988433050279845,0.2690827231408244,0.3333333333333333,close_based,75.46572122800384,153.0
REAL,DOWN,NEW,87.76210345831751,71.00182194018618,not_selected,True,57.92772584464927,PARTIAL,-0.02008768650816828,-0.0620486865558344,0.45308617292409425,-0.9722255995546033,-0.12521537983121533,0.021115212840675968,-0.13133745736923674,0.25941377047671565,0.6666666666666666,close_based,75.45973387059078,154.0
RMV.L,DOWN,NEW,86.70528630879846,70.66731610207194,adaptive,True,59.82449058962446,PARTIAL,0.020639614945542784,-0.10161127404366399,0.40335623276250804,-1.788415366697439,-0.10161127404366399,0.020639614945542784,-0.11767264909184072,0.05249343231330572,0.6666666666666666,close_based,75.43345355170095,155.0
ERIC,DOWN,NEW,79.88479734167683,58.50483537614713,adaptive,True,78.72639264604875,CONFIRMED,0.002102997224817882,-0.06293022011028115,0.25407662525782915,-1.758368142190071,-0.07565476769151347,0.002102997224817882,-0.18686010957001575,0.02363043001490528,0.6666666666666666,close_based,75.26128353988247,156.0
AQN,DOWN,NEW,85.79852884542188,68.58847697747164,not_selected,True,61.909010518697585,PARTIAL,-0.02061861836027834,-0.03225807496220312,0.20225205830669968,-1.1322980644451424,-0.0625000196067913,0.007067131259962167,-0.06557378715098938,0.04587156123840486,0.3333333333333333,close_based,75.18966297381455,157.0
AVAH,DOWN,NEW,79.48003245863337,55.89850676898647,adaptive,True,80.80912319148213,CONFIRMED,0.0024232417361771397,-0.09217265704825317,0.30658417320007014,-2.1343598551457914,-0.13699584501744633,0.0024232417361771397,-0.13699584501744633,0.44807471287391376,0.6666666666666666,close_based,75.16245454055863,158.0
FSLR,DOWN,NEW,91.89069350251472,78.33077701002988,not_selected,True,44.81520165210389,UNCONFIRMED,-0.03183054458372514,-0.08753479158807376,0.556005852268803,-1.1176777554816362,-0.12665347996497522,0.0960665226818247,-0.3138089552238805,0.0960665226818247,0.6666666666666666,close_based,75.05606264889451,159.0
FOSL,UP,NEW,93.01389088452298,76.92579285251108,adaptive,True,43.49603877127699,UNCONFIRMED,0.05982904450227533,0.1334552188434197,0.779002765766914,1.2162191306800982,-0.032761317183455985,0.3808463530770123,-0.032761317183455985,0.5538846602621899,0.3333333333333333,close_based,74.9409156441468,160.0
TE,DOWN,NEW,92.47525121498688,84.47879128591535,not_selected,True,39.204146823235654,FALSE_BREAKOUT_RISK,-0.04500978729237404,-0.08097925291380281,1.3674490672858364,-0.4204146823235659,-0.1999999687319891,0.31182797766376846,-0.5946843745928171,0.31182797766376846,0.6666666666666666,close_based,74.8946279116472,161.0
CHWY,DOWN,NEW,90.13949397108658,79.34527785230046,not_selected,True,45.36136163670626,UNCONFIRMED,-0.016483490793052336,-0.022268856986834673,0.36930934905060625,-0.4280779837864209,-0.05751316507001225,0.051513842757759054,-0.05751316507001225,0.32895489169560466,1.0,close_based,74.54721104701525,162.0
DYN,DOWN,CONTINUING,79.90247942500838,56.62772691911543,not_selected,True,76.24062760483305,CONFIRMED,-0.02685370965155076,-0.03151172787376655,0.265322191632079,-0.8431675996241257,-0.0933532462994553,0.0,-0.0933532462994553,0.44437843295816837,0.6666666666666666,close_based,74.1489733777772,163.0
HRS.WA,UP,NEW,83.88230755198653,57.72704505280426,core,True,68.55793336290736,PARTIAL,-0.014184383971608927,0.10317460017109381,0.2534615312300358,2.88985470847307,-0.014184383971608927,0.11646584768767965,-0.04137935173497198,0.12096772177782578,0.6666666666666666,close_based,74.05394279542634,164.0
GYC.DE,DOWN,CONTINUING,82.4525073672793,56.18715757786575,core,True,71.93072042786174,PARTIAL,0.0055096364451752144,-0.051948003693320643,0.2572398296492626,-1.433659172491927,-0.22091779296758307,0.0055096364451752144,-0.26633162505819086,0.0055096364451752144,0.6666666666666666,close_based,74.04290132757131,165.0
CAI,UP,CONTINUING,84.02593904517113,65.90206513316112,adaptive,True,62.08620332413973,PARTIAL,-0.008986703173646027,0.0667111417791173,0.5836837663742199,0.8114019130021013,-0.008986703173646027,0.33083639735428605,-0.008986703173646027,1.0793237519035506,0.6666666666666666,close_based,73.8192435464597,166.0
STX,UP,NEW,81.89898771513752,60.9639282976045,adaptive,True,68.43541214072353,PARTIAL,0.012043043961388777,0.06843929698427598,0.5364587861797129,0.9057001619265208,-0.0068138249205026424,0.1888481921981966,-0.07762945436896829,0.2308212867159798,0.6666666666666666,close_based,73.67290315930671,167.0
TWLO,UP,CONTINUING,92.020638520507,77.91790935665999,adaptive,True,39.94319671060638,FALSE_BREAKOUT_RISK,-0.0796236253672502,0.13106952073109035,0.6226922579911303,1.4943196710606377,-0.0796236253672502,0.2209481984070849,-0.0796236253672502,0.5039806982730559,0.6666666666666666,close_based,73.57686014476741,168.0
SIRI,DOWN,NEW,80.503675880772,58.68180888799237,not_selected,True,71.75876141584145,PARTIAL,0.004760200317006857,-0.06571332141732944,0.3485649624241547,-1.338397007939026,-0.07826670768822297,0.004760200317006857,-0.15035408057875643,0.004760200317006857,0.6666666666666666,close_based,73.51582814273691,169.0
G24.DE,DOWN,NEW,89.68600729585462,70.2356961537141,not_selected,True,48.41577904345834,UNCONFIRMED,-0.020676729181170916,-0.033992601656493315,0.363640361107973,-0.663632417992985,-0.038153846153846094,0.08844006515800196,-0.038153846153846094,0.16381233394137484,1.0,close_based,73.41487659170764,170.0
VOLCAR-B.ST,DOWN,CONTINUING,83.97744658918964,66.31806070887502,core,True,60.33213129905588,PARTIAL,0.004403881271360932,-0.05420610507525381,0.3321417071705819,-1.158617429005686,-0.17344034630300742,0.004403881271360932,-0.26967064470127045,0.004403881271360932,0.3333333333333333,close_based,73.35197482608659,171.0
VIK,DOWN,NEW,80.4024122941658,58.30905877668948,not_selected,True,70.36958833459155,PARTIAL,-0.015722007663010906,-0.0363725400438496,0.3639562669511085,-0.709479247985493,-0.09209311864004244,0.0030615681018268948,-0.09209311864004244,0.19530581178359618,0.6666666666666666,close_based,72.97389440279827,172.0
UPS,DOWN,CONTINUING,81.54548867322762,60.69547700598702,not_selected,True,66.62249199445282,PARTIAL,-0.011081168320273393,-0.012165947701975877,0.2153102268309041,-0.40114054014777145,-0.0626419637345309,0.002936123573794802,-0.14509505226748798,0.002936123573794802,0.6666666666666666,close_based,72.89858733614706,173.0
UPBD,DOWN,NEW,86.2169090198768,65.07448415087217,not_selected,True,55.82335214583758,PARTIAL,-0.0032768687980567757,-0.03846151527094899,0.31355959734569355,-0.870806295892688,-0.0641025641025641,0.007730501652684296,-0.19815466535711035,0.045246332013264556,0.3333333333333333,close_based,72.8703569838641,174.0
VALE,DOWN,NEW,77.8637499058643,55.55605202591461,not_selected,True,75.79556950818768,CONFIRMED,-0.01796822557593658,-0.0669730489000121,0.3296887510813612,-1.4421525732145741,-0.09663061337084167,0.00566170722279713,-0.09663061337084167,0.04255318553457288,0.6666666666666666,close_based,72.78175621057139,175.0
MU,UP,CONTINUING,81.94021973377214,63.6263876947744,adaptive,True,61.98231281089481,PARTIAL,0.001619575534739015,0.06544599557275799,0.49121273606339466,0.9458640695574755,-0.012662389112917838,0.1712606679248483,-0.0622404804489719,0.464519660753552,0.6666666666666666,close_based,72.29008124910939,176.0
KCR.HE,UP,NEW,84.04304208599969,59.76350554897383,adaptive,True,60.697413170084715,PARTIAL,-0.0075329493572007244,0.08213557776443992,0.3833465984388611,1.521090208383547,-0.0075329493572007244,0.12446656812032364,-0.0075329493572007244,0.22558146411929658,0.3333333333333333,close_based,72.18344610382002,177.0
HFG.DE,DOWN,NEW,90.52695110098593,72.77618627674296,core,True,40.96596537172222,UNCONFIRMED,0.03632382563203085,-0.10064560457720229,0.5604324899852521,-1.274931279974921,-0.1754874485318454,0.03632382563203085,-0.418753043874989,0.03632382563203085,0.6666666666666666,close_based,72.10850241735822,178.0
MRVL,UP,CONTINUING,81.81752029812819,63.324664585344166,adaptive,True,61.757842456067216,PARTIAL,0.011546592366964203,0.07242580324014836,0.650787680272454,0.790076720833577,-0.001600788739157255,0.26859748092522007,-0.1204651940617606,0.6030600503409322,0.3333333333333333,close_based,72.1010458029531,179.0
CTKB,UP,CONTINUING,87.21727648433861,67.76560427598585,adaptive,True,49.33044158427181,UNCONFIRMED,-0.013961592223343589,0.06603771547865533,0.44478367316525014,1.0540433483588056,-0.013961592223343589,0.2472405813876255,-0.013961592223343589,0.35817314966543456,0.3333333333333333,close_based,71.96089157264802,180.0
KGS,DOWN,NEW,90.27519427136436,74.5060872513784,not_selected,True,39.67963185229565,FALSE_BREAKOUT_RISK,-0.03709727974715993,-0.10496071011982833,0.49141103583535556,-1.516341856110232,-0.10496071011982833,0.08412891209689466,-0.21821043622272496,0.08412891209689466,0.3333333333333333,close_based,71.94270414164654,181.0
0RVI.IL,DOWN,NEW,92.21709575056175,72.21256403196391,core,True,37.531404244722566,FALSE_BREAKOUT_RISK,0.044703825943617215,-0.10151519516501595,0.5751042568555735,-1.253140424472257,-0.18037320827699654,0.044703825943617215,-0.42089847012812087,0.044703825943617215,0.6666666666666666,close_based,71.81048195509042,182.0
RYN,DOWN,NEW,81.70691134302989,60.59208205178013,not_selected,True,62.526207793520264,PARTIAL,-0.001996053577839385,-0.001088006389524998,0.15389299610752422,-0.05019123235826589,-0.048029318390277465,0.0018762439539454778,-0.08665750806313655,0.0018762439539454778,0.6666666666666666,close_based,71.72973441992704,183.0
ANNX,DOWN,NEW,97.10108576804517,88.9713355978682,not_selected,True,17.807063935571794,FALSE_BREAKOUT_RISK,0.02923978401972782,-0.01858732159696097,0.47008866222786166,-0.2807063935571792,-0.057142803620318094,0.08641976641062987,-0.18769227541410005,0.16814164426745215,0.3333333333333333,close_based,71.68692918426777,184.0
TXP.L,UP,NEW,89.90579491452965,70.45698477805949,core,True,41.4181856650607,UNCONFIRMED,-0.006972957301784266,0.11339395696466603,0.44197466134225644,1.821410379374226,-0.03310524789910574,0.11339395696466603,-0.03310524789910574,0.36081483629014754,0.3333333333333333,close_based,71.46975011239493,185.0
CPB,DOWN,CONTINUING,85.91319319120171,70.45740923324406,not_selected,True,46.87523257578836,UNCONFIRMED,0.005514656738169199,-0.0771826231281677,0.36715364404313255,-1.4924059081102528,-0.09437088994393061,0.0233863432940411,-0.09437088994393061,0.09067263346938592,0.3333333333333333,close_based,71.11064821498618,186.0
NVAX,UP,CONTINUING,83.32300985470019,64.97070080474937,adaptive,True,54.81137620968784,UNCONFIRMED,0.0028301633859970643,0.0514342705659967,0.5096153007064368,0.7165151780148472,-0.018467203201668725,0.15167937612544935,-0.018467203201668725,0.452185773928512,0.6666666666666666,close_based,71.09905795120633,187.0
ASX,UP,CONTINUING,85.50145163438984,69.24470231239918,adaptive,True,48.217982579215494,UNCONFIRMED,0.01862072122508085,0.06437665713221463,0.5072369728103574,0.9010165903008571,-0.01969025165101701,0.19918810442173474,-0.01969025165101701,0.4238431933918463,0.3333333333333333,close_based,71.0650610534394,188.0
TSHA,DOWN,NEW,88.34453369084949,71.94155758255677,not_selected,True,40.75514346788984,UNCONFIRMED,-0.009966767935156495,-0.024549933238897204,0.5790677410938164,-0.30097901175445596,-0.10778440249911214,0.031141837682492346,-0.1412103762238276,0.11194027792666583,0.6666666666666666,close_based,70.78712140230304,189.0
SBSW,DOWN,NEW,80.25617599497711,58.98667788275378,not_selected,True,62.78572060460258,PARTIAL,-0.04545452314811327,-0.025120662780731995,0.4951967468949104,-0.3601376935055443,-0.11502944239727952,0.0009321786633746942,-0.11502944239727952,0.45135165283814205,0.3333333333333333,close_based,70.76113975542009,190.0
OSG,DOWN,NEW,82.1296735025322,57.277290892258,core,True,60.03085196509461,PARTIAL,0.012077341146705889,-0.06888887617323136,0.5271159361748594,-0.9278082326246581,-0.16367268147698066,0.012077341146705889,-0.34735202376520713,0.012077341146705889,0.6666666666666666,close_based,70.52955051924607,191.0
PENN,DOWN,CONTINUING,80.56120425972044,57.73759079902962,not_selected,True,61.733491994547926,PARTIAL,-0.006465459878108537,-0.02175065459495451,0.3432485305489807,-0.4498615893711372,-0.13018868535640338,0.0082011815758265,-0.1640978703319349,0.10419159830097513,0.6666666666666666,close_based,70.34816788803053,192.0
RGNX,DOWN,CONTINUING,90.59992608156509,74.0405355329392,not_selected,True,33.90539931583661,FALSE_BREAKOUT_RISK,-0.03074142311828898,-0.004180220609268925,0.6616928112931415,-0.04484954627884485,-0.10815308995227191,0.11666665010982147,-0.3150159406818217,0.7631579607807706,0.6666666666666666,close_based,70.27968994212137,193.0
AHRT,DOWN,NEW,81.56232120126734,56.65902432753768,not_selected,True,60.26378880290587,PARTIAL,-0.01914579714040965,-0.011869402646120908,0.22533665252222004,-0.37394892795042667,-0.06591866856902173,0.0,-0.07242337615193861,0.0302712055244303,0.3333333333333333,close_based,70.19210210701297,194.0
GEX.L,DOWN,NEW,84.76938480365882,66.7627847075358,adaptive,True,48.15078169677417,UNCONFIRMED,-0.02393611031130971,-0.202173896457838,0.9068003020243592,-1.5828096644889214,-0.2915057663421301,0.054597746193496555,-0.41185897651430337,0.8061024268758943,0.6666666666666666,close_based,70.18248385236882,195.0
PAR,DOWN,CONTINUING,87.3494159647706,67.451288931675,not_selected,True,43.20343164992988,UNCONFIRMED,0.005000008477105133,-0.08497725170846138,0.4295830665702519,-1.404335244970131,-0.08497725170846138,0.026674193585052075,-0.08497725170846138,0.23145001152654054,0.3333333333333333,close_based,70.12599526369927,196.0
SUMMAS.ST,DOWN,NEW,90.44235522350162,68.94622429523321,core,True,36.16032029778661,FALSE_BREAKOUT_RISK,-0.028625882649278234,-0.11785092384513884,2.7377512296013253,-0.3056006522906909,-0.46477391902372633,0.3437170034486352,-0.6201492315306374,0.3437170034486352,0.6666666666666666,close_based,69.85851856013343,197.0
DT,UP,CONTINUING,79.93826429461235,58.63646441534082,adaptive,True,60.48212313558346,PARTIAL,-0.012440346599179253,0.05096121516857588,0.35794143371712206,1.0107484176395178,-0.012440346599179253,0.1523165581221344,-0.012440346599179253,0.4255842210989067,0.6666666666666666,close_based,69.84106197104937,198.0
INTC,UP,CONTINUING,88.52029475307947,77.02324670211802,adaptive,True,33.23195264410561,FALSE_BREAKOUT_RISK,-0.034461099071212975,0.13259670099636667,0.7032604080659206,1.3385414331416963,-0.034461099071212975,0.38248846029439165,-0.11910051064432459,0.5021983894224609,0.3333333333333333,close_based,69.63438251019502,199.0
FLUT,DOWN,CONTINUING,87.3078962476545,70.69090476100097,not_selected,True,38.91452209745589,FALSE_BREAKOUT_RISK,-0.03174286579645269,-0.04957865647300996,0.6652669857407665,-0.5290711131380434,-0.05467303944042279,0.0442458890877071,-0.14113690540848,0.0442458890877071,0.6666666666666666,close_based,69.4664857052642,200.0
CLBT,DOWN,NEW,87.40260763436532,70.34833625997335,not_selected,True,38.93364938359025,FALSE_BREAKOUT_RISK,-0.04865880556669733,-0.024936082785270375,0.45003661745061097,-0.39336493835902503,-0.04865880556669733,0.08463723647710553,-0.0818784202514714,0.26033053877868206,0.6666666666666666,close_based,69.4510658842544,201.0
INNV,DOWN,NEW,94.9328923803567,78.94162983482379,not_selected,True,20.46711092373114,FALSE_BREAKOUT_RISK,0.048479016446348666,0.018467203201668836,0.2892286460317664,0.4532889076268858,-0.006306364512869145,0.05752630970659389,-0.08918249003504808,0.3257211703785079,0.6666666666666666,close_based,69.39490543426245,202.0
GSHD,DOWN,NEW,92.69354578054558,75.59042850479489,not_selected,True,26.375733681240103,FALSE_BREAKOUT_RISK,-0.009347377311255456,-0.04765727270935449,0.5217562767522611,-0.6484504129364197,-0.18698632227231382,0.052304909014738055,-0.18698632227231382,0.6894391309309826,0.3333333333333333,close_based,69.3775786956038,203.0
RDW,UP,NEW,78.49835288297139,56.43215610402898,adaptive,True,62.560722756016915,PARTIAL,0.0017240951234194224,0.08193669769038547,0.621683760587594,0.9356732244224065,-0.011904790867173776,0.13255356981853228,-0.14495954708680925,0.49357320979369557,0.6666666666666666,close_based,69.30382448909657,204.0
VISN,DOWN,NEW,78.74881566659317,56.26800465009794,adaptive,True,62.215293468754794,PARTIAL,-0.020472459274539223,-0.05327250720318033,0.4411918976124519,-0.8572172006747265,-0.07578012294746583,0.026402615333808388,-0.15288830591883307,0.08027705967000753,1.0,close_based,69.29259680394262,205.0
NVO,DOWN,CONTINUING,92.446639240857,83.84856880154884,not_selected,True,20.201546460352972,FALSE_BREAKOUT_RISK,0.0011577460835316966,0.0039471090050415825,0.3327381414853245,0.08421545548885095,-0.1113850839692011,0.03668191387143227,-0.15147188108411747,0.03668191387143227,0.3333333333333333,close_based,69.05349731884415,206.0
DEI,DOWN,NEW,79.68064284358763,55.09404368955291,not_selected,True,60.567908334732145,PARTIAL,0.012411378247956462,-0.028911577038312597,0.20195802134766552,-1.0163094009686802,-0.06085524509900797,0.012411378247956462,-0.10431371950635726,0.012411378247956462,0.6666666666666666,close_based,69.02950266012405,207.0
CGEM,DOWN,NEW,97.27808887475116,85.10529014852652,not_selected,True,11.19860484866481,FALSE_BREAKOUT_RISK,0.012808370908011124,0.046568665720783775,0.3280860571703075,1.0076768668787675,-0.06971678990326957,0.046568665720783775,-0.06971678990326957,0.313846177321214,0.3333333333333333,close_based,69.01968392168033,208.0
CHAR.L,UP,NEW,84.60060398360372,68.53135135181701,core,True,43.17854457416212,UNCONFIRMED,0.05499998728434252,0.18539321026767897,1.6092853879947224,0.817854457416212,-0.04090908861028908,0.37608696846520306,-0.04090908861028908,1.1530611566350024,0.6666666666666666,close_based,68.9601356344139,209.0
LUMN,DOWN,NEW,85.69940174858681,70.72374727601473,not_selected,True,39.8326248592368,FALSE_BREAKOUT_RISK,0.00937499091960503,-0.08108110307964222,0.4406890090209794,-1.3061790012504304,-0.08108110307964222,0.13932979739382856,-0.22355765924298432,0.13932979739382856,0.6666666666666666,close_based,68.94423778726738,210.0
GWMO.L,DOWN,NEW,89.36370456967104,75.95087970246183,adaptive,True,29.69407765605284,FALSE_BREAKOUT_RISK,0.03787878842612158,-0.1329114149442333,0.7349868776459462,-1.2838017528909222,-0.14375001192092896,0.03787878842612158,-0.16463413854073627,0.2232142895156024,0.3333333333333333,close_based,68.78025152214374,211.0
DQ,DOWN,NEW,81.46575633771324,56.38650943119378,core,True,55.68107401253729,PARTIAL,0.0017467648992874896,-0.049709978704696955,0.3939693213514944,-0.895769850376106,-0.1615497067869821,0.01865009181867716,-0.23431237533158966,0.01865009181867716,0.6666666666666666,close_based,68.71450225885657,212.0
FMC,DOWN,CONTINUING,81.44461211906624,60.053074380669926,not_selected,True,52.31668166294916,UNCONFIRMED,-0.017087065809503033,-0.09377344389755038,0.5978403932905447,-1.1135504028031984,-0.09377344389755038,0.1936758952876898,-0.09377344389755038,0.20679317157772403,1.0,close_based,68.42792543455185,213.0
POLB.L,DOWN,NEW,85.61306842404832,65.51806925276644,adaptive,True,40.83440299978327,UNCONFIRMED,0.07042253615718552,-0.15555556615193677,0.6974275999462821,-1.583440299978327,-0.160221022711885,0.07042253615718552,-0.160221022711885,0.2561982917407868,0.6666666666666666,close_based,68.16046896251243,214.0
NET,UP,CONTINUING,87.29332660998132,71.00470289023957,adaptive,True,34.298421475727004,FALSE_BREAKOUT_RISK,-0.02731179452234911,0.07855371579327075,0.6804046067135807,0.8196241682782474,-0.02731179452234911,0.27968028712528303,-0.02731179452234911,0.4397920207128254,0.3333333333333333,close_based,68.13713032575667,215.0
PTEN,DOWN,CONTINUING,80.22365888446606,59.395008285010746,not_selected,True,53.77340382110647,UNCONFIRMED,-0.02078138034490662,-0.08326853048514482,0.42651868766254386,-1.3859836411050854,-0.10418250382521321,0.030723804930394838,-0.10418250382521321,0.3871423277333572,0.6666666666666666,close_based,68.12285224556712,216.0
ARM,UP,CONTINUING,88.39985324814582,74.07387399208358,adaptive,True,30.35905532122081,FALSE_BREAKOUT_RISK,0.012992136299232016,0.12593891302008098,0.9067387501526283,0.9860365938015481,-0.06866747912540949,0.32152285855164053,-0.12479904979537038,0.3798746416756076,0.3333333333333333,close_based,68.12241801885587,217.0
CLNX.MC,DOWN,NEW,84.31901135136273,62.82319071437801,not_selected,True,44.137691523399454,UNCONFIRMED,0.01415458484593235,-0.018148139671043118,0.26784936903647893,-0.4810129331793375,-0.040882749121543105,0.024739055619891648,-0.07197224131102076,0.09590738501877416,0.6666666666666666,close_based,67.96545127557681,218.0
HRL,DOWN,NEW,80.24115089081054,58.49900269118324,not_selected,True,52.931151994206196,UNCONFIRMED,0.008794011691855896,0.0029142253742795443,0.1666108817452506,0.12417524934439109,-0.06627903624184295,0.008794011691855896,-0.08039083741450725,0.16701003722483665,0.6666666666666666,close_based,67.69972158190377,219.0
ETSY,DOWN,NEW,83.91134016708509,64.3314578197199,not_selected,True,41.848656157327454,UNCONFIRMED,-0.010531096522855998,-0.025085632748517384,0.43503882823013296,-0.4093665074086438,-0.07090197478854587,0.03123831429017332,-0.07090197478854587,0.2093837759774262,0.6666666666666666,close_based,67.37655849468476,220.0
CXW,DOWN,NEW,79.547012315335,55.22734207854811,adaptive,True,53.64426391560691,UNCONFIRMED,-0.06490103325447849,-0.08799314545561054,0.5207861076172672,-1.199512340134523,-0.09594822058438068,0.02097241084084378,-0.09594822058438068,0.09658709572507829,0.3333333333333333,close_based,66.9122537480592,221.0
ALKS,DOWN,NEW,85.90607462045519,66.09483880984939,not_selected,True,35.75068213831549,FALSE_BREAKOUT_RISK,0.0008690183920956329,0.014757668423500014,0.23154124117969482,0.4524854925772724,-0.08190515315576108,0.014757668423500014,-0.16570085700121973,0.03504833592717338,0.3333333333333333,close_based,66.89720971369212,222.0
VIRT,DOWN,NEW,87.80350420716218,68.40183827779168,not_selected,True,30.51566382954023,FALSE_BREAKOUT_RISK,0.023927283556390844,-0.03899825230078702,0.5019525028568743,-0.5515663829540228,-0.05158897037886567,0.16967242891905587,-0.05158897037886567,0.23467922451657008,0.6666666666666666,close_based,66.7368189080015,223.0
AMRX,UP,CONTINUING,82.57951288848159,60.6216889144553,adaptive,True,44.1815691125216,UNCONFIRMED,-0.0017672227656044814,0.056654271788324495,0.4984063313103761,0.8069829877287348,-0.019345207966283806,0.1873874420850472,-0.019345207966283806,0.1873874420850472,0.3333333333333333,close_based,66.66856496088833,224.0
COMP,DOWN,NEW,87.81212591740812,75.02273827595002,not_selected,True,25.681269504170572,FALSE_BREAKOUT_RISK,0.014520776344445485,0.03455078221533925,0.45917271769523876,0.5341916266639702,-0.12080541315779325,0.03455078221533925,-0.2149813301291782,0.07157462457848918,0.6666666666666666,close_based,66.61499146514524,225.0
CART,DOWN,CONTINUING,80.64039539380155,58.5953494304275,not_selected,True,48.476366851217925,UNCONFIRMED,0.0008544563054189158,0.004502553328061598,0.412545320767148,0.07748229358250228,-0.09521051412513626,0.004502553328061598,-0.09521051412513626,0.10992654561215809,0.3333333333333333,close_based,66.58217763835165,226.0
BFLY,UP,NEW,86.33759639351524,70.3902323734913,adaptive,True,30.85374942279439,FALSE_BREAKOUT_RISK,-0.0021253458462973107,0.19162439174519852,1.0566494954230323,1.2874640397177277,-0.05438065913971468,0.31882029413620216,-0.05438065913971468,0.42705174045564753,0.3333333333333333,close_based,66.50296949829419,227.0
ROIV,DOWN,NEW,79.87823448799091,58.55476309662491,adaptive,True,49.170737524575195,UNCONFIRMED,-0.009133734328779619,-0.09982401747566805,0.7607852523625793,-0.9315115136445261,-0.14374556179923415,0.04739610641956182,-0.14374556179923415,0.08913904473339063,1.0,close_based,66.40129112069299,228.0
EIX,DOWN,NEW,80.12220837644156,58.44522131509067,not_selected,True,48.815468840864526,UNCONFIRMED,-0.04763846527812654,-0.01983514794781105,0.3690649490160555,-0.3815468840864533,-0.06164750849966394,0.043730398114110836,-0.1270216401262504,0.043730398114110836,1.0,close_based,66.39478910349827,229.0
KGC,DOWN,NEW,88.13810406952076,74.79952517006659,not_selected,True,24.434502016403687,FALSE_BREAKOUT_RISK,0.0026533971714177707,0.02718312024345626,0.5582974483368598,0.3456598455026685,-0.09707288065819708,0.12739270556235782,-0.09707288065819708,0.3435638495687712,0.6666666666666666,close_based,66.35930767369481,230.0
ASM,DOWN,NEW,83.27365500456276,63.61110553548625,not_selected,True,39.620222174789255,FALSE_BREAKOUT_RISK,-0.0326087287502157,-0.05066668192545576,0.6146472464663224,-0.5852100716419975,-0.07891334178644915,0.04245973134589276,-0.07891334178644915,0.3510436264379875,0.6666666666666666,close_based,66.2451152618154,231.0
CMG,DOWN,CONTINUING,84.11558578085568,67.52462566309833,not_selected,True,35.462294251288405,FALSE_BREAKOUT_RISK,-0.059411207690133305,-0.05762979724511974,0.3910528266902797,-1.0462294251288404,-0.09579435573358797,0.044064783987053824,-0.09579435573358797,0.14047153853705985,0.3333333333333333,close_based,66.20140629843402,232.0
INTU,DOWN,CONTINUING,86.26008041334086,69.27688800131637,not_selected,True,30.482475281492015,FALSE_BREAKOUT_RISK,-0.039994421389926704,-0.03505287047171968,0.4538251173186487,-0.5483405049837564,-0.067555200705125,0.07151063574226368,-0.067555200705125,0.3582856037600495,0.3333333333333333,close_based,66.13016039138131,233.0
APLD,DOWN,NEW,79.18873197082787,57.9175114368628,adaptive,True,49.69107274219155,UNCONFIRMED,-0.029933462007707967,-0.06650073909757315,0.7412797678510827,-0.636882907424022,-0.08023829159309714,0.1208368878944035,-0.3050039798290688,0.13049098950243576,1.0,close_based,66.08519009544396,234.0
VOYG,DOWN,NEW,84.92912326094259,63.6831829098706,not_selected,True,35.93325222867513,FALSE_BREAKOUT_RISK,-0.039563389765352786,-0.015384611280583993,1.085662711084591,-0.10060206011163358,-0.046070396501092015,0.8673740102256482,-0.18408342080413698,0.8673740102256482,0.6666666666666666,close_based,65.98117388104795,235.0
HTZ,DOWN,CONTINUING,80.96282850414723,61.32157981386636,not_selected,True,43.472699853966425,UNCONFIRMED,-0.035714251502436234,0.01886802001456611,1.6475795302193286,0.0813008729772945,-0.2285713847802603,0.43046364203486953,-0.6065573450122832,0.43046364203486953,1.0,close_based,65.78754017103681,236.0
STLA,DOWN,CONTINUING,81.12921696977463,61.959443961650464,core,True,42.25365816800824,UNCONFIRMED,0.029082801016271143,-0.045643207301583555,0.4207635870815305,-0.7701109057245498,-0.17266187914150444,0.029082801016271143,-0.23460903004185063,0.029082801016271143,0.6666666666666666,close_based,65.63259472761987,237.0
CAG,DOWN,NEW,78.87034515844348,57.10378075136051,not_selected,True,49.17805843756804,UNCONFIRMED,-0.017845370503729807,0.004732907032100497,0.21714666988002215,0.15473553772684862,-0.10857830901816623,0.017808169069468693,-0.10857830901816623,0.1241353457935066,0.6666666666666666,close_based,65.60934626076426,238.0
OKTA,UP,NEW,84.55212763704691,66.43895358243167,core,True,32.730309091173666,FALSE_BREAKOUT_RISK,-0.05541036092751639,0.07029669171170871,0.6455847988732123,0.7730309091173665,-0.05541036092751639,0.19638375570673117,-0.05541036092751639,0.4944491350529583,0.6666666666666666,close_based,65.38294726236188,239.0
CPRT,DOWN,CONTINUING,83.64542173750877,66.28602522702892,not_selected,True,34.26718492642237,FALSE_BREAKOUT_RISK,0.059432345040186796,-0.059015468755232225,0.4520987432947623,-0.926718492642237,-0.07573557093336403,0.059432345040186796,-0.07573557093336403,0.16783214770474064,0.6666666666666666,close_based,65.36007139208688,240.0
MBGL,DOWN,NEW,88.3379178967615,73.35027553174287,not_selected,True,21.304217372347544,FALSE_BREAKOUT_RISK,0.028426367728669355,0.02219982547086108,0.42644046543373215,0.36957826276524536,-0.056357667590609895,0.06631580152009664,-0.11913042483122449,0.06631580152009664,0.6666666666666666,close_based,65.23027926643358,241.0
OBE,DOWN,NEW,81.17002581236736,55.98754111149886,not_selected,True,44.63861810124663,UNCONFIRMED,-0.056280629785970926,-0.07365893459993089,0.5425327107108182,-0.9638618101246634,-0.1079414451334707,0.050862802388811135,-0.1079414451334707,0.47013975388416296,0.6666666666666666,close_based,65.17410655885743,242.0
CMPS,DOWN,NEW,89.97273960386187,75.16434762228931,not_selected,True,16.84819640481959,FALSE_BREAKOUT_RISK,-0.011849858885705333,0.032324640183073905,0.663221557166157,0.3460113409464635,-0.011849858885705333,0.1345427625271578,-0.011849858885705333,0.3834101107053234,0.3333333333333333,close_based,65.07369824783467,243.0
PCG,DOWN,CONTINUING,83.78069236081646,67.50561869622486,not_selected,True,30.950409923243633,FALSE_BREAKOUT_RISK,-0.014818801349632427,-0.0005566994455944441,0.2683508656107899,-0.01472763649715597,-0.022331145630842042,0.055882397819967844,-0.022331145630842042,0.11468803678067685,0.6666666666666666,close_based,64.67659289662629,244.0
FTK.DE,DOWN,NEW,95.26423019142872,79.96529710906977,not_selected,True,3.333325399570465,FALSE_BREAKOUT_RISK,4.7602577213368136e-08,0.03523190188858871,0.277413692118992,0.9016198482106251,-0.056714847713676964,0.0425783654101024,-0.10188483170003848,0.12987226408644537,0.0,close_based,64.62517213739946,245.0
LAR,DOWN,NEW,80.91499082803527,57.56621828874222,not_selected,True,42.119053378150795,UNCONFIRMED,-0.032258102857967486,-0.07042253615718541,0.5945159228038903,-0.8409369568489548,-0.07042253615718541,0.1934899917230386,-0.39226518293906454,0.1934899917230386,0.6666666666666666,close_based,64.60645508521132,246.0
NNBR,UP,NEW,80.42218758371463,55.62588185954745,adaptive,True,42.34888206026432,UNCONFIRMED,0.01944449264326331,0.10876137152198795,0.7166064751608384,1.0774799953053773,-0.04922275232268192,0.12576689786199235,-0.10705597151507174,0.21523182101743465,0.6666666666666666,close_based,64.0409347818461,247.0
KURA,DOWN,NEW,86.70404988080276,68.08702239519397,not_selected,True,23.486589580587765,FALSE_BREAKOUT_RISK,-0.011082622833744504,0.003460204186943594,0.553512489376598,0.0443802322700886,-0.14643118092527885,0.035714337412192876,-0.14643118092527885,0.2989921595799305,0.3333333333333333,close_based,64.01540629361651,248.0
KREF,DOWN,NEW,85.53041869528431,63.46241118134697,not_selected,True,28.47592872441167,FALSE_BREAKOUT_RISK,-0.0026281183410804543,0.001319291422491986,0.3170368499420885,0.029542433243506975,-0.02692308115535924,0.06153846872051649,-0.02692308115535924,0.15775220670960755,0.6666666666666666,close_based,64.00047020123505,249.0
SNDA.L,DOWN,NEW,87.64386863423952,69.05644355608793,not_selected,True,20.0,FALSE_BREAKOUT_RISK,-0.04838705211722627,0.3720929845724332,2.896044294111428,0.912140102803609,-0.04838705211722627,1.107142927087084,-0.04838705211722627,1.809523982525961,0.3333333333333333,close_based,63.63322302833735,250.0
GIS,DOWN,NEW,86.21229187575969,71.51157749312105,not_selected,True,20.48610423004007,FALSE_BREAKOUT_RISK,0.00628757601758978,-0.007549171694391066,0.32844686372861553,-0.1631734334132189,-0.11407937306390337,0.026778324687040556,-0.11407937306390337,0.12319068569131852,0.0,close_based,63.554292705516076,251.0
AESI,DOWN,NEW,80.5828242594186,58.163972621039335,not_selected,True,37.63044683742904,FALSE_BREAKOUT_RISK,-0.00440208504130013,-0.06927299274121712,0.5742901025189785,-0.8563432663879021,-0.06927299274121712,0.1403361453636922,-0.20176472383386945,0.33300582397083733,0.6666666666666666,close_based,63.21334070514588,252.0
BORR,DOWN,NEW,79.75295594198668,57.7644932520512,not_selected,True,38.764335783231004,FALSE_BREAKOUT_RISK,0.016278998074243267,-0.09147610446044985,0.49407149952255736,-1.3144168795604882,-0.09147610446044985,0.08168315020347028,-0.09147610446044985,0.135064933456444,0.6666666666666666,close_based,63.05867735637288,253.0
SRPT,DOWN,NEW,81.51454473649186,59.453552331294695,not_selected,True,34.43990871140192,FALSE_BREAKOUT_RISK,-0.027092378513565496,-0.016625923711653612,0.7417917934181609,-0.15911789591410008,-0.13356305887125064,0.10921133707880659,-0.13356305887125064,0.3532975151392592,0.6666666666666666,close_based,62.97995544792544,254.0
PNR,DOWN,NEW,79.66128870984694,55.91279045344935,not_selected,True,38.218347520592786,FALSE_BREAKOUT_RISK,-0.010617602143121574,-0.03962833142293909,0.3466653091682833,-0.8115413830072525,-0.05350497542385435,0.09833144885294187,-0.13387578352677587,0.09833144885294187,0.6666666666666666,close_based,62.47870670179118,255.0
NMRK,DOWN,NEW,85.90418952426211,66.69486091067657,not_selected,True,20.607225650340407,FALSE_BREAKOUT_RISK,0.02246061273910671,-0.036639287839634216,0.4638891963452228,-0.5607225650340408,-0.07125457191581319,0.07893161723920006,-0.07125457191581319,0.07893161723920006,0.3333333333333333,close_based,62.47323463936849,256.0
USAS,DOWN,NEW,83.5063297957991,64.41797232176843,not_selected,True,25.44489756110314,FALSE_BREAKOUT_RISK,-0.03249094396715779,-0.014705868173635728,0.6154260942908067,-0.16964068999101722,-0.06620203009689929,0.08282835152475188,-0.08843536918467498,0.46448087645273284,0.3333333333333333,close_based,62.27022863058418,257.0
LSCC,UP,NEW,82.14386662662464,58.91380617640189,not_selected,True,31.290095691852255,FALSE_BREAKOUT_RISK,0.015806385999029615,0.003306990222311512,0.7282839026158596,0.03223646920139826,-0.05552738650413014,0.15492216511358015,-0.15978615879380198,0.15492216511358015,0.6666666666666666,close_based,62.241723256148376,258.0
FIGR,DOWN,NEW,83.88976261078162,65.21617749432451,not_selected,True,23.964895945278634,FALSE_BREAKOUT_RISK,-0.003789375671671813,0.13115721272641845,0.9453438483944361,0.9849578469501491,-0.07340788776296281,0.24250321227845095,-0.07340788776296281,0.53030907930114,0.6666666666666666,close_based,62.1775855878393,259.0
ARQT,UP,NEW,79.98765056654395,55.996949492143706,not_selected,True,36.578061021699234,FALSE_BREAKOUT_RISK,0.036313950918059446,0.011818580964587655,0.382701625902852,0.2192402535355999,-0.06615056846304412,0.04942664906083638,-0.07783181784834248,0.3610256879757612,0.6666666666666666,close_based,62.166633488210486,260.0
WRBY,UP,REVERSAL,81.43404488468667,59.59416873636095,not_selected,True,31.667594473703947,FALSE_BREAKOUT_RISK,-0.03649126019394189,0.06105100366855076,0.6500382288681296,0.6667594473703949,-0.08221928427635217,0.1180781629312222,-0.09492422721262184,0.20862675679448905,0.6666666666666666,close_based,62.13613453172671,261.0
NBIS,UP,CONTINUING,80.22822973559474,59.89846963765099,adaptive,True,33.14762830444518,FALSE_BREAKOUT_RISK,-0.025258723527194382,0.06168922322222037,0.6587769661631612,0.6647925809531847,-0.026857482862956195,0.18938563604506298,-0.14531112038683736,0.6012009167215202,0.3333333333333333,close_based,62.03809728666112,262.0
NAVN,DOWN,NEW,85.62739111489708,68.86477064975028,not_selected,True,17.77818326818036,FALSE_BREAKOUT_RISK,0.004906360837521717,-0.12977979073828616,0.8977717182860209,-1.0262576741100649,-0.2632439260021081,0.11204345666924787,-0.2632439260021081,0.11204345666924787,0.0,close_based,61.920104667852705,263.0
EWTX,DOWN,NEW,88.76623583192378,70.80122581229142,not_selected,True,10.0,FALSE_BREAKOUT_RISK,0.033010564377929486,0.09417242324322528,0.40265942438692653,1.6603557315158204,0.0,0.12377299766067829,-0.029162355572085463,0.2860273596358627,0.3333333333333333,close_based,61.54336307842017,264.0
NPKI,DOWN,NEW,89.37141775967706,70.72477440381407,not_selected,True,8.908435659519025,FALSE_BREAKOUT_RISK,0.028072828299843255,-0.018115941778598432,0.3290585786581375,-0.39084356595190256,-0.05377091623595931,0.0848679294668877,-0.14833436073609507,0.12448132583046245,0.0,close_based,61.503194458457045,265.0
RYAN,DOWN,NEW,82.08837712993467,59.86191895595416,not_selected,True,27.047647451192073,FALSE_BREAKOUT_RISK,-0.005214777305327045,0.009322316940899134,0.3071348196620554,0.21548154330290956,-0.09652681020676712,0.050891985723104716,-0.1354763454999568,0.1643889643108838,0.6666666666666666,close_based,61.1308665915158,266.0
FLR,DOWN,NEW,83.09777083282228,61.993333442848005,not_selected,True,23.85802863800068,FALSE_BREAKOUT_RISK,-0.0029143869392551647,0.022986421145870573,0.3289381624819265,0.4961035851875181,-0.047999970809273096,0.06788926006405505,-0.047999970809273096,0.16890880927035745,0.6666666666666666,close_based,61.10496069638094,267.0
CRWD,UP,CONTINUING,82.87407937940804,65.09199279221362,core,True,21.330695814103407,FALSE_BREAKOUT_RISK,-0.029036885874464846,0.06092998677978234,0.7374903269710362,0.5865297207943783,-0.039468115878674714,0.239455349288777,-0.039468115878674714,0.4055635969434106,0.3333333333333333,close_based,60.85464699237777,268.0
DFTX,DOWN,NEW,87.82718959614095,70.11938521685859,not_selected,True,8.066056244640915,FALSE_BREAKOUT_RISK,0.003360937618654525,-0.002057033109100881,0.4986181105083961,-0.029287918108333567,-0.13582717646062514,0.05404675977622375,-0.19896799252524056,0.07269212398925817,0.0,close_based,60.35728871483447,269.0
BHVN,DOWN,NEW,81.03354398522853,58.825565217022486,not_selected,True,26.86806195371415,FALSE_BREAKOUT_RISK,-0.019438477400288035,0.0715971553643504,1.080313448029837,0.47050176130005217,-0.1964602199110984,0.13311142819150024,-0.1964602199110984,0.13311142819150024,0.6666666666666666,close_based,60.34230362213301,270.0
DC,UP,NEW,81.53162786014693,57.35633077792208,adaptive,True,26.544293950478398,FALSE_BREAKOUT_RISK,-0.01636899704041639,0.08183305876826652,0.5310817733493705,1.0939126790547797,-0.0420289793978017,0.16373245304266182,-0.0420289793978017,0.5889423980691761,0.3333333333333333,close_based,60.2003682708014,271.0
NXH,DOWN,NEW,84.38525393502316,64.72477914292404,not_selected,True,14.634552839812434,FALSE_BREAKOUT_RISK,0.03403143168299616,0.0025380565061705607,0.49305113582429205,0.036544716018756564,-0.14870687205605715,0.07046068800751981,-0.41044774441072107,0.07046068800751981,0.3333333333333333,close_based,59.527948648040116,272.0
GFR,DOWN,NEW,80.4487004832329,55.97595267925591,not_selected,True,26.50161060074267,FALSE_BREAKOUT_RISK,-0.027027001871263723,-0.021148016451026264,0.40978483383819164,-0.36637769555320454,-0.06493503902048703,0.06930694393724757,-0.08732392871647054,0.18899087079917387,0.3333333333333333,close_based,59.370023957690435,273.0
SQN.SW,DOWN,NEW,87.99247183272543,67.1472751300745,not_selected,True,6.08506644852755,FALSE_BREAKOUT_RISK,0.025362307394313,-0.004022117956810511,0.2631562787162276,-0.10850664485275502,-0.06556609655538248,0.05204458556595948,-0.10280799210177982,0.0766304280784944,0.0,close_based,59.25121087693588,274.0
GAP,UP,NEW,78.82403371922697,56.49741316592052,not_selected,True,28.350429986400517,FALSE_BREAKOUT_RISK,-0.002229208369544322,0.0031375928507340056,0.5731575119402774,0.038863138132457065,-0.04684839876129565,0.1389312771111657,-0.04684839876129565,0.2196184575214759,0.6666666666666666,close_based,59.216628488717745,275.0
Z,DOWN,CONTINUING,79.10940534802683,55.7767660352912,not_selected,True,28.2318332634992,FALSE_BREAKOUT_RISK,-0.015239033140681757,-0.05641026169029706,0.5442201053977074,-0.7358661073385573,-0.05641026169029706,0.051112472902286266,-0.05641026169029706,0.1887112977169536,0.3333333333333333,close_based,59.17960586012141,276.0
TRAX,DOWN,NEW,81.75628032376346,56.69743095323253,not_selected,True,22.26974803975189,FALSE_BREAKOUT_RISK,0.09982999254665392,0.024666218295129827,0.6413795540016538,0.27302519602481096,-0.05509180906770772,0.09982999254665392,-0.05509180906770772,1.8749205574156744,0.6666666666666666,close_based,58.8985507644538,277.0
DNN,DOWN,NEW,85.3632234711346,70.42924726527316,not_selected,True,6.835908698449593,FALSE_BREAKOUT_RISK,0.002932548449136041,0.008849548808677277,0.6228576087042613,0.10086665600277331,-0.08064514785188381,0.08917196243161118,-0.08064514785188381,0.2713754660019545,0.0,close_based,58.81823379815681,278.0
EXK,DOWN,NEW,82.67819173511236,64.26275114052036,not_selected,True,14.63924132234992,FALSE_BREAKOUT_RISK,-0.007835447934099515,0.04218105310170306,0.5888326504533137,0.5085583660336562,-0.11682651450669967,0.06295911839261548,-0.11682651450669967,0.36707156856133394,0.3333333333333333,close_based,58.58341849236523,279.0
DNR.MI,DOWN,NEW,89.43216968618532,69.04673514384915,not_selected,True,0.0,FALSE_BREAKOUT_RISK,0.050811592318432686,0.15875485613173979,0.3554658244039875,3.1706217487590513,0.0,0.15965733382967962,0.0,0.2693947932144565,0.0,close_based,58.52543187186249,280.0
RKLB,UP,NEW,83.89872808583239,67.40572999918717,not_selected,True,10.0,FALSE_BREAKOUT_RISK,-0.041940464510209496,-0.06566467846852664,0.8210815324673207,-0.5677547888585819,-0.0843897783247829,0.2941979234245724,-0.49517407645117706,0.2941979234245724,0.3333333333333333,close_based,58.43051004275363,281.0
NYKD.OL,DOWN,NEW,84.15328183638391,62.76071310543906,not_selected,True,12.073888699682092,FALSE_BREAKOUT_RISK,0.007556667801907446,0.049868782171646586,0.6703942871911147,0.528097031225514,-0.19839675681915392,0.049868782171646586,-0.19839675681915392,0.46520145496465215,0.3333333333333333,close_based,58.25095014918439,282.0
VER.VI,UP,NEW,84.57751700872672,60.07389523327058,not_selected,True,12.015229200726866,FALSE_BREAKOUT_RISK,-0.007908624795638808,-0.02420047965615635,0.26443941514768987,-0.649700280217932,-0.05680865159339621,0.0,-0.08582994715887526,0.031050242245469484,0.3333333333333333,close_based,57.90810631123553,283.0
FNK.AQ,UP,NEW,89.12411459554792,66.5227379183631,core,True,0.0,FALSE_BREAKOUT_RISK,-0.1470588418336053,-0.1470588418336053,0.5131706811600459,-2.034438536039046,-0.17142854418073383,0.0,-0.1714285477083557,0.0,0.0,close_based,57.866604881446584,284.0
DNUT,DOWN,CONTINUING,80.4832464453248,57.03676172058447,not_selected,True,19.810208650287557,FALSE_BREAKOUT_RISK,0.011976108173510136,-0.025936574474714758,0.5301959902975286,-0.34728933458725797,-0.06371185244835087,0.09385120010579917,-0.21577722521705223,0.10457522145268605,0.3333333333333333,close_based,57.59203816186556,285.0
TAP,DOWN,NEW,79.10948830384388,55.514808534639336,not_selected,True,21.849264965147256,FALSE_BREAKOUT_RISK,0.006112458778404717,-0.00952404813669927,0.3139653731213072,-0.21535506826617096,-0.04857667544536315,0.025850143909844192,-0.04857667544536315,0.06513227073900851,0.0,close_based,57.21248534839398,286.0
BMNR,UP,CONTINUING,78.86960122528767,57.669880746782745,adaptive,True,20.0787587524682,FALSE_BREAKOUT_RISK,-0.01676779197965028,0.06040783796269622,0.9445984211722361,0.45400574157432483,-0.04172464372007789,0.20824200399882642,-0.04172464372007789,1.0706234858808559,0.3333333333333333,close_based,56.99240438774084,287.0
TECH.OL,UP,NEW,86.59596286311248,65.29971982813203,not_selected,True,1.2283263253750971,FALSE_BREAKOUT_RISK,-0.08812252486564287,-0.27878783368757754,5.247530541413267,-0.3771673674624903,-0.5239999771118165,0.6190476653874781,-0.7068965334995139,0.6190476653874781,0.0,close_based,56.72642329479517,288.0
FIG,DOWN,CONTINUING,78.16728173272624,55.85688920295152,not_selected,True,20.0,FALSE_BREAKOUT_RISK,0.13281539257827601,0.12120107792088519,0.9655205821077499,0.8911692946563543,0.0,0.3147273351466111,0.0,0.8182898195833961,0.6666666666666666,close_based,56.25501870695342,289.0
PRMB,DOWN,NEW,82.62366244470579,62.88745415929429,not_selected,True,5.739411739505404,FALSE_BREAKOUT_RISK,0.014335356956726608,0.0013577329924290282,0.4708921856674368,0.02046954343734954,-0.07299264103608105,0.05113421220604897,-0.07554834480894201,0.05113421220604897,0.0,close_based,55.61114557606337,290.0
ACRS,DOWN,NEW,81.83662699456929,59.51171790425567,not_selected,True,7.881460225747447,FALSE_BREAKOUT_RISK,0.012727303938432133,-0.01241129370235905,0.5278207076058685,-0.16693442154861354,-0.14766636546026501,0.046992479686692956,-0.14766636546026501,0.16283929353239568,0.0,close_based,55.18509514586002,291.0
UAA,DOWN,CONTINUING,90.1968013236895,79.25345325515627,not_selected,False,,,,,,,,,,,,,,
LAC,DOWN,NEW,78.90785022432449,56.90898598688553,not_selected,False,,,,,,,,,,,,,,
RUN,DOWN,NEW,80.25920760285031,59.36042151804778,not_selected,False,,,,,,,,,,,,,,
BRBR,DOWN,NEW,95.83720354219378,86.48074695316849,not_selected,False,,,,,,,,,,,,,,
SLI,DOWN,NEW,95.95606381395314,84.36696497470996,not_selected,False,,,,,,,,,,,,,,
BW,DOWN,NEW,93.50408567613944,84.05711881716907,not_selected,False,,,,,,,,,,,,,,
ENVX,DOWN,NEW,78.6558425350166,55.83230390464366,not_selected,False,,,,,,,,,,,,,,
PUMP,DOWN,NEW,90.0850034929704,77.02376534109487,not_selected,False,,,,,,,,,,,,,,
TRIP,DOWN,CONTINUING,81.91687273726545,61.44357246364113,not_selected,False,,,,,,,,,,,,,,
UA,DOWN,CONTINUING,89.51529984877484,74.27453109143902,not_selected,False,,,,,,,,,,,,,,
TDUP,DOWN,CONTINUING,87.96823690666707,70.51189729480284,not_selected,False,,,,,,,,,,,,,,
CCOI,DOWN,NEW,96.2145308864155,85.92342445845516,not_selected,False,,,,,,,,,,,,,,
HE,DOWN,CONTINUING,89.21079209225158,73.96697143605377,not_selected,False,,,,,,,,,,,,,,
ALMS,DOWN,CONTINUING,79.62276271004441,56.77375112292254,not_selected,False,,,,,,,,,,,,,,
BUR,DOWN,CONTINUING,89.52121989658487,73.66288805036795,not_selected,False,,,,,,,,,,,,,,
CAPR,DOWN,NEW,86.03168699406694,68.26733933032973,not_selected,False,,,,,,,,,,,,,,
CATX,DOWN,NEW,94.52876606144252,82.06079104239524,not_selected,False,,,,,,,,,,,,,,
TROX,DOWN,NEW,79.51260775840868,55.388919723472654,not_selected,False,,,,,,,,,,,,,,
HAPN,DOWN,NEW,88.99452208404094,71.4288351751539,not_selected,False,,,,,,,,,,,,,,
OLMA,DOWN,CONTINUING,94.0978800789066,80.12181112885882,not_selected,False,,,,,,,,,,,,,,
BAK,DOWN,CONTINUING,83.5067109893753,61.72844650353797,not_selected,False,,,,,,,,,,,,,,
GOGO,DOWN,CONTINUING,84.43789812114497,63.495628366735374,not_selected,False,,,,,,,,,,,,,,
MNRO,UP,NEW,84.19296124159371,61.60719785084944,not_selected,False,,,,,,,,,,,,,,
LINC,DOWN,NEW,87.99569650335297,68.11094489750629,not_selected,False,,,,,,,,,,,,,,
GENB,DOWN,NEW,81.40247572961071,57.47485640416544,not_selected,False,,,,,,,,,,,,,,
GLAS,DOWN,NEW,97.85779650494224,86.09854605839107,not_selected,False,,,,,,,,,,,,,,
KLRA,DOWN,CONTINUING,94.242637270764,80.21882880834622,not_selected,False,,,,,,,,,,,,,,
SCHL,DOWN,NEW,88.57992053334894,68.26658074565377,not_selected,False,,,,,,,,,,,,,,
HUBG,DOWN,CONTINUING,87.89856918037705,69.16536272328742,not_selected,False,,,,,,,,,,,,,,
JBGS,DOWN,NEW,85.95620747142488,64.92982377706329,not_selected,False,,,,,,,,,,,,,,
MATW,DOWN,NEW,86.09794074977022,65.31036633801598,not_selected,False,,,,,,,,,,,,,,
ACDC,DOWN,NEW,91.24937741103732,75.08253359069556,not_selected,False,,,,,,,,,,,,,,
TYRA,DOWN,NEW,95.0776110542107,82.07101822501242,not_selected,False,,,,,,,,,,,,,,
BIOA,DOWN,NEW,95.45586671115092,81.28618645940531,not_selected,False,,,,,,,,,,,,,,
WERN,DOWN,NEW,89.57473959315479,71.14346383289698,not_selected,False,,,,,,,,,,,,,,
STRZ,DOWN,NEW,96.74607122627694,81.83251708315834,not_selected,False,,,,,,,,,,,,,,
YELP,DOWN,CONTINUING,90.99688067240902,75.01055080507054,not_selected,False,,,,,,,,,,,,,,
TPB,DOWN,CONTINUING,91.54731468484373,73.15569696233764,not_selected,False,,,,,,,,,,,,,,
PRDO,DOWN,NEW,82.86760358852938,58.642118538693786,not_selected,False,,,,,,,,,,,,,,
ABX,DOWN,CONTINUING,83.99576078520144,60.26722214637163,not_selected,False,,,,,,,,,,,,,,
CEVA,UP,NEW,88.180353461836,68.24141314847118,not_selected,False,,,,,,,,,,,,,,
FRMI,DOWN,NEW,90.48436598266062,80.3733140764317,not_selected,False,,,,,,,,,,,,,,
FRVO,DOWN,NEW,81.92369009606358,62.07472906623269,not_selected,False,,,,,,,,,,,,,,
STUB,DOWN,NEW,88.36524543510609,74.92834152236003,not_selected,False,,,,,,,,,,,,,,
XPEV,DOWN,NEW,80.59799672943683,59.78165884266557,not_selected,False,,,,,,,,,,,,,,
XE,DOWN,NEW,80.67682584163194,60.05076898493745,not_selected,False,,,,,,,,,,,,,,
PLNT,DOWN,CONTINUING,94.52071509102944,82.82100210555839,not_selected,False,,,,,,,,,,,,,,
BROS,DOWN,CONTINUING,83.07913297289436,63.95905795574485,not_selected,False,,,,,,,,,,,,,,
TAC,DOWN,NEW,80.78212789169825,56.90305012415836,not_selected,False,,,,,,,,,,,,,,
NVG,DOWN,NEW,83.96504010683122,61.4310167615049,not_selected,False,,,,,,,,,,,,,,
GIL,DOWN,NEW,95.46444875960796,83.06188760128275,not_selected,False,,,,,,,,,,,,,,
NAD,DOWN,NEW,82.11739759853683,59.024353955850295,not_selected,False,,,,,,,,,,,,,,
MRP,DOWN,NEW,82.8719937440691,60.12499786215101,not_selected,False,,,,,,,,,,,,,,
CARG,DOWN,NEW,82.53959656979117,59.014033718919904,not_selected,False,,,,,,,,,,,,,,
BBT,DOWN,CONTINUING,87.05827211495611,67.14795769263758,not_selected,False,,,,,,,,,,,,,,
BXMT,DOWN,NEW,82.94259843675167,61.54448630409845,not_selected,False,,,,,,,,,,,,,,
ORI,DOWN,NEW,81.42599085574548,57.50846280610434,not_selected,False,,,,,,,,,,,,,,
BEPC,DOWN,NEW,82.2683101072979,59.7181657038262,not_selected,False,,,,,,,,,,,,,,
CGON,DOWN,NEW,89.80968690747095,71.67336827413104,not_selected,False,,,,,,,,,,,,,,
ROL,DOWN,CONTINUING,89.52246069703727,77.04606157593025,not_selected,False,,,,,,,,,,,,,,
CBRS,UP,CONTINUING,78.8229233432539,56.05402540732059,not_selected,False,,,,,,,,,,,,,,
INIO,DOWN,NEW,90.28939577072944,78.43835440746612,not_selected,False,,,,,,,,,,,,,,
RMBS,UP,NEW,88.00635478037495,71.26143989610972,not_selected,False,,,,,,,,,,,,,,
VIAV,UP,NEW,80.40752883111702,58.88017138543658,not_selected,False,,,,,,,,,,,,,,
NYT,DOWN,NEW,83.62622678968867,63.37677441362235,not_selected,False,,,,,,,,,,,,,,
CCI,DOWN,NEW,84.33761013307634,65.35139457293094,not_selected,False,,,,,,,,,,,,,,
EFX,DOWN,NEW,84.16973001715047,62.770426497738846,not_selected,False,,,,,,,,,,,,,,
ZTO,DOWN,CONTINUING,83.44139304279068,62.72226860196852,not_selected,False,,,,,,,,,,,,,,
DTE,DOWN,NEW,80.29572585270398,55.967526764107326,not_selected,False,,,,,,,,,,,,,,
POS.VI,DOWN,NEW,91.1644353382936,70.6096710012381,not_selected,False,,,,,,,,,,,,,,
MEDX.SW,UP,CONTINUING,86.5754949823221,62.96876737451801,not_selected,False,,,,,,,,,,,,,,
SHA0.DE,DOWN,NEW,84.86883787674341,62.25980141743885,not_selected,False,,,,,,,,,,,,,,
ESG.CO,DOWN,NEW,84.21381907297433,58.48697475546166,not_selected,False,,,,,,,,,,,,,,
DATA.CO,DOWN,NEW,93.98751639603432,75.33329783983164,not_selected,False,,,,,,,,,,,,,,
SMSMED.CO,DOWN,NEW,88.22045189442017,65.41069933766926,not_selected,False,,,,,,,,,,,,,,
GGR.MC,DOWN,NEW,95.27415143717712,77.8085779201711,not_selected,False,,,,,,,,,,,,,,
ADOC.PA,DOWN,NEW,99.0705025303506,84.70859936554973,not_selected,False,,,,,,,,,,,,,,
IVA.PA,DOWN,NEW,89.71740220799497,70.4581549324621,not_selected,False,,,,,,,,,,,,,,
SESG.PA,DOWN,NEW,85.97536491925071,64.88883229257146,not_selected,False,,,,,,,,,,,,,,
ALKAL.PA,DOWN,NEW,97.01446320710158,81.76612445513226,not_selected,False,,,,,,,,,,,,,,
SAV.L,DOWN,NEW,87.49765713764054,66.7454545408467,not_selected,False,,,,,,,,,,,,,,
RESI.L,DOWN,NEW,83.98792804153081,60.4471644688596,not_selected,False,,,,,,,,,,,,,,
0OQV.IL,DOWN,NEW,81.96711334572393,58.316394316083766,not_selected,False,,,,,,,,,,,,,,
ENT.L,DOWN,CONTINUING,89.56850338275277,76.138193227493,not_selected,False,,,,,,,,,,,,,,
FAR.L,UP,NEW,96.40549795337236,87.19080028167643,not_selected,False,,,,,,,,,,,,,,
MFEB.MI,DOWN,CONTINUING,82.53143663136392,57.1977190236392,not_selected,False,,,,,,,,,,,,,,
DDRIL.OL,DOWN,CONTINUING,89.86954193133663,73.07953406233644,not_selected,False,,,,,,,,,,,,,,
SNM.OL,UP,NEW,89.79549635359072,70.72808376440075,not_selected,False,,,,,,,,,,,,,,
