,ret_20d_rank,ret_63d_rank,ret_126d_rank,mom_12_1_rank,relative_63d_rank,risk_adj_mom_126d_rank,dist_sma_200_rank,distance_52w_high_rank,quality_score,valuation_score,revisions_score,sector_score,reaction_score
ret_20d_rank,1.0,0.4265386363619068,0.4917053362380169,0.25584649625669503,0.42770038140785827,0.4389413320469409,0.6386024561771857,0.44855525497573384,0.05522185555405768,-0.3432615712841784,0.19279055169431664,0.41464720586501974,-0.058884778091906835
ret_63d_rank,0.4265386363619068,1.0,0.4776772983163892,0.19067911005691854,0.9839527386227201,0.3710991646621268,0.6573098329419367,0.3862421500634175,0.15514100227356614,-0.2614419734143192,0.25453964353690917,0.9278938974279611,0.401582951994049
ret_126d_rank,0.4917053362380169,0.4776772983163892,1.0,0.43709323783516374,0.47207057923796086,0.9064515051508659,0.8575030871621817,0.41715637393278143,0.04024000648810324,-0.4252431555427309,0.18136059131101362,0.4737962363717267,0.10600759674024844
mom_12_1_rank,0.25584649625669503,0.19067911005691854,0.43709323783516374,1.0,0.19304274836239044,0.4697171661223977,0.573682460706628,0.5072138989992827,0.28143550570050546,-0.25709613819660526,0.1859026096328429,0.19204448258817491,-0.39549894303472916
relative_63d_rank,0.42770038140785827,0.9839527386227201,0.47207057923796086,0.19304274836239044,1.0,0.38478775593735287,0.6508543835603151,0.41119752980844276,0.16388712203419104,-0.2655262786840022,0.25307270781690516,0.9449996148731711,0.3970074660589261
risk_adj_mom_126d_rank,0.4389413320469409,0.3710991646621268,0.9064515051508659,0.4697171661223977,0.38478775593735287,1.0,0.7836970447997008,0.5849967685817923,0.09362934222252826,-0.3579519923383917,0.18312586838492048,0.3970464030936236,0.11352875736542391
dist_sma_200_rank,0.6386024561771857,0.6573098329419367,0.8575030871621817,0.573682460706628,0.6508543835603151,0.7836970447997008,1.0,0.5916793170944055,0.14710325558257392,-0.430514123638814,0.25489959851694144,0.6282060461404566,0.019173137394651832
distance_52w_high_rank,0.44855525497573384,0.3862421500634175,0.41715637393278143,0.5072138989992827,0.41119752980844276,0.5849967685817923,0.5916793170944055,1.0,0.1957773098355502,-0.22998219472967668,0.18769817461756907,0.40748097865750516,0.08538022276820417
quality_score,0.05522185555405768,0.15514100227356614,0.04024000648810324,0.28143550570050546,0.16388712203419104,0.09362934222252826,0.14710325558257392,0.1957773098355502,1.0,-0.08494503033414051,0.11983262067509817,0.1596968160438321,0.22899322662819033
valuation_score,-0.3432615712841784,-0.2614419734143192,-0.4252431555427309,-0.25709613819660526,-0.2655262786840022,-0.3579519923383917,-0.430514123638814,-0.22998219472967668,-0.08494503033414051,1.0,-0.11834389080001577,-0.2569026914215127,0.05431165936994387
revisions_score,0.19279055169431664,0.25453964353690917,0.18136059131101362,0.1859026096328429,0.25307270781690516,0.18312586838492048,0.25489959851694144,0.18769817461756907,0.11983262067509817,-0.11834389080001577,1.0,0.2359410376882677,0.04458117970658828
sector_score,0.41464720586501974,0.9278938974279611,0.4737962363717267,0.19204448258817491,0.9449996148731711,0.3970464030936236,0.6282060461404566,0.40748097865750516,0.1596968160438321,-0.2569026914215127,0.2359410376882677,1.0,0.24095710949039137
reaction_score,-0.058884778091906835,0.401582951994049,0.10600759674024844,-0.39549894303472916,0.3970074660589261,0.11352875736542391,0.019173137394651832,0.08538022276820417,0.22899322662819033,0.05431165936994387,0.04458117970658828,0.24095710949039137,1.0
