symbol,region,name,type,exchange,currency,financial_currency,country,sector,industry,accounting_model,security_id,economic_company_id,primary_ticker,is_delisted,market_cap_vendor,shares_outstanding,company_shares_outstanding,net_income_ttm,operating_income_ttm,cfo_ttm,gross_profit_ttm,total_assets,total_equity,tangible_equity,cash_total,debt_total,net_payout_ttm,dividends_paid_ttm,sbc_ttm,profit_margin,operating_margin,roa,roe,roic,gross_profitability,cash_conversion,interest_coverage,earnings_stability,asset_turnover,revenue_growth_yoy,earnings_growth_yoy,revenue_ttm,ebitda,fcf_ttm,fcf_margin,net_debt,net_debt_ebitda,net_debt_change_1y,share_count_change_1y,sbc_yield,shareholder_yield,forward_pe,trailing_pe,price_sales,price_book,price_tangible_book,enterprise_value,ev_ebitda,ev_ebit,ev_revenue,earnings_yield,forward_earnings_yield,ebit_yield,fcf_ev_yield,cfo_yield,dividend_yield,net_cash_yield,peg_ratio,forward_pe_to_growth,current_ratio,quick_ratio,debt_to_equity,accrual_ratio,fcf_to_net_income,altman_z_score,beta,short_percent,eps_revision_7d,eps_revision_30d,eps_revision_90d,revision_breadth_7d,revision_breadth_30d,estimate_growth,estimate_dispersion,analyst_count,revenue_estimate_growth,revenue_estimate_dispersion,long_term_growth_estimate,revision_freshness_signal,filing_date,filing_age_days,fundamentals_age_days,last_earnings_surprise,last_earnings_date,next_earnings,days_to_earnings,sec_cik,sec_latest_form,roa_rank_hint,roe_rank_hint,earnings_growth_yoy_rank_hint,quality_rank_fallback_source,price_native,price_eur,history_days,ret_5d,ret_eur_5d,ret_20d,ret_eur_20d,ret_63d,ret_eur_63d,ret_126d,ret_eur_126d,ret_252d,ret_eur_252d,mom_12_1,mom_eur_12_1,dist_sma_20,dist_sma_50,dist_sma_200,sma200_slope_20d,rsi14,volatility_20d,volatility_63d,max_drawdown_252d,median_turnover_eur_20d,volume_ratio_20_60,distance_52w_high,pullback_from_10d_high,pullback_from_20d_high,risk_adj_mom_126d,relative_20d,relative_63d,relative_126d,relative_252d,earnings_reaction_1d,earnings_reaction_5d,earnings_reaction_20d,latest_price_date,price_business_days_lag,price_refresh_error,market_cap_eur,market_cap_source,fcf_yield,revenue_growth_yoy_rank_hint,fetch_error,revision_history_fallback_source,estimate_growth_fallback_source,ret_5d_rank,ret_20d_rank,ret_63d_rank,ret_126d_rank,ret_252d_rank,mom_12_1_rank,ret_eur_20d_rank,ret_eur_63d_rank,ret_eur_126d_rank,mom_eur_12_1_rank,relative_20d_rank,relative_63d_rank,relative_126d_rank,relative_252d_rank,risk_adj_mom_126d_rank,dist_sma_20_rank,dist_sma_50_rank,dist_sma_200_rank,sma200_slope_20d_rank,volume_ratio_20_60_rank,distance_52w_high_rank,rsi_setup_score,profit_margin_qrank,operating_margin_qrank,roa_qrank,roe_qrank,roic_qrank,gross_profitability_qrank,cash_conversion_qrank,interest_coverage_qrank,earnings_stability_qrank,asset_turnover_qrank,revenue_growth_yoy_qrank,earnings_growth_yoy_qrank,fcf_margin_qrank,net_debt_ebitda_qrank,share_count_change_1y_qrank,sbc_yield_qrank,shareholder_yield_qrank,net_debt_change_1y_qrank,forward_pe_vrank,ev_ebitda_vrank,price_sales_vrank,price_book_vrank,fcf_yield_vrank,eps_revision_7d_rank,eps_revision_30d_rank,eps_revision_90d_rank,revision_breadth_7d_rank,revision_breadth_30d_rank,estimate_growth_rank,revenue_estimate_growth_rank,long_term_growth_estimate_rank,estimate_dispersion_rank,revenue_estimate_dispersion_rank,last_earnings_surprise_rank,earnings_reaction_1d_rank,earnings_reaction_5d_rank,earnings_reaction_20d_rank,sector_ret_63d,sector_ret_126d,sector_ret_63d_rank,sector_ret_126d_rank,stock_vs_sector_63d,stock_vs_sector_63d_rank,estimate_confidence_score,information_freshness_score,quality_score,valuation_score,revisions_score_raw,revisions_score,reaction_score,sector_score,technical_short_score,technical_swing_score,technical_medium_score,technical_long_score,short_score,swing_score,medium_score,long_score,consensus_score,best_fit_horizon,data_confidence,risk_score,forward_pe_value_rank,trailing_pe_value_rank,ev_ebitda_value_rank,ev_ebit_value_rank,ev_revenue_value_rank,price_sales_value_rank,price_book_value_rank,price_tangible_book_value_rank,peg_ratio_value_rank,forward_pe_to_growth_value_rank,fcf_yield_value_rank,fcf_ev_yield_value_rank,cfo_yield_value_rank,earnings_yield_value_rank,forward_earnings_yield_value_rank,ebit_yield_value_rank,shareholder_yield_value_rank,dividend_yield_value_rank,net_cash_yield_value_rank,current_ratio_safety_rank,quick_ratio_safety_rank,interest_coverage_safety_rank,altman_z_score_safety_rank,net_debt_ebitda_safety_rank,debt_to_equity_safety_rank,net_cash_yield_safety_rank,cash_conversion_safety_rank,fcf_to_net_income_safety_rank,earnings_stability_safety_rank,fcf_margin_safety_rank,accrual_ratio_safety_rank,earnings_multiple_score,enterprise_multiple_score,cashflow_value_score,sales_asset_value_score,growth_adjusted_value_score,capital_return_value_score,undervaluation_score_raw,undervaluation_score,value_data_points,value_data_coverage,balance_sheet_safety_score,earnings_quality_score,value_safety_score,value_trap_risk_score,value_conviction_score,quality_value_score,deep_value_score,pullback_candidate,pullback_setup_score,pullback_opportunity_score,exclusion_reasons,excluded,event_watch,duplicate_of,market_regime_score,economic_company_group_size,score_change_1run,score_velocity_5run,score_velocity_20run,score_acceleration,rank_change,prev_rank,rank,value_rank,quality_value_rank,pullback_rank,short_score_pre_guard,technical_short_score_pre_guard,swing_score_pre_guard,technical_swing_score_pre_guard,medium_score_pre_guard,technical_medium_score_pre_guard,long_score_pre_guard,technical_long_score_pre_guard,deep_selection_tier,deep_selection_reason,entry_opportunity_score,entry_rank,entry_signal_label,entry_is_confluence,quality_component_coverage,revisions_component_coverage,valuation_component_coverage,technical_component_coverage,context_component_coverage,core_alpha_components_present,core_alpha_component_coverage,score_completeness,score_completeness_tier,fresh_score_change_1run_pct,fresh_velocity_5run_pct,fresh_acceleration_pct,fresh_rank_change_pct,fresh_new_exact,fresh_new_exact_bonus,fresh_opportunity_raw_score,fresh_opportunity_input_coverage,fresh_opportunity_score,fresh_opportunity_candidate,fresh_opportunity_rank,fresh_opportunity_reason,portfolio_sector_cluster_size,portfolio_industry_cluster_size,portfolio_company_cluster_size,portfolio_cluster_penalty,portfolio_guard_score,portfolio_guard_rank,portfolio_guard_note
AMD,US,"Advanced Micro Devices, Inc.",Common Stock,NMS,USD,USD,United States,Technology,Semiconductors,standard,ISIN:US0079031078,NAME:advanced micro devices,AMD,False,1029487722496.0,1632475042.0,1632475042.0,,,,,,,,,,,,,0.15577,0.1725,0.05128,0.10196,,,,,,,0.501,1.595,41305001984.0,9562000384.0,8841499648.0,0.2140539698176231,,,,,,,40.48134,161.28644,24.924046,15.309897,,1020652748800.0,106.741,,24.7101488869402,,0.0247027395832252,,0.0086625932849297,,,,0.64,0.5042832919427995,,1.688,,,,,2.476,0.024600001,0.0002740922587331,0.0093585624216331,0.105939861728755,,0.4745762711864407,0.802749975,0.4850047003987133,44.25,0.543675,0.3903736751199008,,100.0,,,90.0,0.0321,2026-06-30,2026-11-03,36.0,,,,,999621.0,yahoo_screener_sort_order,630.6300048828125,554.4120662757285,356.0,0.1264870791186001,0.136518915038301,0.3229907212915528,0.3555717717104445,0.2090762380073785,0.2076887285614816,2.094812738186907,2.1456214826130258,2.9198780814444483,3.071408530346141,1.9557264264866911,1.9784986689793784,0.1941397945107719,0.2494823815162667,0.7289208121522885,0.090630595122636,72.9957150331719,0.559840753030431,0.7012314825550922,-0.2776075108828485,9263190640.982378,0.893592175721481,0.0,0.0,0.0,2.987334126177554,0.3280676043367418,0.1481707656968454,1.924109447424057,2.846462864737169,-0.068909073888045,-0.1093112580874922,-0.2605394683907095,2026-09-25,1.0,,905063842530.8726,yahoo_get_info,0.0085882516661429,999681.0,,,,95.7788944723618,97.98792756539235,75.27749747729567,99.0365111561866,99.02962206332992,97.44637385086824,99.04426559356136,74.87386478304742,99.0365111561866,97.44637385086824,97.98792756539235,71.34207870837538,99.0365111561866,99.02962206332992,99.0365111561866,97.88732394366195,96.67673716012084,99.0325865580448,96.22448979591836,27.116935483870968,98.16138917262512,88.01713986731238,45.45454545454545,45.45454545454545,54.54545454545454,45.45454545454545,,,,,,,81.81818181818183,85.71428571428571,81.81818181818183,,,,,,11.11111111111111,18.181818181818187,9.090909090909092,36.36363636363636,36.36363636363637,76.49938800489596,78.1718963165075,82.38993710691824,,84.27672955974843,78.78411910669976,95.70552147239265,,21.875,3.862660944206014,48.68421052631579,1.6233766233766231,3.896103896103896,1.644736842105263,0.1703207582185422,0.2674238020171522,100.0,91.66666666666666,0.0387554797888363,62.26034308779012,89.58145331397752,86.25,67.56070016939582,22.232323232323232,73.81041110903158,72.87137065901682,14.073607313738892,85.76143625967036,88.43808854038053,90.19792751199562,95.97704527383355,97.80386477011132,77.56021903672641,76.26827681656869,72.78710475113193,60.727914973129415,74.52769078385032,short,89.16227439767731,7.376541712783899,16.666666666666668,16.666666666666668,16.666666666666668,,16.666666666666668,16.666666666666668,66.66666666666667,,66.66666666666667,66.66666666666667,66.66666666666666,66.66666666666666,,,16.666666666666664,,,,,,66.66666666666666,,,,,,,,,66.66666666666666,,16.666666666666668,16.666666666666668,66.66666666666666,29.901960784313733,66.66666666666667,,40.35947712418301,41.41329946283507,11.0,0.5789473684210527,66.66666666666666,66.66666666666666,64.28212975184952,35.71787024815048,54.31994892434665,56.099184862254695,48.675496034475856,False,30.95238095238095,67.86581229395203,[],False,False,,83.16586859268104,1,2.4123045040293505,1.432931523568905,1.003807079736633,0.4291244438322721,25.0,46.0,21.0,68.0,54.0,,78.12037355521173,89.34156357019556,75.68420631201087,88.87049454709151,72.8950042620319,96.349112552799,60.73108777355172,97.83559277433442,core,core,,,,,1.0,1.0,1.0,1.0,1.0,3,1.0,100.00000000000003,high,76.59033078880407,71.44754316069057,40.849673202614376,70.39473684210526,False,0.0,66.86039228660572,1.0,66.86039228660572,True,92.0,multi_signal_riser,1,1,1,0,82.44391822361806,1.0,ok
HPE,US,HPE,Common Stock,NYQ,USD,,United States,Unknown,Unknown,standard,TICKER:HPE,NAME:hpe,HPE,False,83550633984.0,,,,,,,,,,,,,,,,,,,,,,,,,,,,,,,,,,,,,13.690228,32.4433,,3.1526747,,,,,,,0.0730448024678624,,,,0.91,,,,,,,,,,,,2.827660611112258e-05,0.1117904746989627,,,,0.4926313862408955,,,,,,,,,,,,,,,,,,999629.0,yahoo_screener_sort_order,62.93999862670898,55.33307077025235,356.0,0.0358788736898827,0.0451038058583659,0.1596984523383615,0.1882581339281619,0.4435872208570788,0.4419305917364733,1.524284275714225,1.56572643246933,1.6195799328376466,1.7208448484572885,1.2821712345049656,1.2997541056043571,0.0989386158099183,0.169219793760889,0.7623838261119258,0.1107113322666974,61.452310292734616,0.839040991572267,0.6618788125181686,-0.2635685200348456,1265014993.0508723,1.3882569906912343,-0.0091310111283823,0.0091310111283823,0.0091310111283823,2.3029658101835424,0.1607539665544592,0.382412628871837,1.344214397280361,1.495899182848316,,,,2026-09-25,1.0,,73452704861.90121,yahoo_screen_market_cap,,999492.0,,persisted_yahoo_screen_eps_forward,yahoo_screen_current_year_vs_ttm,85.02512562814071,93.56136820925552,92.63370332996972,96.9574036511156,95.91419816138918,95.19918283963229,93.7625754527163,92.4318869828456,97.05882352941175,95.19918283963229,93.25955734406438,91.32189707366295,96.9574036511156,95.81205311542392,95.841784989858,92.75653923541248,92.54783484390737,99.0325865580448,97.85714285714285,89.21370967741935,93.0541368743616,100.0,,,,,,,,,,,62.5,78.59922178988327,,,,,,,56.27009646302251,,,46.29080118694362,,75.1529987760098,93.45156889495226,,,,66.12903225806451,,,,,,,,,0.1451612665918262,0.3178001591859416,91.66666666666666,100.0,0.2984259542652525,90.7164480322906,,100.0,70.54961089494164,53.85087336579127,81.4318565096794,81.4318565096794,,94.29826774302052,92.64124270945167,94.056547139706,96.23193922256374,96.4631887635338,89.73708248096975,87.04198418925125,81.25246422453495,72.29320305132065,84.1472242068931,short,72.3409090909091,6.890441372626949,56.25,33.802816901408455,,,,,48.78048780487805,,,,,,,,56.25,,,10.714285714285714,,,,,,,,,,,,,,49.647887323943664,,,48.78048780487804,,10.714285714285714,38.592053677076,45.38139824982834,5.0,0.2631578947368421,,,67.61908993544922,32.380910064550775,56.66132611887596,60.41667390292746,52.98922857922522,False,36.60491165090334,76.68397864356061,[],False,False,,83.16586859268104,1,2.7892562770086045,0.8681482676041667,,,8.0,9.0,1.0,,,,89.79620219592364,92.72706165051382,86.98653211410614,93.93808134280508,81.24749689895502,96.21515308784537,72.27821398042805,96.31329805460793,core,core,,,,,1.0,1.0,1.0,1.0,0.5,3,1.0,95.00000000000001,high,79.13486005089058,56.17529880478087,,57.14285714285714,False,0.0,68.15702369254728,0.8600000000000001,68.15702369254728,True,85.0,multi_signal_riser,29,29,1,35,54.98131511598402,2.0,industry concentration
MU,US,MU,Common Stock,NMS,USD,,United States,Unknown,Unknown,standard,TICKER:MU,NAME:mu,MU,False,1222319669248.0,,,,,,,,,,,,,,,,,,,,,,,,,,,,,,,,,,,,,6.7563868,24.447256,,12.131145,,,,,,,0.1480081039765219,,,,0.05,,,,,,,,,,,,0.022826370458083,0.0322186265460287,,,,0.3989649489446044,,,,,,,,,,,,,,,,999986.0,999876.0,999898.0,yahoo_screener_sort_order,1082.280029296875,951.4756714484868,356.0,0.0654459955727579,0.0749342352578961,0.157036115789247,0.1855302325039933,-0.0440538756246751,-0.0451508984886139,2.046478353465569,2.096493573498436,5.70346373124866,5.962599053135514,4.973929838991029,5.0199556747073295,0.0886568347128151,0.1493867412784599,0.6373996156222264,0.1301047179951806,63.19758961285101,0.5039736334695615,0.7898916715457049,-0.3909541844002312,20575350549.79896,0.7215964335392505,-0.1080404287544561,0.0126623891129178,0.0126623891129178,2.590834195606726,0.1580260651302907,-0.1046688613532502,1.8749815383094668,5.737653387526541,,,,2026-09-25,1.0,,1074590121355.1952,yahoo_screen_market_cap,,999971.0,,persisted_yahoo_screen_eps_forward,yahoo_screen_current_year_vs_ttm,90.45226130653266,93.36016096579478,23.713420787083752,99.0365111561866,99.02962206332992,99.02962206332992,93.36016096579478,23.81432896064581,99.0365111561866,99.02962206332992,92.85714285714286,19.97981836528759,99.0365111561866,99.02962206332992,97.56592292089248,91.75050301810866,90.73514602215508,97.04684317718942,99.03061224489797,8.870967741935484,54.54545454545454,100.0,,,98.79032258064515,92.06349206349206,,,,,,,97.08333333333331,92.21789883268482,,,,,,,94.21221864951768,,,13.946587537091997,,93.39045287637698,85.9481582537517,,,,62.531017369727046,,,,,,,,,0.1451612665918262,0.3178001591859416,91.66666666666666,100.0,-0.1892151422165013,11.60443995963673,,100.0,95.0025142402888,74.75388383438418,82.414893049636,82.414893049636,,70.56466532122435,79.91270712200232,64.79373573898843,91.43947335053588,98.78561657084192,80.35351020004897,73.28096160270634,86.22744386433529,85.95202089434267,83.15276554719583,medium,73.13636363636364,8.06943710970889,98.11320754716982,53.06122448979592,,,,,32.6530612244898,,,,,,,,98.1132075471698,,,5.0,,,,,,,,,,,,,,84.86262429500103,,,32.6530612244898,,5.0,48.175905582358745,49.26150023577277,5.0,0.2631578947368421,,,77.82224038270817,22.177759617291827,64.48318697693492,69.95387368102158,57.71777274360748,False,38.79100278418723,77.35814232315572,[],False,False,,83.16586859268104,1,2.387030288475444,2.846095967257974,0.6533574837538658,2.192738483504109,8.0,10.0,2.0,,,,81.21348380241409,81.16105589962913,71.76628408871726,61.55783377728447,86.59226118374949,92.67230429200455,85.95661345836143,98.83154221102949,adaptive,adaptive_momentum,,,,,1.0,1.0,1.0,1.0,0.5,3,1.0,95.00000000000001,high,76.20865139949109,92.16467463479415,84.9673202614379,57.14285714285714,False,0.0,76.87761175157151,1.0,76.87761175157151,True,27.0,rising_5run,29,29,1,35,54.066401910832184,3.0,industry concentration
DELL,US,DELL,Common Stock,NYQ,USD,,United States,Unknown,Unknown,standard,TICKER:DELL,NAME:dell,DELL,False,357892653056.0,,,,,,,,,,,,,,,,,,,,,,,,,,,,,,,,,,,,,19.331919,32.783344,,,,,,,,,0.051727922096094,,,,0.45,,,,,,,,,,,,0.0010186443512804,0.2308816150492854,,,,0.3370044571680552,,,,,,,,,,,,,,,,999539.0,-999988.0,999690.0,yahoo_screener_sort_order,562.8900146484375,494.8591308547183,356.0,-0.0091011212413755,-0.000276754633904,0.1919070067520447,0.2212598825180272,0.4113499445859678,0.4097303102585194,2.216725568006479,2.269535802776792,3.3157162501465303,3.4825485870533086,2.6520922573010206,2.6802296145826885,0.0637093858931492,0.1832974595648386,0.9934801686095748,0.1643999694737652,58.69224746267401,0.9100839444335594,0.8167208435948672,-0.323411466721531,4466893560.108694,1.446565298043575,-0.0433548754370434,0.0433548754370434,0.0433548754370434,2.714177782275484,0.1937557151443245,0.3502123473938832,2.048023767587823,3.2576029214443363,,,,2026-09-25,1.0,,314637749154.59503,yahoo_screen_market_cap,,999750.0,,persisted_yahoo_screen_eps_forward,yahoo_screen_current_year_vs_ttm,52.06030150753769,95.27162977867204,90.91826437941474,99.0365111561866,99.02962206332992,99.02962206332992,95.4728370221328,90.91826437941474,99.0365111561866,99.02962206332992,95.17102615694164,89.40464177598385,99.0365111561866,99.02962206332992,97.87018255578094,88.43058350100603,93.25276938569988,99.0325865580448,99.03061224489797,91.12903225806453,81.61389172625128,100.0,,,76.61290322580645,1.7857142857142856,,,,,,,82.08333333333333,81.71206225680933,,,,,,,36.0128617363344,,,,,78.21297429620563,96.99863574351978,,,,58.436724565756826,,,,,,,,,0.1451612665918262,0.3178001591859416,91.66666666666666,100.0,0.2661886779941416,88.39556004036328,,100.0,71.4386926428661,36.0128617363344,82.09504917899785,82.09504917899785,,93.60200134544232,87.50270545158683,92.39055297292194,98.1040675906009,99.03021329220029,86.27004601024275,85.6467889520515,80.1156418354095,68.11945806132627,82.8812153937305,short,72.22727272727273,7.809291310289259,49.0566037735849,40.81632653061224,,,,,,,,,,,,,49.0566037735849,,,15.0,,,,,,,,,,,,,,46.63299281976942,,,,,15.0,34.466457119858106,44.96889299428603,4.0,0.2105263157894736,,,66.45368492601318,33.54631507398682,56.44868705272525,60.37798512389689,52.54877116046811,True,66.2789403945233,79.67885996972278,[],False,False,,83.16586859268104,1,-0.7372387538228793,0.1318256387929182,0.1885036790028792,-0.056678040209961,3.0,6.0,3.0,,,6.0,86.77405616825824,88.234333100319,85.62568603807638,92.3454694748842,80.15706887263308,98.2440624060461,68.11944838701774,99.03011654911502,core,core,48.78578089816316,67.0,pullback,False,1.0,1.0,1.0,1.0,0.5,3,1.0,95.00000000000001,high,42.49363867684479,34.9269588313413,28.75816993464052,52.255639097744364,False,0.0,49.55865827150985,1.0,49.55865827150985,True,264.0,multi_signal_riser,29,29,1,35,53.70394266645778,4.0,industry concentration
VLO,US,VLO,Common Stock,NYQ,USD,,United States,Unknown,Unknown,standard,TICKER:VLO,NAME:vlo,VLO,False,111479750656.0,,,,,,,,,,,,,,,,,,,,,,,,,,,,,,,,,,,,,10.178119,16.15269,,4.459058,,,,,,,0.0982499811605661,,,,1.24,,,,,,,,,,,,0.0187705554327329,,,,,0.4963052932072661,,,,,,,,,,,,,,,,999689.0,999571.0,999923.0,yahoo_screener_sort_order,387.1799926757813,340.3854210836198,356.0,-0.0631533250595409,-0.0548103158061425,0.1171124289990166,0.1446233523842206,0.4985399200148068,0.4968202283785701,0.5738008853992485,0.5996385866524419,1.314517203018569,1.4039893303340327,1.0292306269774372,1.0448647301532326,0.0117340356699668,0.1179401747449828,0.5290420506383322,0.089783118888542,58.294663559001,0.3435773601580683,0.3517285590341896,-0.1211716400545644,1134702111.4608576,1.300004607733752,-0.0631533250595409,0.0631533250595409,0.0631533250595409,1.6313741681222775,0.1171191850105179,0.4373022655139338,0.378126551463473,1.1790436647250602,,,,2026-09-25,1.0,,98006308660.4658,yahoo_screen_market_cap,,999690.0,,persisted_yahoo_screen_eps_forward,yahoo_screen_current_year_vs_ttm,9.748743718592964,90.24144869215291,94.55095862764884,84.58417849898579,94.68845760980592,93.15628192032686,91.34808853118712,94.55095862764884,84.78701825557809,93.15628192032686,88.93360160965796,93.94550958627649,84.27991886409735,94.68845760980592,88.03245436105477,69.81891348088531,87.41188318227593,94.70468431771894,96.0204081632653,85.68548387096774,72.72727272727273,100.0,,,84.67741935483872,80.55555555555556,,,,,,,76.66666666666667,94.94163424124513,,,,,,,74.91961414790997,,,35.90504451038576,,92.77845777233782,,,,,66.37717121588089,,,,,,,,,0.1451612665918262,0.3178001591859416,91.66666666666666,100.0,0.3533786534229806,93.34006054490412,,100.0,84.9940420902891,65.4615366600253,80.7778729739483,80.7778729739483,,95.08535149680456,76.43869241723627,87.9589802706093,90.65055271655284,94.42778360432618,79.70630380202388,86.02206017782538,84.51569977210607,80.98159394582026,82.74864685896317,swing,69.68181818181819,3.5502735780745547,73.75,63.38028169014085,,,,,37.80487804878049,,,,,,,,73.75,,,22.321428571428573,,,,,,,,,,,,,,70.70008285004143,,,37.80487804878049,,22.321428571428573,48.12401088340982,49.24049023619831,5.0,0.2631578947368421,,,81.2584135921784,18.7415864078216,63.26097397860423,67.71217411378052,58.15745471404973,True,84.205756676936,84.75738295460316,[],False,False,,83.16586859268104,1,-2.9960926551263896,1.088958986797897,0.0971703829526084,0.9917886038452886,-2.0,2.0,4.0,,,1.0,80.58724765395712,77.71748187971998,86.29385299274855,88.53962855703605,84.43918170440799,90.39197441881448,80.9731755969374,94.34360011549748,core,core,58.13001549860788,19.0,pullback,False,1.0,1.0,1.0,1.0,0.5,3,1.0,95.00000000000001,high,23.918575063613233,61.354581673306775,58.98692810457516,47.838345864661655,False,0.0,54.416982406007584,1.0,54.416982406007584,True,231.0,multi_signal_riser,29,29,1,35,53.316828677145,5.0,industry concentration
FRO,US,FRO,Common Stock,NYSE,USD,,United States,Unknown,Unknown,standard,TICKER:FRO,NAME:fro,FRO,False,10625790976.0,,,,,,,,,,,,,,,,,,,,,,,,,,,,,,,,,,,,,10.4256315,7.155922,,3.3676708,,,,,,,0.0959174511395305,,,,11.27,,,,,,,,,,,,0.0,0.0481592961333642,,,,0.1832686397198379,,,,,,,,,,,,,,,,999849.0,999842.0,999873.0,yahoo_screener_sort_order,47.72999954223633,41.9613520838866,356.0,-0.0717619361748155,-0.0634955901835225,0.164464318138098,0.1931413678329137,0.4342711974879429,0.4326252592319963,0.5836963284443937,0.6096964870348149,1.3173281594049984,1.4069089496620713,1.0391425404601111,1.054853009464412,0.0369406898482078,0.1634495165363518,0.4818718697521618,0.0836257311782173,61.87407532467815,0.3007253249884185,0.3885681542752339,-0.214099945738671,163373222.94078493,1.4368667629115637,-0.0717619361748155,0.0717619361748155,0.0717619361748155,1.5021723268421654,0.165637200459211,0.37310729636736,0.3881844518458461,1.1819632840530987,,,,2026-09-25,1.0,,9341557942.383133,yahoo_screen_market_cap,,999875.0,,persisted_yahoo_screen_eps_forward,yahoo_screen_current_year_vs_ttm,6.331658291457286,93.86317907444668,92.02825428859738,84.98985801217039,94.7906026557712,93.3605720122574,94.06438631790743,91.92734611503532,85.09127789046653,93.3605720122574,93.66197183098592,90.41372351160445,84.58417849898579,94.7906026557712,85.29411764705883,81.89134808853119,92.0443101711984,92.87169042769855,94.89795918367348,90.7258064516129,68.23289070480082,100.0,,,91.53225806451611,91.66666666666666,,,,,,,90.83333333333331,89.88326848249028,,,,,,,72.66881028938906,,,43.62017804154302,,48.71481028151774,88.4038199181446,,,,44.168734491315135,,,,,,,,,0.1451612665918262,0.3178001591859416,91.66666666666666,100.0,0.2891099308961167,90.0100908173562,,100.0,90.70313794401906,65.62671762324456,65.99847918868565,65.99847918868565,,94.0863605785402,78.76714568295272,86.60544741770133,89.89679132827938,94.04975740790314,79.83702083124608,82.1771156149717,82.19701957246369,81.11300421515858,81.64505991506513,medium,73.13636363636364,5.052182908039656,67.85714285714286,92.1875,,,,,39.325842696629216,,,,,,,,67.85714285714286,,,100.0,,,,,,,,,,,,,,75.01313025210085,,,39.325842696629216,,100.0,72.04079197221961,58.92339755960308,5.0,0.2631578947368421,,,76.38246325877029,23.61753674122972,67.44269132323018,70.54845475494454,62.77353754836144,True,81.38746137134015,81.33707648029353,[],False,False,,83.16586859268104,1,-3.2699727533744465,0.4542978160556487,0.0296823258323712,0.4246154902232774,-2.0,3.0,5.0,,,3.0,80.81257828100006,80.18327746485367,82.38497098544295,87.04950207279899,82.15781226268726,89.76429766075904,81.11284552248216,94.04817048113888,core,core,55.82867660506052,28.0,pullback,False,1.0,1.0,1.0,1.0,0.5,3,1.0,95.00000000000001,high,22.264631043256998,43.16069057104914,40.68627450980392,47.838345864661655,False,0.0,47.74763768833396,1.0,47.74763768833396,True,280.0,multi_signal_riser,29,29,1,35,52.55869627870149,6.0,industry concentration
CMBT.BR,EUROPE,CMBT.BR,Common Stock,Brussels,EUR,,,Unknown,Unknown,standard,TICKER:CMBT.BR,NAME:cmbt br,CMBT.BR,False,4892262400.0,,,,,,,,,,,,,,,,,,,,,,,,,,,,,,,,,,,,,9.262173,6.484616,,1.7855362,,,,,,,0.1079660248194457,,,,4.62,,,,,,,,,,,,0.007753251332893,0.0148289247645164,,,,0.0,,,,,,,,,,,,,,,,999977.0,999997.0,999991.0,yahoo_screener_sort_order,16.899999618530273,16.899999618530273,364.0,-0.0242494274650278,-0.0242494274650278,0.0764331097989552,0.0764331097989552,0.3519999694824218,0.3519999694824218,0.6463443049151378,0.6463443049151378,1.2624280804105248,1.2624280804105248,1.1694942437245,1.1694942437245,0.0041592156492842,0.09507021344955,0.3925886601835111,0.0753375895520611,57.35517680811635,0.2883574384113068,0.3222020898623349,-0.1597443588892453,1705051.8852481842,1.043517858244012,-0.0642303367505432,0.0642303367505432,0.0642303367505432,2.006021454396205,0.0958376223178091,0.3499179833105157,0.4909472584320815,0.9317540603944564,,,,2026-09-28,0.0,,4892262400.0,yahoo_screen_market_cap,,999996.0,,persisted_yahoo_screen_eps_forward,yahoo_screen_current_year_vs_ttm,33.266331658291456,83.90342052313883,87.68920282542886,86.51115618661258,94.48416751787538,94.17773237997956,81.08651911468813,87.5882946518668,86.00405679513185,94.17773237997956,86.21730382293762,89.3037336024218,86.91683569979716,92.84984678243106,93.00202839756592,62.47484909456741,84.29003021148036,90.4276985743381,93.36734693877553,56.653225806451616,72.21654749744637,100.0,,,84.4017094017094,97.54464285714286,,,,,,,98.57142857142858,97.18875502008032,,,,,,,70.30716723549489,,,39.56043956043957,,88.73929008567931,81.17326057298773,,,,21.960297766749378,,,,,,,,,0.0729422282206241,0.194092137319868,81.81818181818183,72.72727272727273,0.2790577412617977,89.20282542885974,,100.0,95.68329674007384,62.85341507184511,68.94552218493688,68.94552218493688,,80.85175671956702,73.41587847967803,85.47513793363295,90.81918316770135,93.3885095083836,75.42762060167257,80.75681919527001,82.77031503678265,81.51162292691828,81.13422106109414,medium,73.13636363636364,3.6745498892076855,68.4931506849315,72.46376811594203,,,,,39.50617283950618,,,,,,,,68.4931506849315,,,65.51724137931035,,,,,,,,,,,,,,69.66097934111107,,,39.50617283950618,,65.51724137931035,60.13360587905397,54.10267444496112,5.0,0.2631578947368421,,,82.5532053239101,17.446794676089894,66.72262997138935,70.99183681157801,60.70805477716952,True,72.1920650222016,80.68570702672054,[],False,False,,77.61560602459802,1,-3.0514505351948458,0.993004205290356,-0.0081578844980185,1.0011620897883744,-3.0,4.0,7.0,,,4.0,76.13118864543787,74.43718693030509,80.91907432845774,85.82177389998856,82.7671764611637,90.8085769466442,81.52151541030258,93.48743434222672,core,core,55.80570404983718,29.0,pullback,False,1.0,1.0,1.0,1.0,0.5,3,1.0,95.00000000000001,high,23.66412213740458,58.16733067729084,59.150326797385624,46.33458646616541,False,0.0,53.379060582832956,1.0,53.379060582832956,True,236.0,multi_signal_riser,29,29,1,35,52.047857424730495,7.0,industry concentration
PSX,US,PSX,Common Stock,NYQ,USD,,United States,Unknown,Unknown,standard,TICKER:PSX,NAME:psx,PSX,False,102049603584.0,,,,,,,,,,,,,,,,,,,,,,,,,,,,,,,,,,,,,10.265947,14.597602,,3.2390637,,,,,,,0.0974094255503169,,,,1.99,,,,,,,,,,,,0.0135634939303464,0.1695051391954066,,,,0.3758714466174156,,,,,,,,,,,,,,,,999133.0,999438.0,999824.0,yahoo_screener_sort_order,255.75,224.84005653420508,356.0,-0.0636327191158271,-0.0552939790658689,0.0664692990437629,0.0927330433339905,0.4978585528705759,0.4961396431563707,0.4073910054545451,0.4304966909848597,0.9278373602545448,1.002361632320981,0.7753184882817503,0.7889963384219465,-0.0100523748141582,0.0870158692729226,0.425186758302009,0.0742357075493738,55.19644417745547,0.2775631923163631,0.314891190223627,-0.1727746061591533,656976490.4773436,1.1762487405628477,-0.0673206375782345,0.0673206375782345,0.0673206375782345,1.2937516770959114,0.0652288759602879,0.4366216802917344,0.2089846557958909,0.7774159667120084,,,,2026-09-25,1.0,,89715889107.0177,yahoo_screen_market_cap,,999707.0,,persisted_yahoo_screen_eps_forward,yahoo_screen_current_year_vs_ttm,9.346733668341708,81.58953722334003,94.45005045408678,75.15212981744422,90.9090909090909,88.8661899897855,84.30583501006036,94.45005045408678,76.36916835699797,88.66189989785495,78.57142857142857,93.84460141271444,72.71805273833671,90.60265577119507,79.3103448275862,50.40241448692153,83.18227593152065,91.34419551934828,93.06122448979592,77.11693548387096,70.07150153217569,100.0,,,62.903225806451616,71.03174603174604,,,,,,,77.5,87.93774319066148,,,,,,,73.95498392282958,,,45.103857566765576,,91.55446756425948,96.1800818553888,,,,60.9181141439206,,,,,,,,,0.1451612665918262,0.3178001591859416,91.66666666666666,100.0,0.3526972862787496,93.23915237134209,,100.0,78.14591320147991,66.96077147287467,86.22576359665139,86.22576359665139,,95.05507904473596,70.07681242980948,83.82446440212118,84.68825264641504,90.627322990036,75.45353281187859,84.82336603986634,82.44815302198977,79.02706989482917,80.73761145840948,swing,73.13636363636364,3.777428311655787,71.25,66.19718309859155,,,,,46.34146341463414,,,,,,,,71.25,,,41.07142857142857,,,,,,,,,,,,,,69.7638773819387,,,46.34146341463414,,41.07142857142857,55.28752661032351,52.14069903251964,5.0,0.2631578947368421,,,79.13475301145769,20.86524698854231,64.09690606262272,67.80387035622019,60.40813520514167,True,81.76581505082817,83.23960245735108,[],False,False,,83.16586859268104,1,-3.1233754485610348,1.134106028896636,-0.0554257219728505,1.1895317508694865,-3.0,5.0,8.0,,,2.0,76.17629800970158,71.12598771697189,85.22580094655801,84.68421170278066,82.30882469597225,84.21741899297658,79.01326348923172,90.48925893406152,core,core,56.61286770488571,25.0,pullback,False,1.0,1.0,1.0,1.0,0.5,3,1.0,95.00000000000001,high,23.282442748091604,62.81540504648074,65.359477124183,46.33458646616541,False,0.0,55.00673292418309,1.0,55.00673292418309,True,227.0,multi_signal_riser,29,29,1,35,51.65124782204583,8.0,industry concentration
P,US,P,Common Stock,NYSE,USD,,United States,Unknown,Unknown,standard,TICKER:P,NAME:p,P,False,41986633728.0,,,,,,,,,,,,,,,,,,,,,,,,,,,,,,,,,,,,,33.039993,172.60274,,28.793419,,,,,,,0.0302663502380281,,,,,,,,,,,,,,,,0.0691453654852683,0.0707999874133355,,,,0.737192641393959,,,,,,,,,,,,,,,,,999158.0,999451.0,yahoo_screener_sort_order,126.0,110.77164075585468,356.0,0.2099097439837747,0.2206844934276737,0.2696493622759337,0.300916784806488,0.8218622517082297,0.8197715224358273,1.0309477456578304,1.064290604719599,0.4849735093210343,0.5423780249205656,0.1889301115662971,0.1980901625658842,0.2357363194419006,0.3121555606669677,0.6343811536224822,0.0261197116612954,71.05757697628096,0.7217912520282285,0.7359804773320722,-0.4225936834795234,259246430.87736547,1.6658293081039854,0.0,0.0,0.0,1.4007813758797163,0.2734126174327853,0.760253559571191,0.8427785695306302,0.3174323593115931,,,,2026-09-25,1.0,,36912129427.5053,yahoo_screen_market_cap,,999560.0,,persisted_yahoo_screen_eps_forward,yahoo_screen_current_year_vs_ttm,99.04522613065326,97.08249496981892,99.04137235116043,93.20486815415822,76.30234933605719,50.97037793667008,97.28370221327968,99.04137235116043,93.30628803245436,51.07252298263533,97.08249496981892,99.04137235116043,92.90060851926978,75.38304392236977,82.96146044624746,99.04426559356136,97.88519637462235,96.9450101832994,61.530612244897966,95.46370967741936,98.16138917262512,95.76969209487618,,,,60.71428571428571,,,,,,,68.33333333333333,70.8171206225681,,,,,,,15.755627009646304,,,6.231454005934719,,96.57282741738064,90.45020463847204,,,,76.67493796526055,,,,,,,,,0.1451612665918262,0.3178001591859416,91.66666666666666,100.0,0.6767009851164034,97.98183652875882,,100.0,68.30937822599857,13.446736584504102,88.88237065346688,88.88237065346688,,96.47788429196098,97.34428648778164,95.73773985777149,77.37212376650014,65.98783689342649,93.95551477702442,88.04273201309725,72.53585219650367,58.679695335320034,80.28929210480047,short,72.68181818181819,8.12426215584967,17.5,4.225352112676056,,,,,6.0975609756097535,,,,,,,,17.5,,,,,,,,,,,,,,,,,13.5956917978459,,,6.0975609756097535,,,10.711795327755071,37.275075409799214,4.0,0.2105263157894736,,,66.44572460905478,33.55427539094522,52.213467332625534,57.15034278028754,47.68652179003198,False,30.95238095238095,78.6148457745891,[],False,False,,83.16586859268104,1,2.923798684679696,3.1319962745883343,0.8532402983811241,2.27875597620721,7.0,16.0,9.0,,,,93.94057282273084,97.32259655412965,88.11505832176188,95.89225515355504,72.29341432721303,76.55285096682819,58.596602184741016,65.15690538763639,core,core,,,,,1.0,1.0,1.0,1.0,0.5,3,1.0,95.00000000000001,high,80.02544529262087,94.42231075697211,86.11111111111111,56.015037593984964,False,0.0,77.5680364210539,1.0,77.5680364210539,True,24.0,rising_5run,29,29,1,35,51.15747392298229,9.0,industry concentration
DHT,US,DHT,Common Stock,NYSE,USD,,United States,Unknown,Unknown,standard,TICKER:DHT,NAME:dht,DHT,False,3511710720.0,,,,,,,,,,,,,,,,,,,,,,,,,,,,,,,,,,,,,10.151481,7.4081635,,2.6412807,,,,,,,0.0985077940844296,,,,22.41,,,,,,,,,,,,0.0,0.1235143323234677,,,,0.2509859470696736,,,,,,,,,,,,,,,,999930.0,999752.0,999692.0,yahoo_screener_sort_order,21.780000686645508,19.14766993431241,356.0,-0.064030930030388,-0.0556957362142308,0.1255814086444586,0.1533008960417785,0.3162606647264518,0.3147501527767833,0.3508968166893769,0.3730750151497592,0.9618132532687172,1.0376509290210087,0.7668091350806243,0.7804214253459905,0.0188758897541705,0.1288988489264162,0.358901760176747,0.0644534873768747,58.75283548153276,0.3316039490896847,0.3829325650952726,-0.1718436297204523,74083950.33158481,1.1720804783983796,-0.064030930030388,0.064030930030388,0.064030930030388,0.916341018429902,0.1257967286680759,0.255232189912147,0.1515629799607905,0.8127052634120362,,,,2026-09-25,1.0,,3087285383.4470143,yahoo_screen_market_cap,,999874.0,,persisted_yahoo_screen_eps_forward,yahoo_screen_current_year_vs_ttm,8.944723618090453,91.04627766599596,85.57013118062564,70.28397565922921,91.41981613891728,88.55975485188968,91.95171026156942,85.6710393541877,71.6024340770791,88.25331971399387,90.04024144869214,83.65287588294652,65.61866125760649,91.11338100102144,66.32860040567951,74.14486921529175,88.72104733131924,87.9837067209776,90.71428571428572,76.51209677419355,72.42083758937692,100.0,,,95.96774193548389,87.6984126984127,,,,,,,90.41666666666669,82.10116731517509,,,,,,,75.56270096463022,,,49.85163204747774,,48.71481028151774,93.99727148703955,,,,51.98511166253101,,,,,,,,,0.1451612665918262,0.3178001591859416,91.66666666666666,100.0,0.1710993981346256,82.2401614530777,,100.0,87.98506846694997,69.32971456047204,70.49699995749451,70.49699995749451,,91.75538176925664,76.06400154294053,79.97656134770507,79.77564100324483,89.69230874453349,78.05427102395522,79.7251012503769,79.7421630372243,81.00984554584312,79.7336321438006,long,73.13636363636364,4.459313904299396,79.45205479452055,93.87755102040816,,,,,43.02325581395348,,,,,,,,79.45205479452055,,,100.0,,,,,,,,,,,,,,83.69484780213456,,,43.02325581395348,,100.0,76.92639230482466,60.90137340276302,5.0,0.2631578947368421,,,77.64570901286926,22.35429098713074,68.83165472551788,71.62329149353542,64.8749164680553,True,83.91844552576582,80.62188114106749,[],False,False,,83.16586859268104,1,-2.332188683224956,0.6669294499300463,0.2798521682282768,0.3870772817017695,-2.0,8.0,10.0,,,5.0,79.01514852685231,77.45882372456533,79.84046723361249,80.22302503916293,79.66077648697288,79.50061059205035,81.01052907699149,89.6991440560172,core,core,56.756213449807255,23.0,pullback,False,1.0,1.0,1.0,1.0,0.5,3,1.0,95.00000000000001,high,29.64376590330789,50.46480743691899,40.032679738562095,47.838345864661655,False,0.0,50.31985335306707,1.0,50.31985335306707,True,256.0,multi_signal_riser,29,29,1,35,50.64726850743696,10.0,industry concentration
SMTC,US,SMTC,Common Stock,NasdaqGS,USD,,United States,Unknown,Unknown,standard,TICKER:SMTC,NAME:smtc,SMTC,False,17013261312.0,,,,,,,,,,,,,,,,,,,,,,,,,,,,,,,,,,,,,31.237686,120.72848,,29.613384,,,,,,,0.0320126145067211,,,,,,,,,,,,,,,,4.9692421048969214e-05,0.327114926575164,,,,0.5657787657189525,,,,,,,,,,,,,,,,999088.0,999450.0,999868.0,yahoo_screener_sort_order,182.3000030517578,160.26722577651216,356.0,-0.0145945780986064,-0.0058191330090512,0.2799270689196351,0.3114475986511398,0.2173622908297683,0.2159652724908847,1.4581984095141096,1.498555608900224,2.046966362570546,2.164752725083775,1.3110496545077708,1.3288550179113274,0.1490702886758002,0.2933627924521036,0.595678822254506,0.0833435288569783,63.05947281122196,0.9172197354256588,0.9752408734534748,-0.4073713410190545,392233583.6540572,1.100668355130946,-0.0145945780986064,0.0145945780986064,0.0145945780986064,1.4952187189923751,0.2839434312774371,0.1564473096262484,1.277043573711255,1.9398070594748025,,,,2026-09-25,1.0,,14957038651.89163,yahoo_screen_market_cap,,999476.0,,persisted_yahoo_screen_eps_forward,yahoo_screen_current_year_vs_ttm,45.62814070351759,97.38430583501008,76.99293642785065,96.2474645030426,97.13993871297242,95.30132788559756,97.58551307847084,76.58930373360242,96.2474645030426,95.30132788559756,97.38430583501008,73.05751765893037,96.2474645030426,97.03779366700716,85.09127789046653,96.0764587525151,97.4823766364552,96.0285132382892,94.79591836734694,65.12096774193549,91.41981613891728,100.0,,,59.2741935483871,72.22222222222221,,,,,,,60.83333333333333,89.10505836575877,,,,,,,18.0064308681672,,,5.934718100890205,,75.5201958384333,99.0450204638472,,,,69.4789081885856,,,,,,,,,0.1451612665918262,0.3178001591859416,91.66666666666666,100.0,0.072201024237942,69.3239152371342,,100.0,72.12835864608175,15.079955045797018,84.94845904293054,84.94845904293054,,87.88050790447359,86.59204199678108,87.41232313686336,92.4931945811686,95.77350232557244,85.40936936488858,82.33786100712705,76.36745664838611,62.30231153076804,79.35265882775658,short,73.13636363636364,8.412700011433113,17.857142857142847,4.6875,,,,,5.617977528089888,,,,,,,,17.857142857142858,,,,,,,,,,,,,,,,,13.983718487394952,,,5.617977528089888,,,10.766125810739158,37.29267232736491,4.0,0.2105263157894736,,,66.51844589748856,33.48155410251144,52.42403827987295,57.53382794989752,47.31889024154373,False,50.077205054088,77.38420602621342,[],False,False,,83.16586859268104,1,8.5143552072889,0.8356805245733654,,,54.0,65.0,11.0,,,,86.11004876206121,87.60915725074136,81.86094550950178,86.39345821011845,76.4900077250113,92.90733270217784,62.30588389906423,95.8092260085343,adaptive,adaptive_momentum,,,,,1.0,1.0,1.0,1.0,0.5,3,1.0,95.00000000000001,high,96.56488549618321,55.51128818061088,,84.11654135338345,False,0.0,74.40840240486257,0.8600000000000001,74.40840240486257,True,41.0,sharp_1run_rise,29,29,1,35,50.26629519139294,11.0,industry concentration
AMC,US,AMC,Common Stock,NYSE,USD,,United States,Unknown,Unknown,standard,TICKER:AMC,NAME:amc,AMC,False,2624257536.0,,,,,,,,,,,,,,,,,,,,,,,,,,,,,,,,,,,,,,,,,,,,,,,,,,,,,,,,,,,,,,,0.0,0.36,,,,,,,,,,,,,,,,,,,,,999710.0,,yahoo_screener_sort_order,2.940000057220459,2.584671667941404,356.0,0.0888888908511817,0.0985858992681367,0.0888888908511817,0.1157047583266235,0.3611110835163693,0.3595491022070629,2.0309278046442465,2.0806877252688487,0.006849308357518,0.0457710106405526,-0.0459363531897542,-0.0385858188087883,0.1056788418011052,0.140153586980595,0.6124609527158524,0.0207132070067126,63.419617753943726,0.54149809999847,0.8628764142396519,-0.6984127113277886,50424343.83654313,0.7860649336727248,-0.066666676758458,0.0101010003706325,0.0101010003706325,2.353671709098523,0.0882005909529208,0.3000311393424266,1.85917569007988,-0.1791746549684199,,,,2026-09-25,1.0,,2307089785.941559,yahoo_screen_market_cap,,,,persisted_yahoo_screen_eps_forward,,93.16582914572864,86.82092555331991,88.29465186680122,99.0365111561866,34.52502553626149,28.19203268641471,88.73239436619718,87.89101917255297,99.0365111561866,27.987742594484168,85.01006036217304,86.88193743693239,99.0365111561866,33.605720122574056,96.14604462474644,93.56136820925552,89.82880161127895,96.84317718940936,54.69387755102041,13.911290322580644,70.3779366700715,100.0,,,,85.71428571428571,,,,,,,,,,,,,,,,,,,,48.71481028151774,99.0450204638472,,,,,,,,,,,,,0.1451612665918262,0.3178001591859416,91.66666666666666,100.0,0.215949816924543,85.77194752774975,,100.0,85.71428571428571,,79.56235845778419,79.56235845778419,,92.81491759165826,80.41909255024048,88.25607824572134,72.72009558136057,44.30692619121804,82.10354285630133,86.48932338947291,80.57268201335883,79.73764338654125,81.33811243483008,swing,65.06818181818183,9.47713595060895,,,,,,,,,,,,,,,,,,,,,,,,,,,,,,,,,,,,,,,,0.0,0.0,,,69.46818674514302,30.531813254856985,78.08401678673181,79.60573310729181,73.07324807108628,False,37.20538118182015,77.90267978353424,[],False,False,,83.16586859268104,1,5.1456099943849125,4.48971217255436,0.3456641497548148,4.144048022799545,13.0,19.0,6.0,,,,82.51027788485314,81.00951436588021,86.56893309750451,88.4189162848769,80.16847124192748,71.50746326706651,79.43380070812053,42.08887463874665,adaptive,adaptive_momentum,,,,,1.0,1.0,0.0,1.0,0.5,2,0.6666666666666666,80.0,high,90.96692111959288,99.33598937583001,99.34640522875817,62.40601503759399,False,0.0,82.92613076565188,1.0,82.92613076565188,True,4.0,sharp_1run_rise,29,29,1,35,50.244930616648276,12.0,industry concentration
REP.MC,EUROPE,REP.MC,Common Stock,MCE,EUR,,,Unknown,Unknown,standard,TICKER:REP.MC,NAME:rep mc,REP.MC,False,33306968064.0,,,,,,,,,,,,,,,,,,,,,,,,,,,,,,,,,,,,,8.255492,10.149351,,1.4669858,,,,,,,0.1211314843500544,,,,3.58,,,,,,,,,,,,0.0380159352659531,0.0452361900083717,,,,0.3919628544580177,,,,,,,,,,,,,,,,999966.0,999942.0,999192.0,yahoo_screener_sort_order,31.280000686645508,31.280000686645508,364.0,0.0697674737173683,0.0697674737173683,0.1478899334548811,0.1478899334548811,0.451193263378763,0.451193263378763,0.3010698382196057,0.3010698382196057,1.1630870611424466,1.1630870611424466,0.9189156500202846,0.9189156500202846,0.0693103402251589,0.136396687848384,0.4362387362325477,0.0686696846305618,69.11653872908454,0.2723600289538166,0.282346818686252,-0.2045180360059837,83668759.96144009,1.0320294288861582,-0.0082435073346442,0.0082435073346442,0.0082435073346442,1.066312132080932,0.167294445973735,0.4491112772068568,0.1889758129441252,1.0088925730095075,,,,2026-09-28,0.0,,33306968064.0,yahoo_screen_market_cap,,999981.0,,persisted_yahoo_screen_eps_forward,yahoo_screen_current_year_vs_ttm,91.25628140703516,93.05835010060365,92.9364278506559,64.19878296146044,93.76915219611848,91.6241062308478,91.75050301810866,92.83551967709384,62.88032454361054,91.52196118488254,93.7625754527163,94.24823410696268,71.09533468559837,93.87129724208376,72.41379310344827,89.2354124748491,89.62739174219537,91.64969450101832,91.93877551020408,54.233870967741936,93.3605720122574,100.0,,,77.35042735042735,62.72321428571429,,,,,,,90.40816326530611,19.27710843373494,,,,,,,76.4505119453925,,,48.62637362637362,,94.98164014687882,87.99454297407912,,,,61.9106699751861,,,,,,,,,0.0729422282206241,0.194092137319868,81.81818181818183,72.72727272727273,0.3782510351581388,94.1473259334006,,100.0,59.38955190200887,69.70526629229701,83.6776267810222,83.6776267810222,,82.33510687092928,88.95187211547072,86.63395022896141,82.36671467689578,92.29675454524197,85.2727544197087,81.9414654735967,75.38844833743131,70.93094548197469,78.664956905514,short,73.13636363636364,3.868218666463412,84.61538461538461,73.84615384615384,,,,,60.56338028169014,,,,,,,,84.61538461538461,,,53.84615384615385,,,,,,,,,,,,,,81.44796380090497,,,60.56338028169014,,53.84615384615385,67.97952116924776,57.279158368116505,5.0,0.2631578947368421,,,68.75738879239765,31.24261120760235,62.20351672076556,63.48826157716762,61.98508668577768,False,36.05550454049409,72.47425728848357,[],False,False,,77.61560602459802,1,4.009236268491364,1.889316436362168,0.387659125299831,1.501657311062337,20.0,32.0,12.0,,,,85.5403052201939,89.3402523097234,82.06079342756827,86.88887813062794,75.25507669078564,81.91601049167934,70.93458129778222,92.33311270331733,adaptive,adaptive_momentum,,,,,1.0,1.0,1.0,1.0,0.5,3,1.0,95.00000000000001,high,86.64122137404581,80.47808764940238,73.0392156862745,67.29323308270678,False,0.0,75.19324480118729,1.0,75.19324480118729,True,36.0,multi_signal_riser,29,29,1,35,49.57859326915036,13.0,industry concentration
SHELL.AS,EUROPE,SHELL.AS,Common Stock,AMS,EUR,,,Unknown,Unknown,standard,TICKER:SHELL.AS,NAME:shell as,SHELL.AS,False,244296450048.0,,,,,,,,,,,,,,,,,,,,,,,,,,,,,,,,,,,,,9.760439,10.787154,,1.5030715,,,,,,,0.1024544080445561,,,,3.24,,,,,,,,,,,,0.0012980643220339,0.094048422717607,,,,0.314729179936237,,,,,,,,,,,,,,,,999982.0,999971.0,999987.0,yahoo_screener_sort_order,42.834999084472656,42.834999084472656,364.0,0.0505210909014024,0.0505210909014024,0.0889792826099649,0.0889792826099649,0.2879266617545721,0.2879266617545721,0.0649625022821089,0.0649625022821089,0.4441296909958228,0.4441296909958228,0.3356254712007112,0.3356254712007112,0.0376444160724993,0.075382242510027,0.1902128625841956,0.0302298757486652,66.73486565243186,0.1835458606180688,0.1930245326812298,-0.1731186767798671,179880916.42287445,1.0070009136189229,0.0,0.0,0.0,0.3365504963526642,0.1083837951288188,0.285844675582666,-0.0544778000821728,0.3014479372327958,,,,2026-09-28,0.0,,244296450048.0,yahoo_screen_market_cap,,999995.0,,persisted_yahoo_screen_eps_forward,yahoo_screen_current_year_vs_ttm,87.93969849246231,86.92152917505031,83.95560040363269,33.164300202839755,73.23799795709908,64.75995914198161,83.90342052313883,84.05650857719476,31.643002028397564,63.63636363636363,88.02816901408451,85.97376387487387,40.16227180527384,74.36159346271705,38.843813387423936,82.3943661971831,80.36253776435045,73.72708757637476,66.73469387755102,49.899193548387096,98.16138917262512,100.0,,,88.46153846153845,80.13392857142857,,,,,,,98.57142857142858,92.570281124498,,,,,,,67.91808873720137,,,48.07692307692307,,79.06976744186046,92.36016371077764,,,,56.69975186104218,,,,,,,,,0.0729422282206241,0.194092137319868,81.81818181818183,72.72727272727273,0.214984433533948,85.6710393541877,,100.0,92.58093307295115,63.108109183194514,79.77263020530542,79.77263020530542,,79.79222089716541,85.09720882198438,73.6749897040582,56.14491521505576,68.67792623859121,84.43905133004115,77.43853158138552,74.17967115070627,79.28882344198976,78.36367751168764,short,73.13636363636364,2.380960054878945,82.35294117647058,84.21052631578948,,,,,84.21052631578948,,,,,,,,82.35294117647058,,,35.294117647058826,,,,,,,,,,,,,,82.8992897468585,,,84.21052631578948,,35.294117647058826,70.0398632105061,58.11330494352474,5.0,0.2631578947368421,,,87.04881185072267,12.951188149277328,70.4042552400213,74.31943680122814,65.48762871299844,False,30.95238095238095,77.34446395326376,[],False,False,,77.61560602459802,1,4.211450862743007,2.8600037168879995,0.1930237419872746,2.666979974900725,22.0,35.0,13.0,,,,84.54970945623069,85.2578415858079,77.55327624381908,73.92012602834811,73.90462181832098,55.21543816078823,79.28053387583765,68.59503057707005,adaptive,adaptive_balanced,,,,,1.0,1.0,1.0,1.0,0.5,3,1.0,95.00000000000001,high,87.53180661577609,92.56308100929614,91.83006535947712,68.42105263157895,False,0.0,80.48339166884047,1.0,80.48339166884047,True,11.0,rising_5run,29,29,1,35,49.27731387532401,14.0,industry concentration
KIN.BR,EUROPE,KIN.BR,Common Stock,Brussels,EUR,,,Unknown,Unknown,standard,TICKER:KIN.BR,NAME:kin br,KIN.BR,False,1348130304.0,,,,,,,,,,,,,,,,,,,,,,,,,,,,,,,,,,,,,16.293121,22.5,,4.626825,,,,,,,0.0613755952588825,,,,1.29,,,,,,,,,,,,0.0,0.0724817591398266,,,,0.1157883102477765,,,,,,,,,,,,,,,,999978.0,999994.0,999963.0,yahoo_screener_sort_order,50.5,50.5,364.0,0.0059760803287083,0.0059760803287083,0.0813704320124162,0.0813704320124162,0.4205344889952689,0.4205344889952689,0.9818070616182176,0.9818070616182176,0.620912798323924,0.620912798323924,0.5036642075256508,0.5036642075256508,0.0268923764589223,0.1253481894150419,0.5256011091961623,0.0628864665751618,72.5241596762346,0.1995001171863602,0.2341559986183782,-0.2354787845142461,1988728.7305374143,0.9496868785304204,-0.0059054968812221,0.0059054968812221,0.0059054968812221,4.192961390745078,0.1007749445312701,0.4184525028233627,0.9052083663841546,0.4637649818297624,,,,2026-09-28,0.0,,1348130304.0,yahoo_screen_market_cap,,999988.0,,persisted_yahoo_screen_eps_forward,yahoo_screen_current_year_vs_ttm,68.04020100502512,84.90945674044266,91.2209889001009,92.59634888438134,83.75893769152196,76.91521961184883,82.09255533199196,91.42280524722504,92.4949290060852,76.30234933605719,87.12273641851107,93.23915237134209,93.6105476673428,83.2482124616956,99.0365111561866,77.66599597585513,88.11681772406847,94.5010183299389,90.40816326530611,38.20564516129033,94.48416751787538,89.90336129506159,,,85.04273504273505,97.54464285714286,,,,,,,93.6734693877551,83.13253012048193,,,,,,,22.525597269624576,,,13.461538461538458,,48.71481028151774,90.72305593451568,,,,37.71712158808933,,,,,,,,,0.0729422282206241,0.194092137319868,81.81818181818183,72.72727272727273,0.3475922607746448,92.73461150353178,,100.0,88.96235457266008,20.32824967978552,65.49968297597327,65.49968297597327,,81.91129254196863,78.96801962981151,92.5062369104265,89.06225810988482,83.91246353746642,78.42625708013696,80.90956827624248,75.06204826375381,66.0067875417662,76.74415267194539,swing,73.13636363636364,3.652005422562433,17.808219178082194,28.98550724637681,,,,,9.876543209876544,,,,,,,,17.80821917808219,,,13.79310344827586,,,,,,,,,,,,,,21.095656845227666,,,9.876543209876544,,13.79310344827586,15.950749336254631,36.2148782737873,5.0,0.2631578947368421,,,78.12987415050709,21.870125849492908,54.244195428058326,60.08171743534136,46.68805800181547,False,38.698474640121376,73.87697869506746,[],False,False,,77.61560602459802,1,-1.0048549612101851,-0.3885668475623759,-0.0902475409021548,-0.2983193066602211,1.0,15.0,14.0,,,,78.82785821150911,79.55098901406139,80.91386229361056,92.51541049298557,74.91325281823902,88.55943212159342,65.9412376192604,83.25696431240853,adaptive,adaptive_momentum,,,,,1.0,1.0,1.0,1.0,0.5,3,1.0,95.00000000000001,high,40.0763358778626,23.638778220451528,22.875816993464053,50.6578947368421,False,0.0,44.47212152327179,1.0,44.47212152327179,True,303.0,multi_signal_riser,29,29,1,35,47.65778903558174,15.0,industry concentration
OMV.VI,EUROPE,OMV.VI,Common Stock,Vienna,EUR,,,Unknown,Unknown,standard,TICKER:OMV.VI,NAME:omv vi,OMV.VI,False,23765477376.0,,,,,,,,,,,,,,,,,,,,,,,,,,,,,,,,,,,,,8.91645,15.283019,,1.5703084,,,,,,,0.1121522579053322,,,,4.4,,,,,,,,,,,,0.0298095622500275,0.0754069888330337,,,,0.5034549955342179,,,,,,,,,,,,,,,,,,999939.0,yahoo_screener_sort_order,72.80000305175781,72.80000305175781,362.0,0.0297030579089414,0.0297030579089414,0.0627737671789461,0.0627737671789461,0.3272562457062922,0.3272562457062922,0.2378030817295386,0.2378030817295386,0.705081825519541,0.705081825519541,0.6206181517827747,0.6206181517827747,0.0240900673268642,0.0767797574963182,0.2806453161328133,0.0484636188048333,63.232125573248005,0.2081454776980354,0.21082950896877,-0.1084904912484372,15868838.117149351,0.918239062652246,-0.0068212821170955,0.0068212821170955,0.0068212821170955,1.1279402152606834,0.0821782796978,0.325174259534386,0.1337654951798055,0.5597231950928301,,,,2026-09-28,0.0,,23765477376.0,yahoo_screen_market_cap,,999919.0,,persisted_yahoo_screen_eps_forward,yahoo_screen_current_year_vs_ttm,82.71356783919597,80.78470824949699,85.97376387487387,56.18661257606491,86.31256384065374,84.47395301327886,77.46478873239437,86.07467204843591,54.86815415821501,83.86108273748724,82.69617706237425,88.59737638748739,63.69168356997972,86.72114402451481,74.13793103448276,76.76056338028168,80.66465256797582,83.80855397148676,85.10204081632654,32.056451612903224,93.87129724208376,100.0,,,,,,,,,,,57.55102040816327,67.06827309236948,,,,,,,72.35494880546075,,,45.87912087912088,,94.36964504283964,90.85948158253753,,,,66.62531017369727,,,,,,,,,0.0729422282206241,0.194092137319868,81.81818181818183,72.72727272727273,0.254314017485668,87.5882946518668,,100.0,62.30964675026638,65.93656627786321,85.97607298339662,85.97607298339662,,80.36739748646913,79.47991162992739,81.22437966943897,76.15953304985564,85.01951371401857,79.03703139988242,79.7978620717857,74.21217867083452,70.49839895798922,76.62460503535847,swing,72.3409090909091,1.9449811353626203,83.07692307692307,46.15384615384615,,,,,54.929577464788736,,,,,,,,83.07692307692308,,,69.23076923076923,,,,,,,,,,,,,,72.21719457013575,,,54.929577464788736,,69.23076923076923,66.58551611327088,56.71478385152668,5.0,0.2631578947368421,,,74.77216997820388,25.227830021796123,63.52948518521039,65.21130086499367,62.891242267515565,False,35.17507940582105,70.53353324432878,[],False,False,,77.61560602459802,1,5.405433931947314,1.2115649427989723,0.5251947391987961,0.6863702036001762,44.0,59.0,15.0,,,,79.1346865794238,79.62166914861648,79.88762623199494,81.41614855715873,74.04721741197362,75.60207776129124,70.50184462700058,85.05397040413206,adaptive,adaptive_momentum,,,,,1.0,1.0,1.0,1.0,0.5,3,1.0,95.00000000000001,high,91.98473282442748,65.07304116865869,49.01960784313725,80.16917293233082,False,0.0,70.73196131779329,1.0,70.73196131779329,True,67.0,sharp_1run_rise,29,29,1,35,47.458695944449374,16.0,industry concentration
TRMD-A.CO,EUROPE,TRMD-A.CO,Common Stock,Copenhagen,DKK,,,Unknown,Unknown,standard,TICKER:TRMD-A.CO,NAME:trmd a co,TRMD-A.CO,False,24143462400.0,,,,,,,,,,,,,,,,,,,,,,,,,,,,,,,,,,,,,7.6461105,5.887359,,1.4498444,,,,,,,0.1307854496740532,,,,12.68,,,,,,,,,,,,0.140753004089369,0.2729251341710419,,,,-0.7913224030037548,,,,,,,,,,,,,,,,999992.0,999992.0,999984.0,yahoo_screener_sort_order,235.1999969482422,31.46277800123633,355.0,-0.0477732917075215,-0.0477732917075215,0.1245999366567132,0.1245397614209884,0.3846267928701103,0.3844415709059781,0.3425601205459407,0.3418776607160865,0.7098494398365012,0.7072876963108281,0.5182477506976315,0.5159729483795599,0.0342918426141436,0.1333965082595092,0.3032615436358392,0.0508585432654331,58.9241990364654,0.4952972689423827,0.4138510573814515,-0.2330444577143079,12500788.226432491,1.6617753447559205,-0.0622009805171184,0.0622009805171184,0.0622009805171184,0.8277376955695415,0.1439442739398423,0.3823595847340719,0.1955427695766418,0.5209970067663889,,,,2026-09-28,0.0,,3229678603.437897,yahoo_screen_market_cap,,999228.0,,persisted_yahoo_screen_eps_forward,yahoo_screen_current_year_vs_ttm,16.08040201005025,90.84507042253522,90.11099899091826,68.96551724137932,86.51685393258427,78.14096016343207,89.43661971830986,89.70736629667003,67.95131845841786,76.91521961184883,91.75050301810866,91.2209889001009,71.70385395537525,85.59754851889684,62.06896551724138,81.08651911468813,89.12386706948641,85.33604887983707,86.53061224489797,95.26209677419357,73.23799795709908,100.0,,,98.07692307692308,93.97321428571428,,,,,,,24.897959183673468,91.16465863453816,,,,,,,79.52218430034131,,,49.17582417582418,,99.02080783353732,97.81718963165076,,,,2.977667493796526,,,,,,,,,0.0729422282206241,0.194092137319868,81.81818181818183,72.72727272727273,0.3116845646494862,91.42280524722504,,100.0,68.75163582114959,72.165490936822,75.03787736443358,75.03787736443358,,81.5177506650766,79.81256664387418,81.02958776409172,76.58131531177358,82.97807946557005,78.55816378141982,78.08349187713527,74.22977679497912,73.12504521883639,76.1566343360572,short,73.13636363636364,5.4663866461233575,76.7123287671233,75.36231884057972,,,,,50.617283950617285,,,,,,,,76.71232876712328,,,96.55172413793105,,,,,,,,,,,,,,76.31526702402225,,,50.617283950617285,,96.55172413793105,74.79817647971775,60.039747562638766,5.0,0.2631578947368421,,,67.4904002258821,32.5095997741179,64.17047821363099,65.5850369970222,62.880678022202055,True,80.30946023743,76.33150969521938,[],False,False,,77.61560602459802,1,5.024649692518807,1.2340604873864691,,,44.0,60.0,16.0,,,9.0,79.27791211669211,80.85736261443074,78.34707344738969,81.59269384599887,74.09010273866231,76.10931332835817,73.10017834101146,82.72941068732081,core,core,51.39197821414972,46.0,pullback,False,1.0,1.0,1.0,1.0,0.5,3,1.0,95.00000000000001,high,90.5852417302799,66.40106241699867,,80.16917293233082,False,0.0,74.13464774032737,0.8600000000000001,74.13464774032737,True,42.0,sharp_1run_rise,29,29,1,35,47.070270699693566,17.0,industry concentration
SHEL,US,SHEL,Common Stock,NYQ,USD,,United States,Unknown,Unknown,standard,TICKER:SHEL,NAME:shel,SHEL,False,273189879808.0,,,,,,,,,,,,,,,,,,,,,,,,,,,,,,,,,,,,,9.249048,10.5834255,,1.475718,,,,,,,0.1081192356229527,,,,3.26,,,,,,,,,,,,0.0016522365546957,0.1483401347668811,,,,0.2354933813156271,,,,,,,,,,,,,,,,999205.0,,999546.0,yahoo_screener_sort_order,95.77999877929688,84.20402870140059,356.0,0.0131161185927795,0.0221383389606146,0.0560088423592073,0.0820149788966673,0.2625036278909236,0.261054806340957,0.0578943815901538,0.0752622451124975,0.3774721574886401,0.4307210009569862,0.2906340192950829,0.3005776428298341,0.0119119875007942,0.0470172885660675,0.1477172103678301,0.0274729387232235,58.14200173556702,0.2212081931116688,0.2238972670091928,-0.1797772633407529,482116809.70209646,1.0058499950872428,-0.0320363644943156,0.0320363644943156,0.0320363644943156,0.2585756510720463,0.0545108115229646,0.2015368434763207,-0.1462497900764712,0.2057753353480136,,,,2026-09-25,1.0,,240172152573.2293,yahoo_screen_market_cap,,999636.0,,persisted_yahoo_screen_eps_forward,yahoo_screen_current_year_vs_ttm,74.9748743718593,78.77263581488934,82.03834510595358,31.84584178498985,67.21144024514811,60.67415730337079,82.3943661971831,81.83652875882946,32.758620689655174,60.16343207354444,75.25150905432596,78.6074672048436,28.600405679513187,65.57711950970378,36.004056795131845,69.91951710261569,70.69486404833837,66.29327902240327,63.57142857142857,49.29435483870967,85.90398365679265,100.0,,,65.32258064516128,,,,,,,,72.91666666666666,75.09727626459144,,,,,,,83.92282958199357,,,79.22848664688428,,80.6609547123623,95.36152796725784,,,,50.62034739454094,,,,,,,,,0.1451612665918262,0.3178001591859416,91.66666666666666,100.0,0.1173423612990973,76.08476286579213,,100.0,72.42799131645309,82.7848070522701,80.14643809443062,80.14643809443062,,89.90876219307097,77.25373961685511,67.79178295235563,51.74574532162029,63.55052668284476,78.63806929366261,75.19064198761387,71.06545890730511,76.99043702957532,76.09053950859459,short,72.79545454545455,2.938040146561627,94.33962264150944,97.9591836734694,,,,,93.87755102040816,,,,,,,,94.33962264150944,,,85.0,,,,,,,,,,,,,,95.40419941561532,,,93.87755102040816,,85.0,92.09007502372016,67.0405162039353,5.0,0.2631578947368421,,,75.98717586603632,24.01282413396368,70.6833713673483,71.6952722149542,69.96150713216302,True,52.7922148593014,73.74543085318173,[],False,False,,83.16586859268104,1,10.987455846866055,3.3243411118023416,0.7154347347431986,2.608906377059143,128.0,145.0,17.0,,,16.0,78.71461588450971,77.36485563582667,75.44424864709502,68.3335789976108,70.77349626960785,50.759112959746766,76.98087953295365,63.45495171662819,core,core,47.27433139494365,92.0,pullback,False,1.0,1.0,1.0,1.0,0.5,3,1.0,95.00000000000001,high,98.72773536895674,95.48472775564409,91.50326797385621,96.14661654135338,False,0.0,85.7439033764835,1.0,85.7439033764835,True,2.0,sharp_1run_rise,29,29,1,35,46.97008496314004,18.0,industry concentration
OKTA,US,OKTA,Common Stock,NasdaqGS,USD,,United States,Unknown,Unknown,standard,TICKER:OKTA,NAME:okta,OKTA,False,34123296768.0,,,,,,,,,,,,,,,,,,,,,,,,,,,,,,,,,,,,,44.5794,117.58434,,4.893574,,,,,,,0.022431885579438,,,,,,,,,,,,,,,,0.0,0.0005846777877253,,,,0.5774995609558692,,,,,,,,,,,,,,,,-999004.0,,999567.0,yahoo_screener_sort_order,195.19000244140625,171.59933991725282,356.0,0.0702966917117087,0.0798281288632574,0.1288531508150052,0.1566532108081118,0.5705664978966984,0.5687641501350453,1.458931836672515,1.4993010770175497,1.1719149491049703,1.2558745112077028,0.8961508831323035,0.9107596802545516,0.0782890884791114,0.2338733404560158,0.7879867803485137,0.0990850541633143,62.08227272910937,0.6623560280791639,0.7996933148671889,-0.3370206329632611,626304466.6741877,1.1870799520277393,-0.0554103609275163,0.0554103609275163,0.0554103609275163,1.8243641775532549,0.1291490434344091,0.509246187270409,1.2777890418285809,1.0309288455987302,,,,2026-09-25,1.0,,29999155325.31995,yahoo_screen_market_cap,,,,persisted_yahoo_screen_eps_forward,yahoo_screen_current_year_vs_ttm,91.356783919598,91.34808853118712,96.16548940464178,96.34888438133872,93.87129724208376,91.317671092952,92.0523138832998,96.06458123107971,96.34888438133872,91.317671092952,90.44265593561369,95.66094853683148,96.34888438133872,93.97344228804904,90.06085192697769,90.14084507042254,95.9718026183283,99.0325865580448,97.14285714285714,78.125,75.58733401430031,100.0,,,55.24193548387096,,,,,,,,,76.65369649805449,,,,,,,11.575562700964625,,,32.937685459940646,,48.71481028151774,60.84583901773534,,,,70.22332506203473,,,,,,,,,0.1451612665918262,0.3178001591859416,91.66666666666666,100.0,0.4254052313048722,95.35822401614531,,100.0,70.06546233984417,16.754259127383055,59.58248573989101,59.58248573989101,,95.69080053817692,89.57131437330925,91.87900273496724,94.50828662081456,94.32359226132876,85.06883417827392,79.25904997296443,71.46917243163472,58.93591417848464,75.36411120229957,short,71.77272727272728,7.846133702096615,10.0,11.267605633802807,,,,,32.92682926829268,,,,,,,,10.0,,,,,,,,,,,,,,,,,10.37282518641259,,,32.92682926829268,,,19.04744214098185,39.97488004566214,4.0,0.2105263157894736,,,58.457788685330286,41.542211314669714,49.70833710829415,53.2111027692922,45.2625641702253,False,64.74596704487081,75.19677747482008,[],False,False,,83.16586859268104,1,-3.161738372354904,0.3229663935397696,-0.1434712437239383,0.4664376372637079,-4.0,14.0,18.0,,,,85.17963490503483,89.73215413796218,79.45854224927498,92.30519077981248,71.4289368430462,94.37231808006716,58.90711589745943,94.03560945107662,core,core,,,,,1.0,1.0,1.0,1.0,0.5,3,1.0,95.00000000000001,high,22.900763358778626,39.176626826029214,41.830065359477125,44.92481203007519,False,0.0,45.52319721288645,1.0,45.52319721288645,True,298.0,multi_signal_riser,29,29,1,35,46.1413839295723,19.0,industry concentration
TRMD,US,TRMD,Common Stock,NasdaqGS,USD,,United States,Unknown,Unknown,standard,TICKER:TRMD,NAME:trmd,TRMD,False,3522974720.0,,,,,,,,,,,,,,,,,,,,,,,,,,,,,,,,,,,,,7.944444,5.644737,,1.3780365,,,,,,,0.1258741329160354,,,,12.88,,,,,,,,,,,,0.0,0.0,,,,0.1999999999999999,,,,,,,,,,,,,,,,999767.0,999545.0,999489.0,yahoo_screener_sort_order,34.31999969482422,30.172084737588182,356.0,-0.1022756969455979,-0.0942810886839424,0.1588453977510873,0.1873840713216543,0.374535040454431,0.3729576541057504,0.3868754958889868,0.4096443703194161,0.8058303016313484,0.8756381554882835,0.5923187938077059,0.6045867321978475,0.0061785411183841,0.1284206996884829,0.3181185388308984,0.0597207027075832,55.91693524091843,0.5096363441513617,0.4146573666855566,-0.2352551407503995,45423334.40241285,1.9326109757608287,-0.1022756969455979,0.1022756969455979,0.1022756969455979,0.9330004166605406,0.1598799039479517,0.3134396912411141,0.1881323351304473,0.6506924898793109,,,,2026-09-25,1.0,,3097188016.474585,yahoo_screen_market_cap,,999895.0,,persisted_yahoo_screen_eps_forward,yahoo_screen_current_year_vs_ttm,3.1155778894472363,93.46076458752516,89.20282542885974,74.34077079107504,88.66189989785495,82.73748723186925,93.56136820925552,88.69828456104945,75.05070993914808,82.73748723186925,93.158953722334,87.89101917255297,70.6896551724138,88.1511746680286,66.83569979716025,65.3923541247485,88.62034239677745,86.0488798370672,89.28571428571429,97.78225806451611,56.69050051072523,100.0,,,88.30645161290323,79.36507936507937,,,,,,,93.75,73.15175097276264,,,,,,,92.28295819935693,,,83.38278931750742,,48.71481028151774,44.474761255115965,,,,46.65012406947891,,,,,,,,,0.1451612665918262,0.3178001591859416,91.66666666666666,100.0,0.2293737738626047,86.68012108980827,,100.0,83.7374721320686,90.12534150072672,46.24632751024891,46.24632751024891,,93.0873696602758,75.9721015647639,79.3473740174228,79.56465460501133,86.21978466873915,74.8446211239482,74.17352957380545,75.37479359891347,81.30315864575725,75.10970736143084,long,73.13636363636364,5.501185777206727,91.78082191780824,100.0,,,,,79.06976744186046,,,,,,,,91.78082191780824,,,85.71428571428571,,,,,,,,,,,,,,94.19822723609994,,,79.06976744186046,,85.71428571428571,87.63922687052947,65.23855338887833,5.0,0.2631578947368421,,,65.65984574748984,34.34015425251016,66.22677347035972,67.0776430466732,63.41516342556547,True,70.73409236701082,71.71686796997679,[],False,False,,83.16586859268104,1,,,0.4451177652313952,,,,19.0,,,29.0,75.97023562988083,77.60605810563385,74.50666788273631,80.05907858650235,75.2720872259995,79.21757789654345,81.28907887073132,86.07898691847981,adaptive,adaptive_momentum,48.00074581208585,77.0,pullback,False,1.0,1.0,1.0,1.0,0.5,3,1.0,95.00000000000001,high,,,,,True,100.0,80.2929122499098,0.33999999999999997,68.72652757267151,True,81.0,new_exact,29,29,1,35,46.02334372506721,20.0,industry concentration
EQNR,US,EQNR,Common Stock,NYQ,USD,,United States,Unknown,Unknown,standard,TICKER:EQNR,NAME:eqnr,EQNR,False,100013350912.0,,,,,,,,,,,,,,,,,,,,,,,,,,,,,,,,,,,,,10.13951,11.433604,,4.7634635,,,,,,,0.0986240952472062,,,,3.7,,,,,,,,,,,,0.0286617238851703,0.1196361407851571,,,,0.3534437443492034,,,,,,,,,,,,,,,,999858.0,999354.0,,yahoo_screener_sort_order,42.18999862670898,37.09091564577628,356.0,-0.0430937064936114,-0.0345720579945478,0.0154031143537924,0.0404092610575004,0.3728589915064098,0.3712835285548437,0.0465867812085434,0.0637690034574194,0.723680295816093,0.7903124827262966,0.7075029855992063,0.7206583546809353,-0.0309503659631941,0.0171514079904309,0.2272203034809963,0.0648081188810802,47.38857271395178,0.3764038931971583,0.404800201469237,-0.260673016229618,134330951.8304828,0.99017942224696,-0.0778142376675632,0.0778142376675632,0.0778142376675632,0.1150858646795505,0.0129050936837977,0.3117655656902074,-0.1577430317315493,0.5653668171173241,,,,2026-09-25,1.0,,87925737920.74046,yahoo_screen_market_cap,,999552.0,,persisted_yahoo_screen_eps_forward,yahoo_screen_current_year_vs_ttm,19.09547738693467,64.28571428571429,89.00100908173562,30.425963488843816,87.23186925434116,87.53830439223698,69.41649899396378,88.49646821392533,31.33874239350913,87.33401430030644,60.865191146881294,87.68920282542886,27.180527383367146,86.92543411644536,28.904665314401623,31.18712273641851,59.21450151057401,79.63340122199592,90.81632653061224,46.37096774193548,65.57711950970378,77.16571814185534,,,92.33870967741936,68.25396825396825,,,,,,,67.5,,,,,,,,75.88424437299035,,,33.82789317507419,,94.12484700122398,93.58799454297407,,,,60.04962779156328,,,,,,,,,0.1451612665918262,0.3178001591859416,91.66666666666666,100.0,0.2276977249145835,86.47830474268416,,100.0,73.85104646697388,65.68876529470764,85.56503264016655,85.56503264016655,,93.02682475613858,54.934595252958495,64.73015185400037,63.03559108192613,87.15663311646918,64.38206486172736,74.95651551348278,74.44029305691025,76.34356732568332,74.69840428519652,long,72.11363636363636,5.614515698753791,76.25,88.73239436619718,,,,,34.14634146341463,,,,,,,,76.25,,,75.89285714285714,,,,,,,,,,,,,,79.92129246064623,,,34.14634146341463,,75.89285714285714,66.0870184842516,56.51296294908972,5.0,0.2631578947368421,,,73.12992717982263,26.87007282017737,64.93239887687945,67.69783891683223,62.40922347972933,True,69.27923155214515,75.47510667898294,[],False,False,,83.16586859268104,1,1.3777668086667632,,,,19.0,39.0,20.0,,,12.0,64.9807604859604,55.80366954620001,75.67609769439947,66.26744105868602,74.18472411641253,62.17194431748557,76.35139193174093,87.23487917704523,core,core,51.57995355806355,44.0,pullback,False,1.0,1.0,1.0,1.0,0.5,3,1.0,95.00000000000001,high,67.30279898218829,,,66.9172932330827,False,0.0,66.16142347981571,0.6600000000000001,66.16142347981571,True,102.0,multi_signal_riser,29,29,1,35,45.509767921560154,21.0,industry concentration
BIRG.IR,EUROPE,BIRG.IR,Common Stock,Irish,EUR,,,Unknown,Unknown,standard,TICKER:BIRG.IR,NAME:birg ir,BIRG.IR,False,18935439360.0,,,,,,,,,,,,,,,,,,,,,,,,,,,,,,,,,,,,,10.944389,14.874074,,1.4546509,,,,,,,0.0913710212603006,,,,4.18,,,,,,,,,,,,0.0,0.0041804516195843,,,,0.1676582836497259,,,,,,,,,,,,,,,,999988.0,999990.0,999993.0,yahoo_screener_sort_order,20.09000015258789,20.09000015258789,362.0,-0.0122910520218552,-0.0122910520218552,0.0582038191578371,0.0582038191578371,0.1447294031878698,0.1447294031878698,0.3566057300754193,0.3566057300754193,0.4993856800459968,0.4993856800459968,0.3848029903128145,0.3848029903128145,0.0045125523489693,0.0452816672518012,0.1711250747814601,0.0279877041844538,57.0678610155957,0.1942998545243489,0.2038924364740814,-0.1447925504209543,42394942.07633972,1.1548664436659004,-0.0137457376097017,0.0127764237841777,0.0137457376097017,1.7489894978068523,0.077608331676691,0.1426474170159637,0.188239443650606,0.3679186352157089,,,,2026-09-28,0.0,,18935439360.0,yahoo_screen_market_cap,,999998.0,,persisted_yahoo_screen_eps_forward,yahoo_screen_current_year_vs_ttm,47.83919597989949,79.47686116700201,64.88395560040362,71.39959432048681,77.63023493360572,68.84576098059244,76.35814889336015,64.88395560040362,69.67545638945232,67.6200204290092,82.09255533199196,70.33299697275478,70.89249492900609,78.24310520939734,89.55375253549695,62.97786720321932,70.1913393756294,70.16293279022403,64.38775510204081,74.09274193548387,91.82839632277836,100.0,,,92.73504273504274,92.1875,,,,,,,98.57142857142858,97.18875502008032,,,,,,,58.70307167235495,,,48.90109890109891,,48.71481028151774,69.84993178717599,,,,42.67990074441687,,,,,,,,,0.0729422282206241,0.194092137319868,81.81818181818183,72.72727272727273,0.0717871749672457,69.02119071644803,,100.0,96.37377293055005,56.32683584902015,57.03720572631037,57.03720572631037,,74.79726630584351,76.90888366777232,75.80713011021356,71.29579628204131,70.35280323062594,75.75943471070649,72.20428175114229,73.02393882189536,75.50999794372743,74.2669683828114,short,73.13636363636364,2.1619489647587886,75.99999999999999,58.10810810810811,,,,,60.0,,,,,,,,76.0,,,56.71641791044776,,,,,,,,,,,,,,70.73767885532591,,,59.99999999999999,,56.71641791044777,63.86019557749146,55.6114152135593,5.0,0.2631578947368421,,,82.07196258214702,17.928037417852977,66.37564133367707,69.9849553250078,60.5168927911802,False,48.87987059809457,73.042033390124,[],False,False,,77.61560602459802,1,-1.4650601591162484,1.5101069945090102,0.1875156067055257,1.3225913878034845,1.0,24.0,23.0,,,,75.95439128320086,77.19188514397382,71.83296668041257,75.01386609547276,73.01080227443967,71.25140381132904,75.53764648370289,70.62928863038051,adaptive,adaptive_momentum,,,,,1.0,1.0,1.0,1.0,0.5,3,1.0,95.00000000000001,high,35.49618320610687,73.17397078353254,68.30065359477125,50.6578947368421,False,0.0,59.18602302867527,1.0,59.18602302867527,True,200.0,multi_signal_riser,29,29,1,35,45.180604746447756,22.0,industry concentration
NAT,US,NAT,Common Stock,NYSE,USD,,United States,Unknown,Unknown,standard,TICKER:NAT,NAME:nat,NAT,False,1634715008.0,,,,,,,,,,,,,,,,,,,,,,,,,,,,,,,,,,,,,16.967031,13.310345,,3.4219856,,,,,,,0.0589378306670153,,,,13.99,,,,,,,,,,,,0.0,0.0,,,,0.1830985915492957,,,,,,,,,,,,,,,,999339.0,999507.0,999917.0,yahoo_screener_sort_order,7.71999979019165,6.786960661860183,356.0,-0.0642424496737393,-0.0559091395279724,0.1860607715366742,0.2152696731377232,0.3705592097187553,0.3689863859464679,0.4961780951385526,0.5207414328532565,1.6133462144241584,1.714370153633336,1.2651601485819477,1.2826119586432707,0.0471517027633496,0.1477081819358705,0.4887928212553398,0.0844251823344108,62.51958932208028,0.3135063301764155,0.3775433429307946,-0.184465934203354,32194686.330583014,1.3442218002838866,-0.0642424496737393,0.0642424496737393,0.0642424496737393,1.3142281659287638,0.1877655057640206,0.3094684230818316,0.2992293976642877,1.4894244880243634,,,,2026-09-25,1.0,,1437143361.939525,yahoo_screen_market_cap,,999878.0,,persisted_yahoo_screen_eps_forward,yahoo_screen_current_year_vs_ttm,8.743718592964825,94.8692152917505,88.69828456104945,82.45436105476674,95.81205311542392,94.99489274770173,95.17102615694164,88.29465186680122,82.86004056795132,94.99489274770173,94.8692152917505,87.38647830474268,80.4259634888438,95.70990806945862,80.52738336713996,85.2112676056338,90.6344410876133,93.48268839103868,95.3061224489796,87.3991935483871,72.11440245148111,100.0,,,68.14516129032258,75.39682539682539,,,,,,,91.25,94.1634241245136,,,,,,,43.08681672025723,,,43.026706231454,,48.71481028151774,44.474761255115965,,,,44.04466501240695,,,,,,,,,0.1451612665918262,0.3178001591859416,91.66666666666666,100.0,0.225397943126929,86.27648839556004,,100.0,86.69967753889556,43.07224448054736,45.61084969145087,45.61084969145087,,92.96627985200134,79.70513349498889,85.22228056453909,88.57713003716306,95.09310955265715,77.55553516208391,75.0313178876953,73.35444632917878,70.57117212405497,74.19288210843703,short,73.13636363636364,4.624171235375142,41.0958904109589,79.59183673469389,,,,,37.20930232558139,,,,,,,,41.0958904109589,,,96.42857142857144,,,,,,,,,,,,,,52.41822756499861,,,37.20930232558139,,96.42857142857144,60.41862162726407,54.2180654361393,5.0,0.2631578947368421,,,68.67679594135234,31.32320405864766,60.72367576953566,63.21619567590706,55.9599153526088,True,83.84919802347818,75.53671024606042,[],False,False,,83.16586859268104,1,-6.369941290467537,-0.7779429911574027,-0.2621002535258142,-0.5158427376315885,-13.0,11.0,24.0,,,11.0,78.53969258000033,81.13374910164175,75.1334771904547,85.44052998407058,73.33066969214532,88.49678140167062,70.57543562936054,95.13574460571286,core,core,52.26369529411943,40.0,pullback,False,1.0,1.0,1.0,1.0,0.5,3,1.0,95.00000000000001,high,7.888040712468193,16.600265604249667,19.11764705882353,39.473684210526315,False,0.0,33.77714969619155,1.0,33.77714969619155,True,354.0,multi_signal_riser,29,29,1,35,45.10651847207339,23.0,industry concentration
BP,US,BP,Common Stock,NYQ,USD,,United States,Unknown,Unknown,standard,TICKER:BP,NAME:bp,BP,False,113701371904.0,,,,,,,,,,,,,,,,,,,,,,,,,,,,,,,,,,,,,8.628693,21.124403,,7.819696,,,,,,,0.1158924068801613,,,,4.57,,,,,,,,,,,,0.0456900511076583,0.133388056638621,,,,0.7111999159854301,,,,,,,,,,,,,,,,,,999926.0,yahoo_screener_sort_order,44.150001525878906,38.81403260631028,356.0,-0.0096455874274155,-0.0008260695177617,0.042749205639301,0.0684287995294432,0.2036794116169624,0.2022980954509921,-0.0209253569299494,-0.0048515077112132,0.3185018942490132,0.369471128434905,0.2626547293338719,0.2723827878656983,-0.0091232234360669,0.0160578885177313,0.0869922244220684,0.0241262303623959,50.06898063978648,0.3028967318858687,0.3141944203342257,-0.2323423255356268,352492637.5279105,1.1178265227331,-0.059838109313824,0.059838109313824,0.059838109313824,-0.0666000271669051,0.0409246321557406,0.1427801325863558,-0.226363542900182,0.1445254628259324,,,,2026-09-25,1.0,,99959424777.75967,yahoo_screen_market_cap,,999669.0,,persisted_yahoo_screen_eps_forward,yahoo_screen_current_year_vs_ttm,51.256281407035175,74.44668008048289,74.87386478304742,22.31237322515213,62.61491317671093,57.30337078651685,79.17505030181087,74.36932391523713,23.123732251521297,57.20122574055159,71.22736418511066,70.43390514631686,19.67545638945233,61.59346271705822,22.31237322515213,51.20724346076459,58.61027190332327,50.40733197556008,58.87755102040816,67.84274193548387,74.46373850868233,85.20694191935942,,,,,,,,,,,75.41666666666667,95.3307392996109,,,,,,,88.42443729903536,,,21.06824925816024,,95.34883720930232,94.6793997271487,,,,75.55831265508685,,,,,,,,,0.1451612665918262,0.3178001591859416,91.66666666666666,100.0,0.0585181450251361,66.09485368314833,,100.0,85.37370298313878,72.09566444064139,90.211652875081,90.211652875081,,86.91178943827782,68.85546418253952,57.85357705209218,43.68087828791384,58.13665256012646,74.756675291201,73.33974939537896,72.83802310494558,79.88066830019768,74.04821234328998,long,72.3409090909091,4.46485569777381,90.0,50.70422535211268,,,,,21.951219512195124,,,,,,,,90.0,,,89.28571428571429,,,,,,,,,,,,,,78.4424192212096,,,21.951219512195124,,89.28571428571429,65.76244570884577,56.38155696714404,5.0,0.2631578947368421,,,82.66588337250055,17.334116627499455,68.67048376082444,72.64675681813675,64.49574531090191,True,70.65160961491463,78.5825676157276,[],False,False,,83.16586859268104,1,11.813834145015528,3.579396639125045,,,174.0,199.0,25.0,,,7.0,75.10688987922886,69.36384019741865,73.68006325268983,58.580611201801744,72.60902366603062,42.907018115028784,79.90235567852653,58.35352634341496,core,core,56.023299813207686,27.0,pullback,False,1.0,1.0,1.0,1.0,0.5,3,1.0,95.00000000000001,high,98.9821882951654,97.21115537848605,,98.30827067669173,False,0.0,84.98067749704991,0.8600000000000001,84.98067749704991,True,3.0,sharp_1run_rise,29,29,1,35,44.88230325238089,24.0,industry concentration
CRGY,US,CRGY,Common Stock,NYSE,USD,,United States,Unknown,Unknown,standard,TICKER:CRGY,NAME:crgy,CRGY,False,4344808448.0,,,,,,,,,,,,,,,,,,,,,,,,,,,,,,,,,,,,,5.553514,164.375,,0.8431649,,,,,,,0.1800661707164148,,,,3.65,,,,,,,,,,,,0.0100723434985873,0.0936031116573122,,,,0.9680859127229496,,,,,,,,,,,,,,,,,-999212.0,999354.0,yahoo_screener_sort_order,13.149999618530272,11.560690743519537,356.0,-0.0539568360131582,-0.0455319282001929,-0.0366300376537179,-0.0129053018637281,0.3123150734642954,0.3108090893888615,-0.0187423356891304,-0.0026326469616148,0.4319177825420306,0.4872713266754631,0.5052178134232079,0.5168146867821299,-0.0579892056869499,0.0331935994201204,0.171295743976829,0.0462981489794898,45.72300810153951,0.4313932294970823,0.4501633106699355,-0.3372922403118689,76258744.26353827,1.1136462965231586,-0.1444372338034052,0.1444372338034052,0.1444372338034052,-0.0416345251709606,-0.0404094692374308,0.2512911265242252,-0.2241446821505835,0.2623256610664906,,,,2026-09-25,1.0,,3819694925.03856,yahoo_screen_market_cap,,999730.0,,persisted_yahoo_screen_eps_forward,yahoo_screen_current_year_vs_ttm,13.266331658291458,40.44265593561368,85.26740665993945,22.616632860040568,72.42083758937692,77.11950970377937,47.08249496981891,85.26740665993945,23.42799188640973,77.01736465781408,36.61971830985916,83.35015136226033,19.77687626774848,71.70582226762002,23.52941176470588,14.386317907444669,66.26384692849949,70.26476578411406,84.18367346938776,67.23790322580645,43.61593462717058,72.16902430461852,,,,46.03174603174603,,,,,,,80.0,65.36964980544747,,,,,,,97.42765273311898,,,97.0326409495549,,89.96328029375765,92.2237380627558,,,,84.7394540942928,,,,,,,,,0.1451612665918262,0.3178001591859416,91.66666666666666,100.0,0.1671538068724691,82.03834510595358,,100.0,68.87724220686977,97.3318923007398,89.73670555269219,89.73670555269219,,91.6948368651194,44.34505525675621,56.08737506647349,55.29065564616705,76.46523663416001,57.062069456642014,72.60360846609801,75.2745253120596,82.29270556260131,73.9390668890788,long,72.68181818181819,6.605678446403197,98.63013698630138,4.081632653061229,,,,,94.18604651162792,,,,,,,,98.63013698630137,,,50.0,,,,,,,,,,,,,,70.8217533588778,,,94.18604651162792,,50.0,71.52801441273122,58.715795308798064,5.0,0.2631578947368421,,,70.01732716123833,29.98267283876168,65.37004566349934,67.60452334776615,63.85216206662674,False,31.204837196967915,68.21848408687197,[],False,False,,83.16586859268104,1,-1.184029218604948,2.019516227771073,-0.288566516549433,2.3080827443205063,5.0,31.0,26.0,,,,56.83933406680233,44.021729690859885,73.5564672853189,58.123027998445394,74.97177809984719,54.26757886006992,82.27765113673085,76.31469237545545,adaptive,adaptive_balanced,,,,,1.0,1.0,1.0,1.0,0.5,3,1.0,95.00000000000001,high,38.54961832061068,82.07171314741036,86.60130718954248,54.51127819548872,False,0.0,64.49443692897131,1.0,64.49443692897131,True,122.0,multi_signal_riser,29,29,1,35,44.80724870726061,25.0,industry concentration
PBF,US,PBF,Common Stock,NYSE,USD,,United States,Unknown,Unknown,standard,TICKER:PBF,NAME:pbf,PBF,False,8734980096.0,,,,,,,,,,,,,,,,,,,,,,,,,,,,,,,,,,,,,5.561619,6.45837,,1.3631151,,,,,,,0.1798037585818086,,,,1.49,,,,,,,,,,,,-2.1132043574278223e-05,0.2680701659051422,,,,0.4340519204041891,,,,,,,,,,,,,,,,,999432.0,-999782.0,yahoo_screener_sort_order,73.69000244140625,64.78382918839293,356.0,-0.0453426595323247,-0.0368410388953591,0.0743549551802245,0.1008128980812459,0.7156932700750336,0.7137243780038323,0.4783371787788955,0.5026076152306378,1.3487938555428074,1.439591012983171,1.0969887515384429,1.113144893705914,-0.009842433950124,0.0502026885395676,0.5764639738062929,0.091528799166809,52.34663375607039,0.5610261542628544,0.6958694915775926,-0.3485925421585673,219009181.45128947,1.1940767992779426,-0.0588761229971378,0.0453426595323247,0.0588761229971378,0.6873949563365198,0.0733087307075432,0.654206415139196,0.281095580041669,1.2146453473741985,,,,2026-09-25,1.0,,7679270453.997248,yahoo_screen_market_cap,,999739.0,,persisted_yahoo_screen_eps_forward,yahoo_screen_current_year_vs_ttm,17.889447236180906,83.29979879275655,97.5782038345106,81.13590263691684,94.99489274770173,93.87129724208376,85.51307847082495,97.5782038345106,81.94726166328601,93.87129724208376,80.98591549295774,97.5782038345106,79.00608519269777,94.89274770173648,56.5922920892495,50.70422535211267,71.50050352467271,95.82484725050917,96.3265306122449,78.62903225806451,74.66802860061287,92.03990126821115,,,,70.63492063492063,,,,,,,80.83333333333333,13.618677042801556,,,,,,,97.10610932475883,,,84.56973293768546,,22.276621787025704,97.68076398362892,,,,64.1439205955335,,,,,,,,,0.1451612665918262,0.3178001591859416,91.66666666666666,100.0,0.5705320034832073,97.37638748738648,,100.0,50.570135966189326,94.06698777637742,67.43154105094129,67.43154105094129,,96.29624957954928,70.51004920722455,83.03189106827203,85.97159768325692,94.971291453023,71.44803833296773,78.55186510734599,74.55157691302529,73.23034844069116,73.89096267685822,swing,72.68181818181819,7.636403033586132,100.0,93.75,,,,,84.2696629213483,,,,,,,,100.0,,,32.6530612244898,,,,,,,,,,,,,,98.16176470588236,,,84.2696629213483,,32.6530612244898,76.10598546534719,60.56922488475595,5.0,0.2631578947368421,,,51.64916841298823,48.35083158701177,58.30434047219635,57.76079160927694,59.6498463364563,True,81.65877098441415,71.75350655221418,[],False,False,,83.16586859268104,1,-4.702447869861672,0.2014079910616914,-0.0801980986496168,0.2816060897113083,-15.0,13.0,28.0,,,28.0,72.25127534852032,71.6760384233493,79.06501711605966,84.1281703596149,74.52286820603474,85.87458205273715,73.22116487656376,94.87945581174912,core,core,45.07320092872371,140.0,pullback,False,1.0,1.0,1.0,1.0,0.5,3,1.0,95.00000000000001,high,13.61323155216285,37.05179282868526,37.745098039215684,38.15789473684211,False,0.0,41.51865722256882,1.0,41.51865722256882,True,313.0,multi_signal_riser,29,29,1,35,44.75914449504003,26.0,industry concentration
TWLO,US,TWLO,Common Stock,NYSE,USD,,United States,Unknown,Unknown,standard,TICKER:TWLO,NAME:twlo,TWLO,False,42356043776.0,,,,,,,,,,,,,,,,,,,,,,,,,,,,,,,,,,,,,40.614788,38.041378,,4.717756,,,,,,,0.024621573797209,,,,,,,,,,,,,,,,0.0004903815993508,0.0024725246405709,,,,-0.1821696551724138,,,,,,,,,,,,,,,,,,999994.0,yahoo_screener_sort_order,275.79998779296875,242.46680292279245,356.0,0.1310695207310903,0.1411421651990829,0.1427860776414036,0.1709292612740853,0.4396825037762655,0.4380303556235783,1.1871529827938092,1.2230603239884492,1.6714451133261448,1.774714977548396,1.3817230038174828,1.4000728664121111,0.1180521521394277,0.2128642202501109,0.6024797625758995,0.0754967537007136,62.45886512227151,0.6388687767099235,0.7002577563550835,-0.247328997341727,354913430.93095505,1.0452436664716735,-0.0796236253672502,0.0796236253672502,0.0796236253672502,1.6953085803334296,0.1434250939003827,0.378512392758942,1.0015482887994804,1.5497693119394234,,,,2026-09-25,1.0,,37236892579.32006,yahoo_screen_market_cap,,999204.0,,persisted_yahoo_screen_eps_forward,yahoo_screen_current_year_vs_ttm,96.28140703517587,92.45472837022132,92.4318869828456,94.52332657200812,96.11848825331973,95.50561797752808,92.75653923541248,92.23007063572148,94.52332657200812,95.60776302349336,91.54929577464787,91.01917255297678,94.42190669371196,96.01634320735444,88.7423935091278,94.56740442655936,95.66968781470293,96.33401221995926,93.46938775510203,56.95564516129033,64.96424923391216,100.0,,,,,,,,,,,45.41666666666666,99.80544747081711,,,,,,,12.218649517684897,,,34.4213649851632,,77.47858017135863,65.89358799454298,,,,11.786600496277917,,,,,,,,,0.1451612665918262,0.3178001591859416,91.66666666666666,100.0,0.2945212371844392,90.41372351160445,,100.0,72.61105706874189,17.60112599464933,56.08749119305852,56.08749119305852,,94.20745038681466,87.43156758934256,88.31724396055685,93.86765561168204,95.31343722949558,83.20079441124693,76.79552505018644,71.05242476231592,59.65898987084314,73.92397490625117,short,72.3409090909091,6.8327841809263,12.5,26.76056338028169,,,,,35.36585365853658,,,,,,,,12.5,,,,,,,,,,,,,,,,,16.694283347141674,,,35.36585365853658,,,23.875656543832022,41.538674184237095,4.0,0.2105263157894736,,,60.61780907474631,39.38219092525369,50.98878930753631,54.35096269026289,46.42780016541091,False,49.75680334408321,71.99925279994311,[],False,False,,83.16586859268104,1,2.682407110516224,,,,31.0,58.0,27.0,,,,83.51474646310837,87.88730443881886,76.99480590707209,88.74298033663072,71.08563439343709,93.97988126167768,59.66415339189594,95.36507244002348,adaptive,adaptive_momentum,,,,,1.0,1.0,1.0,1.0,0.5,3,1.0,95.00000000000001,high,78.62595419847328,,,74.3421052631579,False,0.0,70.81641104998717,0.6600000000000001,70.81641104998717,True,66.0,multi_signal_riser,29,29,1,35,44.75806581534209,27.0,industry concentration
C5H.IR,EUROPE,C5H.IR,Common Stock,Irish,EUR,,,Unknown,Unknown,standard,TICKER:C5H.IR,NAME:c5h ir,C5H.IR,False,1698824832.0,,,,,,,,,,,,,,,,,,,,,,,,,,,,,,,,,,,,,10.632117,10.98,,2.0007288,,,,,,,0.0940546459373989,,,,3.9,,,,,,,,,,,,0.0,0.0097218994499961,,,,-0.0733599999999999,,,,,,,,,,,,,,,,1000000.0,999998.0,999997.0,yahoo_screener_sort_order,2.744999885559082,2.744999885559082,362.0,0.0166666063261631,0.0166666063261631,0.1052139432830929,0.1052139432830929,0.1074068972734394,0.1074068972734394,0.3778775958477565,0.3778775958477565,0.495816898987546,0.495816898987546,0.328457793768719,0.328457793768719,0.016570946716065,0.0694375644608817,0.2061337163702805,0.0364844057318416,59.83239501801549,0.3454228802268514,0.2673576853103905,-0.1278826848067696,1896098.534006834,1.185640702824147,-0.0310190347864361,0.0,0.0310190347864361,1.4133784686572863,0.1246184558019468,0.1053249111015333,0.223983511721898,0.3268858905298315,,,,2026-09-28,0.0,,1698824832.0,yahoo_screen_market_cap,,1000000.0,,persisted_yahoo_screen_eps_forward,yahoo_screen_current_year_vs_ttm,77.0854271356784,88.6317907444668,58.72855701311806,73.83367139959432,77.22165474974464,63.94279877425944,86.21730382293762,58.42583249243189,72.61663286004057,62.819203268641466,89.53722334004024,63.673057517658926,74.4421906693712,76.09805924412666,83.16430020283975,72.63581488933602,78.75125881168177,76.9857433808554,75.91836734693878,77.92338709677419,86.61899897854954,100.0,,,98.07692307692308,97.54464285714286,,,,,,,98.57142857142858,97.18875502008032,,,,,,,61.43344709897611,,,33.516483516483525,,48.71481028151774,78.30832196452933,,,,16.501240694789082,,,,,,,,,0.0729422282206241,0.194092137319868,81.81818181818183,72.72727272727273,0.0344646690528153,61.04944500504541,,100.0,97.87133092810804,54.66569835170517,54.571908479321,54.571908479321,,72.40574259242271,85.09176957170904,74.49151646852204,71.48810432601297,71.67059487411026,80.94597165710528,70.7017636988624,72.45379899463718,75.23191443403763,73.84285671433742,short,73.13636363636364,2.706068805566293,63.013698630136986,59.42028985507247,,,,,33.33333333333333,,,,,,,,63.013698630136986,,,56.896551724137936,,,,,,,,,,,,,,61.95681369629448,,,33.33333333333333,,56.896551724137936,52.60021860320624,51.05272008226973,5.0,0.2631578947368421,,,80.94872174993439,19.051278250065607,63.535994520933485,67.7696513034367,56.7859192221545,True,51.1268804036153,75.90207034661469,[],False,False,,77.61560602459802,1,2.187831550807118,1.425593675987551,,,25.0,54.0,29.0,,,10.0,81.16813247339272,85.41426107922307,70.10626831482718,73.21932178444685,72.38466031997321,71.25446328749332,75.19373345566811,71.28878509041508,core,core,49.10935493803901,64.0,pullback,False,1.0,1.0,1.0,1.0,0.5,3,1.0,95.00000000000001,high,74.55470737913485,71.31474103585657,,70.39473684210526,False,0.0,69.4480703923259,0.8600000000000001,69.4480703923259,True,77.0,multi_signal_riser,29,29,1,35,44.75649307797377,28.0,industry concentration
GRAL,US,GRAL,Common Stock,NasdaqGS,USD,,United States,Unknown,Unknown,standard,TICKER:GRAL,NAME:gral,GRAL,False,5667698176.0,,,,,,,,,,,,,,,,,,,,,,,,,,,,,,,,,,,,,,,,2.2290342,,,,,,,,,,,,,,,,,,,,,,,0.0038109072649343,,,,,0.2249865841073271,,,,,,,,,,,,,,,,-999854.0,-999606.0,,yahoo_screener_sort_order,126.88999938964844,111.5540748246092,356.0,0.5710041434122202,0.5849945886539119,0.5380605986624054,0.5759381355988773,0.924909024791598,0.9227000412962376,1.4327070506297943,1.4726457484624396,1.7241304079350943,1.8294369238533257,0.7094903205412919,0.7226610009430434,0.4457021462554693,0.6219042060231272,0.7476565167564766,-0.0092939512271115,87.11029109190576,1.3218766973236569,0.9781208534999216,-0.6292434974628285,53488924.6854648,1.507985374300389,0.0,0.0,0.0,1.4647546318057405,0.5484339682251747,0.8631820784316013,1.2511337132734708,1.6044912582443531,,,,2026-09-25,1.0,,4982700208.448293,yahoo_screen_market_cap,,999323.0,,persisted_yahoo_screen_eps_forward,yahoo_screen_current_year_vs_ttm,99.04522613065326,99.04426559356136,99.04137235116043,96.14604462474644,96.22063329928498,87.74259448416751,99.04426559356136,99.04137235116043,96.14604462474644,87.43615934627171,99.04426559356136,99.04137235116043,96.14604462474644,96.11848825331973,84.58417849898579,99.04426559356136,99.04330312185296,99.0325865580448,22.346938775510203,92.64112903225806,98.16138917262512,24.44854454047117,,,10.483870967741936,25.7936507936508,,,,,,,51.66666666666667,,,,,,,,,,,59.05044510385756,,84.45532435740513,,,,,49.50372208436725,,,,,,,,,0.1451612665918262,0.3178001591859416,91.66666666666666,100.0,0.7797477581997716,99.04137235116043,,100.0,36.51977726574501,59.05044510385756,68.56823241511519,68.56823241511519,,96.79574503868146,87.62051155754096,96.74864285606128,83.61253494021128,76.50764221870666,82.33686849312042,82.48967912301086,66.65652690802703,56.51346489780767,74.49669770057372,swing,65.81818181818181,9.423682878095788,,,,,,,54.65116279069768,,,,,,,,,,,,,,,,,,,,,,,,,,,,54.65116279069768,,,54.65116279069768,50.37661237171641,1.0,0.0526315789473684,,,41.443163976429794,58.556836023570206,48.693053928717646,48.30112934244039,50.58775366490471,False,30.95238095238095,63.47688701977886,[],False,False,,83.16586859268104,1,5.53369487964919,,,,62.0,84.0,22.0,,,,83.02421213005623,88.61826844986713,82.53040260974417,96.83564303226424,66.9362241625412,84.55771876581086,56.690159392614994,78.27458716677987,core,core,,,,,1.0,1.0,1.0,1.0,0.5,3,1.0,95.00000000000001,high,92.36641221374046,,,86.8421052631579,False,0.0,77.08609390938209,0.6600000000000001,77.08609390938209,True,26.0,sharp_1run_rise,29,29,1,35,44.678515882391906,29.0,industry concentration
AVAH,US,AVAH,Common Stock,NasdaqGS,USD,,United States,Unknown,Unknown,standard,TICKER:AVAH,NAME:avah,AVAH,False,2708987392.0,,,,,,,,,,,,,,,,,,,,,,,,,,,,,,,,,,,,,13.679152,9.849206,,9.401515,,,,,,,0.0731039467943626,,,,,,,,,,,,,,,,0.0,0.0249112673882851,,,,-0.3462063492063492,,,,,,,,,,,,,,,,999621.0,999973.0,999942.0,yahoo_screener_sort_order,12.40999984741211,10.910127340299567,356.0,-0.0921726570482531,-0.0840880770146892,-0.1020260404159179,-0.079911800020113,0.4330254117868861,0.4313809031673623,0.8774583353622358,0.9082812990766712,0.484449803475778,0.5418340742156031,0.6335696965140047,0.6461554503660416,-0.0843693645388384,0.0444545341671687,0.4195754826951525,0.0562017687045108,41.13752814205392,0.3145487247951974,0.6347262728198193,-0.3943525303847867,33989085.843055844,1.0788561597223263,-0.1369958450174463,0.1369958450174463,0.1369958450174463,1.3824200650527054,-0.1074159673938156,0.371862940302726,0.6867692638877023,0.3168884086066306,,,,2026-09-25,1.0,,2381579192.0536804,yahoo_screen_market_cap,,,,persisted_yahoo_screen_eps_forward,yahoo_screen_current_year_vs_ttm,4.0201005025125625,14.185110663983904,91.92734611503532,91.68356997971604,76.20020429009193,85.29111338100103,16.398390342052313,91.82643794147326,91.78498985801215,85.08682328907048,12.977867203219317,90.31281533804238,91.17647058823528,75.28089887640449,82.45436105476674,7.947686116700201,69.88922457200403,91.14052953156822,88.36734693877551,62.6008064516129,45.556690500510726,59.70007504547713,,,81.45161290322581,96.42857142857144,,,,,,,,96.49805447470816,,,,,,,56.59163987138263,,,16.913946587537094,,48.71481028151774,84.4474761255116,,,,7.6923076923076925,,,,,,,,,0.1451612665918262,0.3178001591859416,91.66666666666666,100.0,0.2878641451950599,89.70736629667003,,100.0,92.72341601068696,46.97280513590492,55.26836211429293,55.26836211429293,,93.99554322233432,31.84919055465728,74.10109350870997,88.2339040653192,84.0249189260441,46.351346021601394,73.08468098685594,77.59895138273944,74.37168526958462,73.72818312822028,medium,72.11363636363636,7.673799114750349,57.53424657534247,87.75510204081634,,,,,11.62790697674418,,,,,,,,57.53424657534247,,,,,,,,,,,,,,,,,66.42273347695243,,,11.62790697674418,,,45.34780020764157,48.49321464215112,4.0,0.2105263157894736,,,68.74201663186153,31.25798336813847,59.387283327362816,63.60435740356291,52.81551374751318,False,46.95769234255943,70.42093186409322,[],False,False,,83.16586859268104,1,-1.6299370657568062,-1.3382747843854588,-0.1335215805968737,-1.204753203788585,-4.0,26.0,30.0,,,,45.26299397195216,30.2693246761342,73.98762998696688,76.0301209180379,77.58367047254363,88.18226512741614,74.32874234242993,83.59548965449721,adaptive,adaptive_momentum,,,,,1.0,1.0,1.0,1.0,0.5,3,1.0,95.00000000000001,high,33.842239185750635,9.296148738379815,9.15032679738562,44.92481203007519,False,0.0,37.032795065936526,1.0,37.032795065936526,True,337.0,multi_signal_riser,29,29,1,35,44.53954676458392,30.0,industry concentration
