symbol,region,name,type,exchange,currency,financial_currency,country,sector,industry,accounting_model,security_id,economic_company_id,primary_ticker,is_delisted,market_cap_vendor,shares_outstanding,company_shares_outstanding,profit_margin,operating_margin,roa,roe,roic,gross_profitability,cash_conversion,interest_coverage,earnings_stability,asset_turnover,revenue_growth_yoy,earnings_growth_yoy,revenue_ttm,ebitda,fcf_ttm,fcf_margin,net_debt,net_debt_ebitda,net_debt_change_1y,share_count_change_1y,sbc_yield,shareholder_yield,forward_pe,trailing_pe,price_sales,price_book,ev_ebitda,beta,short_percent,eps_revision_7d,eps_revision_30d,eps_revision_90d,revision_breadth_7d,revision_breadth_30d,estimate_growth,estimate_dispersion,analyst_count,revenue_estimate_growth,revenue_estimate_dispersion,long_term_growth_estimate,revision_freshness_signal,filing_date,filing_age_days,fundamentals_age_days,last_earnings_surprise,last_earnings_date,next_earnings,days_to_earnings,sec_cik,sec_latest_form,price_native,price_eur,history_days,ret_5d,ret_eur_5d,ret_20d,ret_eur_20d,ret_63d,ret_eur_63d,ret_126d,ret_eur_126d,ret_252d,ret_eur_252d,mom_12_1,mom_eur_12_1,dist_sma_20,dist_sma_50,dist_sma_200,sma200_slope_20d,rsi14,volatility_20d,volatility_63d,max_drawdown_252d,median_turnover_eur_20d,volume_ratio_20_60,distance_52w_high,pullback_from_10d_high,pullback_from_20d_high,risk_adj_mom_126d,relative_20d,relative_63d,relative_126d,relative_252d,earnings_reaction_1d,earnings_reaction_5d,earnings_reaction_20d,latest_price_date,price_business_days_lag,price_refresh_error,market_cap_eur,market_cap_source,fcf_yield,fetch_error,ret_5d_rank,ret_20d_rank,ret_63d_rank,ret_126d_rank,ret_252d_rank,mom_12_1_rank,ret_eur_20d_rank,ret_eur_63d_rank,ret_eur_126d_rank,mom_eur_12_1_rank,relative_20d_rank,relative_63d_rank,relative_126d_rank,relative_252d_rank,risk_adj_mom_126d_rank,dist_sma_20_rank,dist_sma_50_rank,dist_sma_200_rank,sma200_slope_20d_rank,volume_ratio_20_60_rank,distance_52w_high_rank,rsi_setup_score,profit_margin_qrank,operating_margin_qrank,roa_qrank,roe_qrank,roic_qrank,gross_profitability_qrank,cash_conversion_qrank,interest_coverage_qrank,earnings_stability_qrank,asset_turnover_qrank,revenue_growth_yoy_qrank,earnings_growth_yoy_qrank,fcf_margin_qrank,net_debt_ebitda_qrank,share_count_change_1y_qrank,sbc_yield_qrank,shareholder_yield_qrank,net_debt_change_1y_qrank,forward_pe_vrank,ev_ebitda_vrank,price_sales_vrank,price_book_vrank,fcf_yield_vrank,eps_revision_7d_rank,eps_revision_30d_rank,eps_revision_90d_rank,revision_breadth_7d_rank,revision_breadth_30d_rank,estimate_growth_rank,revenue_estimate_growth_rank,long_term_growth_estimate_rank,estimate_dispersion_rank,revenue_estimate_dispersion_rank,last_earnings_surprise_rank,earnings_reaction_1d_rank,earnings_reaction_5d_rank,earnings_reaction_20d_rank,sector_ret_63d,sector_ret_126d,sector_ret_63d_rank,sector_ret_126d_rank,stock_vs_sector_63d,stock_vs_sector_63d_rank,estimate_confidence_score,information_freshness_score,quality_score,valuation_score,revisions_score_raw,revisions_score,reaction_score,sector_score,technical_short_score,technical_swing_score,technical_medium_score,technical_long_score,short_score,swing_score,medium_score,long_score,consensus_score,best_fit_horizon,data_confidence,risk_score,exclusion_reasons,excluded,event_watch,duplicate_of,market_regime_score,economic_company_group_size,score_change_1run,score_velocity_5run,score_velocity_20run,score_acceleration,rank_change,rank
MSFT,US,Microsoft Corporation,Common Stock,NMS,USD,USD,United States,Technology,Software - Infrastructure,standard,TICKER:MSFT,NAME:microsoft,MSFT,False,3656561459200.0,7425545491.0,7425545491.0,0.40305,0.45111,0.14088,0.34039003,,,,,,,0.177,0.317,331839012864.0,194237005824.0,16545500160.0,0.049860021030079915,,,,,,,20.907589,27.448717,11.019082,8.267103,19.528,1.099,0.011,0.002177132485149367,0.026871721740372563,0.027003255696701166,,-0.06557377049180328,0.1601000025,0.14404276330807542,30.5,0.1797749975,0.08952520634889968,,100.0,,,43.0,0.1181,2026-06-30,2026-10-28,77.0,,,492.42999267578125,427.183024375211,790.0,0.010195711048752054,0.010638343828807795,0.2446730192307871,0.23358150202065886,0.2102326503051204,0.23674963087497303,0.19685177086590766,0.235960902762417,-0.04869320453624404,-0.03874261296811199,-0.2464852651994407,-0.23370349054025952,0.11821113727120558,0.20016182126956905,0.1409471679562948,-0.016820385982145525,70.78538613211414,0.6172850774064501,0.46393327432597947,-0.34498391627511604,12083098096.67815,0.9548182327211889,-0.08582156396420737,0.026933574968518115,0.026933574968518115,0.42431052429231697,0.2192783158184557,0.16458635467065408,0.0772430671799984,-0.2798092632776802,0.030186076074363744,0.02766609733571279,0.04696804473555405,2026-08-12,0.0,,3172067108396.735,yahoo_market_cap,0.004524879547250904,,65.51724137931035,96.55172413793103,89.65517241379311,79.3103448275862,17.24137931034483,13.793103448275861,96.55172413793103,93.10344827586206,79.3103448275862,13.793103448275861,96.55172413793103,96.55172413793103,75.86206896551724,17.24137931034483,55.172413793103445,93.10344827586206,100.0,75.86206896551724,17.24137931034483,55.172413793103445,51.724137931034484,96.85845547154344,83.33333333333334,66.66666666666666,66.66666666666666,33.33333333333333,,,,,,,33.33333333333333,50.0,33.33333333333333,,,,,,66.66666666666667,83.33333333333334,66.66666666666667,100.0,33.33333333333333,58.620689655172406,72.41379310344827,48.275862068965516,,24.137931034482758,51.724137931034484,72.41379310344827,,72.41379310344827,44.82758620689656,65.38461538461539,84.61538461538461,69.23076923076923,57.692307692307686,0.021165454310395293,0.19342779166420299,66.66666666666666,66.66666666666666,0.1890671959947251,96.55172413793103,94.27760927037004,91.25,51.086956521739125,63.5,55.091277890466536,54.97453081782469,71.15384615384615,75.63218390804596,84.21228886647307,80.48275862068967,50.00000000000001,21.724137931034484,76.51350744988497,70.05211848451685,55.88717653241598,54.255527268018696,62.969647508466416,short,90.3758131124444,6.853745541022591,[],False,False,,85.07725274595718,1,,,,,,1.0
AVGO,US,Broadcom Inc.,Common Stock,NMS,USD,USD,United States,Technology,Semiconductors,standard,ISIN:CA11134P1009,NAME:broadcom,AVGO,False,1979391279104.0,4757580198.0,4757580198.0,0.38848,0.48988,0.121190004,0.37280998,,,,,,,0.479,0.854,75464998912.0,42083999744.0,27212249088.0,0.3605943083591944,,,,,,,21.302402,69.45743,26.229263,22.574606,48.114,1.473,0.013099999,0.0010117980356999636,0.0035761981382880707,0.0464301327411741,,0.21604938271604937,0.8218000000000001,0.19719536564275872,40.5,0.7701499975,0.2741190440299803,,100.0,,,104.0,0.0174,2026-04-30,2026-09-02,21.0,,,416.04998779296875,360.92336925075995,790.0,-0.005331383266797718,-0.004895553921807072,0.05521454063374365,0.045811323839464846,-0.0061806057788245106,0.015594620298460038,0.2265967405919873,0.26667783908669396,0.37906706211763175,0.39349199122108347,0.2695997504778773,0.29113580965295927,0.050069121337615874,0.05784846213851491,0.1313311427610626,0.015754726258988327,58.33596667115546,0.41644908605232234,0.5374126307941967,-0.2866598839678446,5893371512.270631,0.7022324428672055,-0.13468769674121184,0.027375214384982582,0.027375214384982582,0.42164386843144935,0.03150813763726168,-0.05656865590585891,0.10796000350427537,0.15242534091151527,0.009223070350944829,-0.01166662712572819,0.07028724002199072,2026-08-12,0.0,,1717121957651.1199,yahoo_market_cap,0.013747786693451544,,44.827586206896555,79.3103448275862,27.586206896551722,82.75862068965517,79.3103448275862,75.86206896551724,75.86206896551724,34.48275862068966,86.20689655172413,75.86206896551724,75.86206896551724,44.827586206896555,79.3103448275862,79.3103448275862,51.724137931034484,79.3103448275862,68.96551724137932,62.06896551724138,58.620689655172406,3.4482758620689653,37.93103448275862,100.0,66.66666666666666,83.33333333333334,50.0,50.0,,,,,,,66.66666666666666,66.66666666666666,100.0,,,,,,50.000000000000014,33.33333333333333,16.666666666666668,50.000000000000014,83.33333333333334,48.275862068965516,41.37931034482759,55.172413793103445,,68.96551724137932,96.55172413793103,100.0,,48.27586206896552,10.3448275862069,23.076923076923077,50.0,23.076923076923077,73.07692307692307,0.021165454310395293,0.19342779166420299,66.66666666666666,66.66666666666666,-0.027346060089219804,20.689655172413794,95.01075020877522,86.25,72.46376811594205,51.83333333333334,60.04056795131847,59.77899490034156,38.65384615384615,52.87356321839079,64.65517241379312,51.03448275862069,67.75862068965519,72.06896551724137,60.88710104092894,54.520943324445255,63.277210767646736,63.31508377380395,62.08215590428784,long,89.81379002505304,7.8965517241379315,[],False,False,,85.07725274595718,1,,,,,,2.0
AMZN,US,"Amazon.com, Inc.",Common Stock,NMS,USD,USD,United States,Consumer Cyclical,Internet Retail,standard,TICKER:AMZN,NAME:amazon com,AMZN,False,2882965864448.0,10786313572.0,10786313572.0,0.1744,0.13689,0.06589,0.30558002,,,,,,,0.196,2.423,775680032768.0,168911994880.0,3219124992.0,0.004150068141515273,,,,,,,25.8728,21.48553,3.7166946,5.2248025,18.148,1.454,0.01,0.005556341636689797,0.16784756029625683,0.1758678993717901,,-0.016129032258064516,0.2044249875,0.47593648098964875,46.5,0.13980000099999998,0.06397270994860715,,100.0,,,43.0,2.1502001,2026-06-30,2026-10-29,78.0,,,267.2799987792969,231.8654020505974,790.0,-0.01969556294663366,-0.019266027487783388,0.04832127290950372,0.03897948333057877,0.005492406195359845,0.0275233955191847,0.2914572386385026,0.33365776230742217,0.20777223268625633,0.22040543183094785,0.15121689307162645,0.17074483888542535,0.0482123524312823,0.07886517138731675,0.1262456519969526,0.01511121352096767,57.060899740433946,0.6522883330586892,0.4450336775482845,-0.2173622311569574,8773619605.281422,0.9750693458948378,-0.05893947919830811,0.05893947919830811,0.05893947919830811,0.6549105232758043,0.0246762971283756,-0.04463988068513425,0.17493992672500358,-0.020661218478620347,0.014097510539473834,0.02215322170187295,-0.04904759008569226,2026-08-12,0.0,,2500972920949.301,yahoo_market_cap,0.0011166018410753414,,27.586206896551722,62.06896551724138,34.48275862068966,89.65517241379311,48.275862068965516,44.827586206896555,58.620689655172406,41.37931034482759,93.10344827586206,48.275862068965516,58.620689655172406,48.275862068965516,89.65517241379311,44.827586206896555,79.3103448275862,75.86206896551724,79.3103448275862,58.620689655172406,55.172413793103445,72.41379310344827,68.96551724137932,100.0,44.827586206896555,20.689655172413794,34.48275862068966,58.620689655172406,,,,,,,58.620689655172406,96.55172413793103,7.142857142857142,,,,,,20.68965517241379,64.28571428571429,70.37037037037038,68.96551724137932,7.6923076923076925,79.3103448275862,89.65517241379311,75.86206896551724,,34.48275862068966,65.51724137931035,65.51724137931035,,3.4482758620689653,72.41379310344827,100.0,57.692307692307686,61.53846153846154,26.923076923076923,0.005492406195359845,0.2914572386385026,50.0,100.0,0.0,51.724137931034484,89.90757426437442,91.25,47.4191475690726,37.51322049597911,64.66531440162272,64.17020909743675,64.8076923076923,68.01724137931035,66.13793103448278,61.0,64.55172413793106,49.310344827586206,64.66607394063273,60.778275525031134,57.5582672233212,49.1326440420811,59.16827137417617,short,89.85140891172493,6.9774078478002375,[],False,False,,85.07725274595718,1,,,,,,3.0
MA,US,Mastercard Incorporated,Common Stock,NYQ,USD,USD,United States,Financial Services,Credit Services,financials-lite,TICKER:MA,NAME:mastercard,MA,False,490329014272.0,869464115.0,869464115.0,0.46339,0.61108,0.24063,2.41202,,,,,,,0.141,0.221,35083001856.0,22200999936.0,16961250304.0,0.48346063354607827,,,,,,,24.325647,30.771301,13.976256,87.512505,22.74,0.735,0.010299999,0.00019329593711310924,0.008765023291614224,0.009779253791841438,,0.007518796992481203,0.14695000000000003,0.046038492414853784,33.25,0.1288999975,0.029639943258951213,,100.0,,,43.0,0.0553,2026-06-30,2026-10-29,78.0,,,559.72998046875,485.565764568585,790.0,-0.018843781321067565,-0.018413872641003914,0.04581371328907302,0.036494269049249795,0.12176284749606503,0.14634139743316688,0.0393082593163987,0.07326939367251817,-0.0180827667434017,-0.0078119924900929005,-0.06206208379710321,-0.046151962155778437,0.004285508740943467,0.06597791899859873,0.06313360038865978,-0.001573594798573108,56.85572997708153,0.23111012767322284,0.22973349303764348,-0.20913850858238947,1395337693.974059,0.8415479317644616,-0.05967349996467608,0.030518742291978818,0.030518742291978818,0.1711037376250478,0.022191082847046628,0.07417812122884793,-0.08544844190990042,-0.2488786427996611,0.01721181705421193,0.012188450065113265,0.09864547646993005,2026-08-12,0.0,,425360425585.48785,yahoo_market_cap,0.034591569762973666,,31.03448275862069,58.620689655172406,72.41379310344827,24.137931034482758,24.137931034482758,24.137931034482758,55.172413793103445,72.41379310344827,41.37931034482759,24.137931034482758,55.172413793103445,79.3103448275862,27.586206896551722,24.137931034482758,31.03448275862069,44.827586206896555,75.86206896551724,37.93103448275862,27.586206896551722,17.24137931034483,65.51724137931035,100.0,89.65517241379311,93.10344827586206,93.10344827586206,100.0,,,,,,,44.827586206896555,44.827586206896555,96.42857142857143,,,,,,31.034482758620694,32.14285714285714,22.22222222222222,3.4482758620689653,80.76923076923077,31.03448275862069,58.620689655172406,34.48275862068966,,41.37931034482759,48.275862068965516,62.06896551724138,,100.0,96.55172413793103,34.61538461538461,61.53846153846154,30.76923076923077,84.61538461538461,0.12176284749606503,0.0995344275206187,83.33333333333334,50.0,0.0,51.724137931034484,96.92087902649715,91.25,76.58802177858439,18.678160919540232,52.37322515212982,52.33435066410735,49.03846153846153,62.18390804597702,56.58620689655174,58.27586206896552,30.79310344827587,26.206896551724135,57.32362533185865,56.9663831786882,49.36766383390715,51.222362631995,54.0943729053416,short,84.1218448251981,3.5624256837098693,[],False,False,,85.07725274595718,1,,,,,,4.0
NOVN.SW,EUROPE,Novartis AG,Common Stock,EBS,CHF,USD,Switzerland,Healthcare,Drug Manufacturers - General,standard,TICKER:NOVN.SW,NAME:novartis,NOVN.SW,False,236068782080.0,1900714840.0,1900714840.0,0.22502,0.3462,0.1025,0.3035,,,,,,,0.008,-0.17,56692998144.0,23097999360.0,11900250112.0,0.20990687565638017,,,,,,,15.622905,23.214952,4.163985,7.016311,12.03,0.494,,0.0,0.000383360417318791,0.810431739671747,,0.22,0.0378,0.12398397416793906,12.5,0.043149998499999995,0.07142785367682485,,100.0,,,43.0,0.1268,2026-06-30,2026-10-27,76.0,,,124.19999694824219,132.5393707533727,789.0,-0.0020890417655715643,-0.006401966637573531,0.018032761870837577,0.0041378293293274915,0.06335611047206213,0.03936734857824664,0.05767861871846769,0.030702744527895565,0.36061146494259977,0.3658820881902467,0.3092290885469522,0.33223256290553316,-0.014449999107176703,0.0017259762158767789,0.07751310112188436,0.022889863608250627,46.35787626032119,0.1940663494416995,0.2024589730434506,-0.10775230284359394,306052304.09308815,0.8500349504558716,-0.047545991092330375,0.02050477950268137,0.047545991092330375,0.2848904044677192,-0.03870100648526842,-0.07544452542053248,-0.04982071167447044,0.14405942141693462,-0.012482238965073722,0.0017380409031495514,0.03017848009299451,2026-08-12,0.0,,251919553946.82556,yahoo_market_cap,0.040979221139727524,,48.275862068965516,48.275862068965516,51.724137931034484,41.37931034482759,75.86206896551724,79.3103448275862,37.93103448275862,48.275862068965516,31.03448275862069,79.3103448275862,34.48275862068966,37.93103448275862,37.93103448275862,75.86206896551724,44.827586206896555,31.03448275862069,44.827586206896555,41.37931034482759,72.41379310344827,24.137931034482758,75.86206896551724,74.07362878096357,51.724137931034484,62.06896551724138,58.620689655172406,55.172413793103445,,,,,,,10.344827586206897,13.793103448275861,71.42857142857143,,,,,,75.86206896551725,85.71428571428571,59.25925925925926,48.27586206896552,84.61538461538461,24.137931034482758,31.03448275862069,93.10344827586206,,72.41379310344827,6.896551724137931,17.24137931034483,,75.86206896551725,62.06896551724138,69.23076923076923,26.923076923076923,26.923076923076923,42.30769230769231,0.030844721902697714,0.05308608378316959,80.0,60.0,0.03251138856936442,79.3103448275862,80.33003270502981,91.25,42.03255515099593,76.75188413119447,45.88235294117648,46.11909556701173,39.80769230769231,72.79310344827586,47.595088982904585,49.55172413793103,56.931034482758626,73.10344827586208,48.78441411793867,51.84265195115992,54.14370221357451,57.85442829313356,52.99317708236721,long,88.70210392460358,1.935064935064935,[],False,False,,83.54296830581286,1,,,,,,5.0
VOLV-B.ST,EUROPE,AB Volvo (publ),Common Stock,STO,SEK,SEK,Sweden,Industrials,Farm & Heavy Construction Machinery,standard,TICKER:VOLV-B.ST,NAME:ab volvo publ,VOLV-B.ST,False,697880739840.0,1592708773.0,1592708773.0,0.076009996,0.105629995,0.04512,0.20883,,,,,,,0.027,0.401,471534010368.0,56166998016.0,24019875840.0,0.05093985865675762,,,,,,,13.7831335,19.488926,1.4800221,3.6601756,16.225,0.983,,0.0016131347038938633,0.007922294065328418,0.010497479707649528,,0.2391304347826087,0.32324999,0.2383689409782227,11.5,0.1001,0.13113547644398374,,100.0,,,43.0,0.0851,2026-06-30,2026-10-23,72.0,,,343.20001220703125,31.09523903336641,790.0,-0.063318728373144,-0.06877223670079091,0.013884821881923859,0.013392474504503316,0.07924532140575868,0.06632910081408938,0.040069769710937564,0.0003942918160220188,0.23627537620672023,0.24950841549242075,0.22358039940329877,0.23579211168859615,-0.03308960253920834,0.016106143316755306,0.1112837760648937,0.03274136454236931,42.52274236825969,0.20050560049700455,0.22846466926285522,-0.18431485915752577,87630279.9166762,0.9588695093848381,-0.07617762528389971,0.07617762528389971,0.07617762528389971,0.1753871609129906,-0.029446361310092595,-0.06656371373339365,-0.07407436447668658,0.06444857964002071,-0.006069802731411222,0.03247348166018593,0.1068285651199734,2026-08-12,0.0,,63230674971.58675,yahoo_market_cap,0.034418310276777275,,3.4482758620689653,41.37931034482759,62.06896551724138,27.586206896551722,55.172413793103445,65.51724137931035,48.275862068965516,55.172413793103445,20.689655172413794,65.51724137931035,41.37931034482759,41.37931034482759,31.03448275862069,68.96551724137932,37.93103448275862,20.689655172413794,51.724137931034484,55.172413793103445,86.20689655172413,58.620689655172406,58.620689655172406,63.39397964869251,10.344827586206897,10.344827586206897,20.689655172413794,34.48275862068966,,,,,,,17.24137931034483,68.96551724137932,28.57142857142857,,,,,,89.65517241379311,71.42857142857143,92.5925925925926,79.3103448275862,76.92307692307693,55.172413793103445,55.172413793103445,37.93103448275862,,79.3103448275862,75.86206896551724,37.93103448275862,,34.48275862068965,37.93103448275862,57.692307692307686,38.46153846153847,73.07692307692307,92.3076923076923,0.17914691943127958,0.14272555944867515,100.0,80.0,-0.0999015980255209,10.344827586206897,76.23441501769236,91.25,28.807025058899125,80.80379773483222,55.740365111561864,55.35206333569064,61.730769230769226,66.10344827586206,42.758458733640374,48.55172413793103,52.103448275862085,67.58620689655172,47.398884886569064,52.87684626505955,51.77610879496677,53.7970553134438,52.32647753001316,long,88.21062980212308,4.3694581280788185,[],False,False,,83.54296830581286,1,,,,,,6.0
V,US,Visa Inc.,Common Stock,NYQ,USD,USD,United States,Financial Services,Credit Services,financials-lite,ISIN:US92826C8394,NAME:visa,V,False,671054168064.0,1704112694.0,1704112694.0,0.50782,0.66130996,0.1911,0.6119,,,,,,,0.144,0.102,44487999488.0,31093999616.0,20404000768.0,0.45864055481981575,,,,,,,23.999252,30.562925,15.083937,19.047165,21.787,0.759,0.012200001,0.0006666253277610699,0.005227687715986342,0.007235092090043517,,0.058394160583941604,0.14515,0.0468785861017625,34.25,0.1248,0.03938263494903633,,100.0,,,43.0,0.0276,2026-06-30,2026-10-27,76.0,,,359.4200134277344,311.7968658300814,790.0,-0.022934519425455213,-0.022506403165177047,0.013931722626949306,0.0048963848493521756,0.10314231610454438,0.12731287814858727,0.0995344275206187,0.1354635525780561,0.08047622337185811,0.09177791663119206,0.06110499666202229,0.07910438583210277,-0.007034183929343518,0.03921470521215298,0.0898981939182113,0.005951678229342949,51.88541578672666,0.19406321878644017,0.2069403536801274,-0.1718050519508285,2023978368.7939503,0.8146683519722708,-0.02802464064894994,0.02802464064894994,0.02802464064894994,0.48098123807438453,-0.00940680135285099,0.05514960194426832,-0.023254283004362497,-0.14928873367837614,0.02328836559305758,0.01294119890645895,0.07473261657995534,2026-08-12,0.0,,582139498602.619,yahoo_market_cap,0.03040589230950731,,20.689655172413794,44.827586206896555,68.96551724137932,48.275862068965516,37.93103448275862,27.586206896551722,41.37931034482759,68.96551724137932,51.724137931034484,34.48275862068966,48.275862068965516,72.41379310344827,44.827586206896555,37.93103448275862,68.96551724137932,37.93103448275862,58.620689655172406,48.275862068965516,41.37931034482759,13.793103448275861,79.3103448275862,90.65624736017998,93.10344827586206,100.0,86.20689655172413,86.20689655172413,,,,,,,48.275862068965516,31.03448275862069,92.85714285714286,,,,,,34.48275862068965,39.28571428571428,18.518518518518512,27.586206896551726,69.23076923076923,44.827586206896555,48.275862068965516,31.03448275862069,,44.827586206896555,44.827586206896555,58.620689655172406,,96.55172413793103,82.75862068965517,26.923076923076923,76.92307692307693,38.46153846153847,76.92307692307693,0.12176284749606503,0.0995344275206187,83.33333333333334,50.0,-0.018620531391520645,24.137931034482758,97.10947141861854,91.25,69.69147005444646,29.32950191570881,50.547667342799194,50.53895226245842,52.884615384615394,53.9080459770115,48.85427767406478,64.13793103448276,45.517241379310356,36.55172413793103,51.40660594676453,58.01026441692492,51.92156865009848,51.37790340748829,51.664087298431504,swing,84.1417601818061,2.971462544589774,[],False,False,,85.07725274595718,1,,,,,,7.0
AAPL,US,Apple Inc.,Common Stock,NMS,USD,USD,United States,Technology,Consumer Electronics,standard,ISIN:US0378331005,NAME:apple,AAPL,False,4411090796544.0,14594180000.0,14594180000.0,0.27618998,0.32623002,0.27082002,1.4875101,,,,,,,0.164,0.287,466822987776.0,167959003136.0,107721875456.0,0.23075529328407707,,,,,,,31.789988,34.661697,9.449172,41.066574,26.625,1.086,0.0097,-0.0008989978691298121,-0.007438688299572138,-0.0026357440430249414,,0.12403100775193798,0.089275,0.17824437044863337,32.25,0.10602500000000001,0.13082668056142477,,100.0,,,43.0,0.0674,2026-06-30,2026-10-29,78.0,,,302.25,262.2018785164012,790.0,-0.02729691328882433,-0.0268707084784785,-0.0763033174029425,-0.08453455363420193,0.02615564831083339,0.04863938264161871,0.10636295698041875,0.1425152156503917,0.3353573767362017,0.34932510609202616,0.43011777764395487,0.4543766837087082,-0.05835738072959473,-0.022557345974314136,0.08109276989451542,0.024650104439122078,40.35674055629319,0.3455286547508789,0.3168230533499661,-0.13798523953754416,14283638365.707157,0.9734652876712803,-0.11047195570954838,0.09273105035634854,0.11047195570954838,0.3357172271896803,-0.09883773983640509,-0.023523893562700238,-0.016202619932026874,0.10825845578245796,0.017348672275670385,0.08304539214222961,0.168751764117,2026-08-12,0.0,,3826621317320.911,yahoo_market_cap,0.024420688764873733,,17.24137931034483,13.793103448275861,44.827586206896555,51.724137931034484,72.41379310344827,82.75862068965517,13.793103448275861,51.724137931034484,55.172413793103445,82.75862068965517,24.137931034482758,55.172413793103445,48.275862068965516,72.41379310344827,48.275862068965516,3.4482758620689653,31.03448275862069,44.827586206896555,79.3103448275862,68.96551724137932,44.827586206896555,57.61797481678184,50.0,33.33333333333333,83.33333333333334,100.0,,,,,,,16.666666666666664,33.33333333333333,83.33333333333334,,,,,,16.666666666666668,66.66666666666667,83.33333333333334,16.666666666666668,100.0,17.24137931034483,17.24137931034483,17.24137931034483,,58.620689655172406,27.586206896551722,48.275862068965516,,55.17241379310345,41.37931034482759,50.0,65.38461538461539,100.0,96.15384615384616,0.021165454310395293,0.19342779166420299,66.66666666666666,66.66666666666666,0.004990194000438097,75.86206896551724,94.04976569645406,91.25,49.637681159420296,62.16666666666667,32.4949290060852,32.906218077950086,76.53846153846153,69.42528735632183,30.352405691698884,44.27586206896552,62.068965517241395,75.17241379310344,40.50918808806557,48.31571536148059,53.28948174751834,55.01246023606045,50.80259855449947,long,90.34847188357449,4.001189060642093,[],False,False,,85.07725274595718,1,,,,,,8.0
GOOGL,US,Alphabet Inc.,Common Stock,NMS,USD,USD,United States,Communication Services,Internet Content & Information,standard,ISIN:CA02080M1005,NAME:alphabet,GOOGL,False,4201472065536.0,5867155790.0,5867155790.0,0.54771,0.34033,0.12958999,0.48676,,,,,,,0.242,2.94,445865984000.0,173164003328.0,22665000960.0,0.05083366252044022,,,,,,,23.308325,17.228685,9.423172,6.749843,23.683,1.237,0.012,0.0002573691713708662,0.1726474269391619,0.1762412253020281,,0.37433155080213903,0.2124249905,0.19632966355649004,46.75,0.23337499750000001,0.18874946116562458,,100.0,,,43.0,2.1423,2026-06-30,2026-10-28,77.0,,,343.5400085449219,298.02096140949226,790.0,-0.0521203667262653,-0.05170503869364229,-0.07381646687055055,-0.08206986389830262,-0.11257208058457213,-0.09312796057148975,0.07975141712877987,0.11503409925856478,0.7140301100914301,0.7319587253839193,0.8293409760147006,0.8603718544439265,-0.009565837035859781,-0.03077609223052702,0.04013672306239391,0.03124017400747703,45.74315206760649,0.5092261705904628,0.3826254467630395,-0.21047203234359313,8720051474.697964,0.9891110470945164,-0.1462292087546493,0.09032168913767336,0.09032168913767336,0.20843207842935244,-0.09637305010050579,-0.1652912367758087,-0.043683736323853806,0.49089207507435106,0.010745155973800768,0.012731953920907202,-0.05781124309368679,2026-08-12,0.0,,3644777065732.7495,yahoo_market_cap,0.005394538058676472,,6.896551724137931,20.689655172413794,17.24137931034483,44.827586206896555,86.20689655172413,89.65517241379311,17.24137931034483,17.24137931034483,44.827586206896555,89.65517241379311,27.586206896551722,17.24137931034483,41.37931034482759,86.20689655172413,41.37931034482759,34.48275862068966,27.586206896551722,34.48275862068966,82.75862068965517,75.86206896551724,34.48275862068966,72.22945620281946,96.55172413793103,58.620689655172406,65.51724137931035,68.96551724137932,,,,,,,72.41379310344827,100.0,25.0,,,,,,37.93103448275862,28.571428571428573,37.037037037037045,55.17241379310345,15.384615384615385,37.93103448275862,93.10344827586206,79.3103448275862,,86.20689655172413,68.96551724137932,79.3103448275862,,51.724137931034484,20.68965517241379,96.15384615384616,53.84615384615385,34.61538461538461,23.076923076923077,-0.11257208058457213,-0.09731176364300664,16.666666666666664,16.666666666666664,0.0,51.724137931034484,95.51387522060651,91.25,69.79010494752623,30.099237926824138,71.84584178498987,71.4118265583663,54.03846153846154,27.18390804597701,34.907070685676885,28.172413793103452,58.51724137931036,81.72413793103448,42.50522905131065,43.353715958484564,57.95232255262339,56.65945745466568,50.00658670657512,medium,90.52416502647279,6.216409036860881,[],False,False,,85.07725274595718,1,,,,,,9.0
NOVO-B.CO,EUROPE,Novo Nordisk A/S,Common Stock,CPH,DKK,DKK,Denmark,Healthcare,Drug Manufacturers - General,standard,TICKER:NOVO-B.CO,NAME:novo nordisk a s,NOVO-B.CO,False,1312154451968.0,3306278248.0,3306278248.0,0.35347,0.42540002,0.18729,0.59815,,,,,,,0.021,-0.206,329430990848.0,173677002752.0,37673250816.0,0.11435855114609572,,,,,,,13.704409,11.400837,3.9830935,6.55232,8.184,0.349,,0.005029373567296761,0.005957323505662533,0.20581903762826276,,0.10909090909090909,-0.06327499874999998,0.25420464285433575,13.75,-0.026649999499999997,0.15364762950961766,,100.0,,,43.0,0.22729999,2026-06-30,2026-11-04,84.0,,,299.5,40.06313842756954,789.0,0.017669087403052508,0.01752206178255311,-0.09393431837733446,-0.0940228000051676,-0.0016666666666667052,-0.0021340679106049976,0.04849354884787149,0.04730137964975478,0.014900942871842293,0.013157812546957581,0.0708825600110099,0.06925227352132768,-0.05389929986252262,-0.03135874520075266,0.012910156816419827,-0.012723935473235581,41.94523682264383,0.40066090136182614,0.36646026689229577,-0.4231967462505203,162955530.12669802,0.9702556243650572,-0.228030851027345,0.09489270013799778,0.11403635315785854,0.13232962268764584,-0.13686163581976352,-0.11044471729412564,0.00010859459240508684,-0.22187811734685137,0.02987919171683484,0.04084553672668223,0.06611566239488487,2026-08-12,0.0,,175522622529.36774,yahoo_market_cap,0.028710988069656565,,75.86206896551724,6.896551724137931,31.03448275862069,34.48275862068966,31.03448275862069,34.48275862068966,10.344827586206897,27.586206896551722,34.48275862068966,31.03448275862069,6.896551724137931,24.137931034482758,51.724137931034484,27.586206896551722,27.586206896551722,6.896551724137931,24.137931034482758,24.137931034482758,24.137931034482758,65.51724137931035,27.586206896551722,61.85396486038354,79.3103448275862,75.86206896551724,82.75862068965517,82.75862068965517,,,,,,,13.793103448275861,10.344827586206897,53.57142857142857,,,,,,93.10344827586208,92.85714285714286,66.66666666666667,58.62068965517241,65.38461538461539,75.86206896551724,51.724137931034484,82.75862068965517,,55.172413793103445,3.4482758620689653,3.4482758620689653,,31.034482758620694,27.586206896551726,88.46153846153845,80.76923076923077,76.92307692307693,69.23076923076923,0.030844721902697714,0.05308608378316959,80.0,60.0,-0.03251138856936442,17.24137931034483,79.7455313946285,91.25,48.52216748768473,78.79518757104964,46.937119675456394,47.11765535206726,79.8076923076923,54.172413793103445,31.730670604263654,26.482758620689655,33.55172413793104,29.310344827586203,41.65052019758837,42.380876570308544,48.378468461176304,55.08659111268465,45.37967251574243,long,88.63196376735542,6.58217644424541,[],False,False,,83.54296830581286,1,,,,,,10.0
NESN.SW,EUROPE,Nestlé S.A.,Common Stock,EBS,CHF,CHF,Switzerland,Consumer Defensive,Packaged Foods,standard,TICKER:NESN.SW,NAME:nestl s a,NESN.SW,False,203359698944.0,2572220000.0,2572220000.0,0.083809994,0.16113001,0.06647,0.26244,,,,,,,-0.025,-0.315,88775000064.0,16458999808.0,4374249984.0,0.04927344388450013,,,,,,,16.409603,27.3564,2.2907317,6.959507,15.822,0.499,,0.003352443804620527,0.017823608779749676,0.02432463861359794,,0.6,0.0444,0.05642373041506317,17.5,0.02715,0.0366233419917037,,100.0,,,43.0,,,,,,,79.05999755859375,84.3684588216691,789.0,-0.02814998105077815,-0.03235027175206229,-0.05723829020775495,-0.07010586269747388,0.028355884274942067,0.005156709316494368,0.04267883147708096,0.016085523754571618,0.14130665712434465,0.14572775569269125,0.2102635192197373,0.23152814439117742,-0.03587132409237026,-0.03159032665557371,0.021925879985796648,0.011958896064585334,38.453204539086045,0.3425947492203698,0.24872414543065235,-0.15301191025925331,266766683.82722336,0.9896307759602029,-0.08251132367917269,0.040301041581868646,0.08251132367917269,0.17159102669017068,-0.11294469851206979,-0.10965516468228476,-0.06443793244779439,-0.07609491108062083,,,,2026-08-12,0.0,,217014228638.55023,yahoo_market_cap,0.02150991571444328,,13.793103448275861,31.03448275862069,48.275862068965516,31.03448275862069,41.37931034482759,62.06896551724138,24.137931034482758,31.03448275862069,27.586206896551722,62.06896551724138,13.793103448275861,27.586206896551722,34.48275862068966,41.37931034482759,34.48275862068966,17.24137931034483,20.689655172413794,27.586206896551722,44.827586206896555,79.3103448275862,55.172413793103445,52.54187877089612,17.24137931034483,27.586206896551722,37.93103448275862,44.827586206896555,,,,,,,6.896551724137931,6.896551724137931,17.857142857142858,,,,,,72.41379310344827,75.0,85.18518518518519,51.724137931034484,53.84615384615385,65.51724137931035,65.51724137931035,44.827586206896555,,93.10344827586206,10.344827586206897,10.344827586206897,,93.10344827586208,89.65517241379311,,,,,0.028355884274942067,0.04267883147708096,60.0,40.0,0.0,51.724137931034484,88.44508878467202,91.25,18.47290640394089,67.3674476864132,59.10750507099392,58.7670254169247,,50.51724137931035,34.20975458504409,36.62068965517241,43.86206896551725,48.96551724137931,37.79916469421773,43.67999209689703,44.20080186766776,43.24886044355324,43.46442627022513,medium,89.67591065416065,2.801612180922526,[],False,False,,83.54296830581286,1,,,,,,11.0
NFLX,US,"Netflix, Inc.",Common Stock,NMS,USD,USD,United States,Communication Services,Entertainment,standard,ISIN:US64110L1061,NAME:netflix,NFLX,False,309005942784.0,4163939676.0,4163939676.0,0.28219,0.33381,0.16084999,0.49541,,,,,,,0.134,0.111,48370765824.0,14726931456.0,25387552768.0,0.5248532318130783,,,,,,,19.4436,23.336477,6.388279,10.248584,21.657,1.514,0.0223,0.0002459169404357847,-0.005966137655755655,-0.005799472430774435,,-0.2781456953642384,0.29595,0.1140020185063276,37.75,0.12212499874999999,0.027143935855779382,,100.0,,,43.0,0.0145000005,2026-06-30,2026-10-20,69.0,,,74.20999908447266,64.37717506914522,790.0,0.00013479968520013763,0.000573024122280108,0.00719325158932782,-0.0017820383955327035,-0.15343376700599454,-0.13488495298603276,-0.09731176364300664,-0.06781491686842955,-0.3908775409892631,-0.384506169699271,-0.3986680564558259,-0.3884677391391599,0.028836821681781144,-0.010670523624274564,-0.1709927759596317,-0.05002086278656004,51.34255647712661,0.36117155676245194,0.3293178578307212,-0.46487235220897627,2558077274.033698,1.0643282240150287,-0.4125469948368339,0.02726440956997478,0.02726440956997478,-0.29549494911699464,-0.01608522459773587,-0.2070482291903517,-0.22653275245084814,-0.6255728200088392,0.03907564223953286,0.0586833994743412,0.031232432491346662,2026-08-12,0.0,,268062658960.1204,yahoo_market_cap,0.08215878484170869,,51.724137931034484,34.48275862068966,10.344827586206897,13.793103448275861,3.4482758620689653,10.344827586206897,34.48275862068966,10.344827586206897,13.793103448275861,10.344827586206897,44.827586206896555,10.344827586206897,10.344827586206897,3.4482758620689653,10.344827586206897,58.620689655172406,37.93103448275862,3.4482758620689653,6.896551724137931,89.65517241379311,6.896551724137931,89.02766943137982,62.06896551724138,55.172413793103445,75.86206896551724,72.41379310344827,,,,,,,41.37931034482759,34.48275862068966,100.0,,,,,,58.62068965517241,42.85714285714286,48.148148148148145,37.93103448275862,96.15384615384616,34.48275862068966,20.689655172413794,13.793103448275861,,10.344827586206897,72.41379310344827,55.172413793103445,,79.3103448275862,100.0,19.230769230769234,88.46153846153845,84.61538461538461,46.15384615384615,-0.11257208058457213,-0.09731176364300664,16.666666666666664,16.666666666666664,-0.040861686421422405,13.793103448275861,96.34373419135771,91.25,60.04497751124438,63.027872510631134,37.119675456389466,37.34908284287976,63.653846153846146,15.804597701149422,50.02187288814835,13.931034482758621,10.000000000000002,6.8965517241379315,47.27095311465541,28.67698155010507,36.28813610103473,48.37645714588857,41.77954460784507,long,90.62374810296292,7.043995243757431,[],False,False,,85.07725274595718,1,,,,,,12.0
MC.PA,EUROPE,"LVMH Moët Hennessy - Louis Vuitton, Société Européenne",Common Stock,PAR,EUR,EUR,France,Consumer Cyclical,Luxury Goods,standard,ISIN:CA50244Q1037,NAME:lvmh mo t hennessy louis vuitton soci t europ enne,MC.PA,False,229204180992.0,492965227.0,492965227.0,0.13658,0.22521,0.07667,0.16586,,,,,,,-0.029,0.008,79641001984.0,20053999616.0,11537125376.0,0.14486414144209067,,,,,,,18.198942,21.201551,2.8779671,3.366861,12.756,0.842,,0.004406522454342409,0.010083662303802391,-0.0020381339626504755,,0.13333333333333333,0.0834,0.21000081183868965,15.0,0.027575000000000002,0.055168158278201124,,80.0,,,43.0,,,,,,,464.95001220703125,464.95001220703125,805.0,-0.030748383624460085,-0.030748383624460085,-0.06222262272184553,-0.06222262272184553,0.02052240118142401,0.02052240118142401,-0.09908189089484742,-0.09908189089484742,0.001071674595700678,0.001071674595700678,0.06805474210056395,0.06805474210056395,-0.025833867101618946,-0.04479271350431602,-0.11383999121582922,-0.016517720227720467,40.608136324174716,0.26163309672824175,0.27015800166358456,-0.3065397039320297,246029045.2565918,0.911969306023621,-0.2753694476316294,0.04508108844651104,0.0758298418478548,-0.36675534422345035,-0.10506145853644144,-0.08684365654250814,-0.20172200309663513,-0.18874537164280714,,,,2026-08-12,0.0,,229204180992.0,yahoo_market_cap,0.050335579944777206,,10.344827586206897,27.586206896551722,41.37931034482759,10.344827586206897,27.586206896551722,31.03448275862069,31.03448275862069,37.93103448275862,10.344827586206897,27.586206896551722,20.689655172413794,34.48275862068966,13.793103448275861,31.03448275862069,6.896551724137931,24.137931034482758,13.793103448275861,13.793103448275861,20.689655172413794,44.827586206896555,13.793103448275861,58.288363531132575,34.48275862068966,41.37931034482759,44.827586206896555,17.24137931034483,,,,,,,3.4482758620689653,24.137931034482758,64.28571428571429,,,,,,62.06896551724138,82.14285714285714,77.77777777777779,82.75862068965517,92.3076923076923,72.41379310344827,62.06896551724138,20.689655172413794,,62.06896551724138,24.137931034482758,13.793103448275861,,44.82758620689656,79.3103448275862,,,,,0.02052240118142401,-0.09908189089484742,40.0,20.0,0.0,51.724137931034484,82.41217415432043,83.75,32.39451702720069,79.69928634583806,48.76267748478703,48.83630443429092,,36.51724137931035,27.922314845254135,23.310344827586203,20.241379310344826,26.20689655172414,31.78129891296072,34.79233353554242,38.38737235985746,47.22093812436763,36.58985294769994,long,87.97696089851846,5.727720555306763,[],False,False,,83.54296830581286,1,,,,,,13.0
COST,US,Costco Wholesale Corporation,Common Stock,NMS,USD,USD,United States,Consumer Defensive,Discount Stores,standard,TICKER:COST,NAME:costco wholesale,COST,False,421116411904.0,443478804.0,443478804.0,0.0301,0.036730003,0.086660005,0.29152,,,,,,,0.215,0.455,293586993152.0,13790000128.0,6954375168.0,0.02368761331466576,,,,,,,41.90841,47.645508,1.4343837,25.4728,30.248,0.86,0.0173,0.0004984464901609562,0.0009303783901382914,0.006741685311316563,,0.0625,0.108199996,0.09182671029438473,28.0,0.09062500150000001,0.03930939005449803,,100.0,,,73.0,0.0014,2026-05-31,2026-09-24,43.0,,,949.5750122070312,823.7563341370329,790.0,0.00805212587319426,0.008493819408452952,0.037690406979264734,0.028443351061792965,-0.06927940784540232,-0.04888671735576566,-0.01932099086051542,0.012724334759737221,-0.034007477920959595,-0.02390327484902366,-0.07145095585204209,-0.05570009645386631,0.003951641005123685,0.00023060706762145777,-0.0061541235288594676,0.0023278580569714435,50.86828797614458,0.1817845192739068,0.22458189312202922,-0.16571935745274613,1482696076.6745431,0.8063998206174704,-0.13088972507382035,0.00481567308280928,0.025107046347941808,-0.086030937721311,0.014140164859589799,-0.12104999356008461,-0.14599350082268137,-0.26496992515859186,-0.0106763362999589,0.016260261866369197,-0.010080305047312055,2026-08-12,0.0,,365318492226.02277,yahoo_market_cap,0.016514139490686384,,62.06896551724138,51.724137931034484,20.689655172413794,20.689655172413794,20.689655172413794,20.689655172413794,51.724137931034484,20.689655172413794,24.137931034482758,20.689655172413794,51.724137931034484,20.689655172413794,20.689655172413794,20.689655172413794,17.24137931034483,41.37931034482759,41.37931034482759,20.689655172413794,34.48275862068966,10.344827586206897,41.37931034482759,87.60486392843373,3.4482758620689653,3.4482758620689653,51.724137931034484,48.275862068965516,,,,,,,68.96551724137932,72.41379310344827,10.714285714285714,,,,,,3.4482758620689653,17.857142857142865,96.2962962962963,20.68965517241379,42.30769230769231,41.37931034482759,37.93103448275862,27.586206896551722,,48.275862068965516,37.93103448275862,27.586206896551722,,82.75862068965517,86.20689655172414,15.384615384615385,30.76923076923077,50.0,34.61538461538461,-0.06927940784540232,-0.01932099086051542,33.33333333333333,33.33333333333333,0.0,51.724137931034484,94.51486203659923,86.25,38.145213107731855,31.229390341459307,43.36713995943206,43.548046529536734,33.26923076923077,38.85057471264368,50.90587369000674,27.310344827586206,21.79310344827587,23.448275862068968,46.23407227178189,34.15008152520958,33.85802900293592,35.628126459766726,34.88910399248815,short,89.75428344439192,3.67538644470868,[],False,False,,85.07725274595718,1,,,,,,14.0
SU.PA,EUROPE,Schneider Electric S.E.,Common Stock,PAR,EUR,EUR,France,Industrials,Specialty Industrial Machinery,standard,ISIN:CA80687R1029,NAME:schneider electric s e,SU.PA,False,174826438656.0,562142934.0,562142934.0,0.11270001,0.18199,0.074,0.18620001,,,,,,,0.098,0.293,42041999360.0,8520999936.0,5374750208.0,0.12784240259310065,,,,,,,25.828848,36.717827,4.1583757,7.1489325,22.121,1.15,,0.03677756722440504,0.03929669417056527,2.0,,0.4,0.18435,0.1645092762937965,20.0,0.10556666333333332,0.08280727261599634,,100.0,,,43.0,,,,,,,311.0,311.0,805.0,0.035286305988302846,0.035286305988302846,0.15121231547822456,0.15121231547822456,0.17914691943127958,0.17914691943127958,0.19015312574305399,0.19015312574305399,0.4318523114552142,0.4318523114552142,0.25573170448864047,0.25573170448864047,0.10393297832040882,0.12009508448849049,0.22495475023013922,0.014536190217182998,72.56493934559194,0.43502928169026556,0.37071129007457143,-0.17762918089750324,233759935.65542603,0.9395024565465324,0.0,0.0,0.0,0.5129412856695118,0.10837347966362865,0.043906483200384816,0.14685797600126205,0.2009999238984257,,,,2026-08-12,0.0,,174826438656.0,yahoo_market_cap,0.030743348942637402,,82.75862068965517,89.65517241379311,79.3103448275862,72.41379310344827,82.75862068965517,72.41379310344827,93.10344827586206,79.3103448275862,65.51724137931035,72.41379310344827,89.65517241379311,68.96551724137932,86.20689655172413,82.75862068965517,72.41379310344827,89.65517241379311,93.10344827586206,93.10344827586206,51.724137931034484,48.275862068965516,98.27586206896551,89.74024261763225,31.03448275862069,37.93103448275862,41.37931034482759,27.586206896551722,,,,,,,34.48275862068966,58.620689655172406,57.14285714285714,,,,,,24.137931034482758,35.71428571428571,62.96296296296296,44.82758620689656,73.07692307692307,89.65517241379311,75.86206896551724,98.27586206896551,,89.65517241379311,58.620689655172406,44.827586206896555,,58.62068965517241,58.62068965517241,,,,,0.17914691943127958,0.14272555944867515,100.0,80.0,0.0,51.724137931034484,88.58969747992731,91.25,43.371171557078604,48.02789356237632,76.16632860040568,75.19749003746458,,78.51724137931035,86.0800246437405,81.96551724137932,74.27586206896554,73.44827586206897,80.58782814462974,74.65658007506312,64.09490615069281,55.25502780026292,69.37574311287796,short,89.69326369759128,5.4052843708016125,"['no recent mild pullback (< 1.5% off 20d high)', 'already rebounded too strongly (> 2.0% over 5d)']",True,False,,83.54296830581286,1,,,,,,
LLY,US,Eli Lilly and Company,Common Stock,NYQ,USD,USD,United States,Healthcare,Drug Manufacturers - General,standard,TICKER:LLY,NAME:eli lilly and company,LLY,False,1088174161920.0,891741406.0,891741406.0,0.33528998,0.54222,0.20357001,1.02286,,,,,,,0.477,0.262,79666003968.0,41706999808.0,11065900032.0,0.13890366631725268,,,,,,,26.169426,40.990257,13.659204,34.94802,27.069,0.506,0.010199999,0.03661590575530466,0.025188192275161454,0.02825256142260387,,-0.1686746987951807,0.374025,0.2228998838720833,20.75,0.23834999999999998,0.1349857258989321,,100.0,,,43.0,0.2727,2026-06-30,2026-10-29,78.0,,,1220.280029296875,1058.5929396118768,790.0,0.04309921236442693,0.043556262319394135,0.05503058380411918,0.04562900628401945,0.2348900813827659,0.26194732222457806,0.19455688292277018,0.23359102552031996,0.9346249367884039,0.954860955994091,0.8216412436191649,0.8525415124665598,0.03416585168557229,0.04779675427053465,0.17605404843671923,0.0371487951431988,58.087431109517595,0.3562737496153073,0.3369713497693885,-0.2318226420616124,2747369115.905209,0.8997483246876137,-0.012366885114646675,0.009464675766633013,0.009464675766633013,0.5773692127117578,0.03132582008181628,0.1897840460202591,0.07487318993790137,0.7137943056845228,-0.006411431373401166,0.013673079387172216,0.008829164975104664,2026-08-12,0.0,,943991098125.5073,yahoo_market_cap,0.01016923615653129,,89.65517241379311,75.86206896551724,96.55172413793103,75.86206896551724,89.65517241379311,86.20689655172413,72.41379310344827,96.55172413793103,75.86206896551724,86.20689655172413,72.41379310344827,100.0,72.41379310344827,89.65517241379311,75.86206896551724,65.51724137931035,62.06896551724138,86.20689655172413,89.65517241379311,34.48275862068966,86.20689655172413,100.0,72.41379310344827,89.65517241379311,89.65517241379311,89.65517241379311,,,,,,,89.65517241379311,48.275862068965516,60.71428571428571,,,,,,17.241379310344836,21.428571428571434,25.925925925925917,10.3448275862069,23.076923076923077,86.20689655172413,68.96551724137932,51.724137931034484,,13.793103448275861,79.3103448275862,82.75862068965517,,41.37931034482759,34.48275862068965,92.3076923076923,34.61538461538461,42.30769230769231,38.46153846153847,0.2348900813827659,0.19455688292277018,100.0,83.33333333333334,0.0,51.724137931034484,88.00861667296651,91.25,74.27714714071537,20.529261925813653,58.37728194726168,58.05504019003213,51.92307692307692,79.68390804597702,75.00000000000001,85.41379310344828,82.48275862068967,87.93103448275862,71.24615321765901,72.71197367074298,67.10701718378498,59.34612037527413,69.176585200722,swing,89.62353400075598,5.252080856123662,"['no recent mild pullback (< 1.5% off 20d high)', 'already rebounded too strongly (> 2.0% over 5d)']",True,False,,85.07725274595718,1,,,,,,
ASML.AS,EUROPE,ASML Holding N.V.,Common Stock,AMS,EUR,EUR,Netherlands,Technology,Semiconductor Equipment & Materials,standard,ISIN:AR0725224551,NAME:asml holding n v,ASML.AS,False,601884721152.0,384100000.0,384100000.0,0.30114,0.37057,0.16454001,0.53942,,,,,,,0.213,0.285,35327500288.0,13488400384.0,8437675008.0,0.23884155230949353,,,,,,,30.471785,61.47509,17.037287,27.577347,43.837,1.365,,0.002789218384456494,0.19196236778974243,0.4418799721007598,,0.8105263157894737,0.6523250174999999,0.3377209440695156,23.75,0.39289999499999995,0.22581416142143737,,100.0,,,43.0,0.099300005,2026-06-30,2026-10-14,63.0,,,1567.0,1567.0,805.0,0.06904076122304814,0.06904076122304814,0.012577166738526824,0.012577166738526824,0.2007402257943096,0.2007402257943096,0.3327310353748998,0.3327310353748998,1.4772188779316577,1.4772188779316577,1.4387887947149842,1.4387887947149842,0.044367583860058346,0.01141354099710945,0.2753007894210173,0.05431705454383429,56.71317387153833,0.5061552325435945,0.49749850145714625,-0.2077144161694917,980395267.6986084,0.9480982766760241,-0.08859818355274685,0.0,0.01846403630796345,0.6688081158040649,-0.030261669076069087,0.06746932199580824,0.2374615259814956,1.3349049421541577,-0.04635766620444093,-0.12292318775765021,-0.19247587478852124,2026-08-12,0.0,,601884721152.0,yahoo_market_cap,0.014018755936934888,,100.0,37.93103448275862,82.75862068965517,93.10344827586206,93.10344827586206,93.10344827586206,44.827586206896555,82.75862068965517,89.65517241379311,93.10344827586206,37.93103448275862,75.86206896551724,93.10344827586206,93.10344827586206,86.20689655172413,72.41379310344827,48.275862068965516,96.55172413793103,93.10344827586206,51.724137931034484,48.275862068965516,100.0,66.66666666666666,66.66666666666666,77.77777777777779,77.77777777777779,,,,,,,66.66666666666666,33.33333333333333,88.88888888888889,,,,,,33.33333333333333,33.33333333333333,44.44444444444446,33.33333333333333,66.66666666666666,62.06896551724138,96.55172413793103,89.65517241379311,,100.0,86.20689655172413,89.65517241379311,,10.3448275862069,17.241379310344836,61.53846153846154,7.6923076923076925,3.8461538461538463,15.384615384615385,-0.019845982366652304,0.42755672040108494,20.0,100.0,0.22058620816096192,100.0,87.66471176596988,91.25,65.70048309178745,44.666666666666664,79.7160243407708,78.54763822075031,21.153846153846153,72.0,59.89655172413794,73.37931034482757,91.72413793103449,93.44827586206895,59.69052070505779,69.40179425665501,73.62748782012969,65.16169017382691,67.28174221524097,medium,89.58226541191638,7.49305866547246,['already rebounded too strongly (> 2.0% over 5d)'],True,False,,83.54296830581286,1,,,,,,
JPM,US,JP Morgan Chase & Co.,Common Stock,NYQ,USD,USD,United States,Financial Services,Banks - Diversified,financials-lite,TICKER:JPM,NAME:jp morgan chase co,JPM,False,970716413952.0,2658186195.0,2658186195.0,0.34921002,0.50394,0.0136,0.17789,,,,,,,0.304,0.469,186328006656.0,,,,,,,,,,14.603116,15.6394,5.209718,2.7455697,,0.977,0.0107,0.006143783453436268,0.06128036682053514,0.06992126496643912,,0.7631578947368421,0.17739999750000002,0.07744833761973582,9.5,0.0922,0.06516770170716492,,100.0,,,43.0,0.0586,2026-06-30,2026-10-13,62.0,,,365.17999267578125,316.7936478947741,790.0,0.016534914271462142,0.016980324670859304,0.052664924103678734,0.04328442742559524,0.20317864232923744,0.22954106501933924,0.15842157432296844,0.1962749353195279,0.28528168756151184,0.29872562928873303,0.20726180772570024,0.22774043630231322,0.035859946305326185,0.08602141789803519,0.1709847562443234,0.016997210892744752,68.91923310547733,0.18922703708476685,0.21857751171931805,-0.154717373788531,2171809456.6487775,0.7923311040438615,0.0,0.0,0.0,0.7247844166439333,0.028981241223392074,0.1573777888150203,0.0375570997371093,0.05765897897916483,0.020590950646787842,0.01460125946749935,0.05784041088436753,2026-08-12,0.0,,842096500396.754,yahoo_market_cap,,,72.41379310344827,65.51724137931035,86.20689655172413,62.06896551724138,65.51724137931035,58.620689655172406,62.06896551724138,89.65517241379311,68.96551724137932,58.620689655172406,65.51724137931035,89.65517241379311,58.620689655172406,58.620689655172406,89.65517241379311,68.96551724137932,86.20689655172413,82.75862068965517,65.51724137931035,6.896551724137931,98.27586206896551,100.0,75.86206896551724,86.20689655172413,6.896551724137931,20.689655172413794,,,,,,,82.75862068965517,75.86206896551724,,,,,,,79.3103448275862,,55.55555555555556,89.65517241379311,,82.75862068965517,79.3103448275862,58.620689655172406,,96.55172413793103,55.172413793103445,34.48275862068966,,89.65517241379311,68.96551724137932,42.30769230769231,73.07692307692307,46.15384615384615,61.53846153846154,0.12176284749606503,0.0995344275206187,83.33333333333334,50.0,0.0814157948331724,89.65517241379311,75.2465718403352,91.25,47.91288566243195,79.88505747126437,73.34685598377284,71.7104260725953,55.57692307692308,73.56321839080461,69.68965517241381,84.20689655172414,67.82758620689657,63.448275862068954,67.36364921802505,74.68546044725304,65.39683603476293,63.73909667375682,66.380242626394,swing,81.83303798633939,3.0,['no recent mild pullback (< 1.5% off 20d high)'],True,False,,85.07725274595718,1,,,,,,
NVDA,US,NVIDIA Corporation,Common Stock,NMS,USD,USD,United States,Technology,Semiconductors,standard,TICKER:NVDA,NAME:nvidia,NVDA,False,5427683655680.0,24221000000.0,24221000000.0,0.62966,0.65596,0.52727,1.14288,,,,,,,0.852,2.145,253491003392.0,165514002432.0,46335873024.0,0.18279099614571304,,,,,,,17.384214,34.369633,21.411741,27.768278,31.557,2.215,0.0126,0.0,0.0048610428772620775,0.1029883915049736,,0.08888888888888889,0.77802499,0.3293391425128297,45.0,0.7558999974999999,0.32667240578913354,,100.0,,,104.0,0.0554,2026-04-30,2026-08-26,14.0,,,224.08999633789062,194.39807443020146,790.0,0.022215103959809523,0.022663003221637723,0.05454115923713232,0.04514394307212233,0.016175260309957196,0.03844031788083857,0.1900038124624983,0.2288891758732685,0.23249739648308476,0.24538921882648657,0.16173301629482717,0.1814393457700454,0.07537820261762351,0.08648846375016483,0.1528387647887377,0.012688606226979537,62.43230208897137,0.4057535985554815,0.41573812149977113,-0.20214385493927145,22090219203.271523,0.844311164402549,-0.04831101012268957,0.0,0.0,0.45702763984467304,0.03084075686991916,-0.03372295832348038,0.07017134029084993,0.004322568516918368,-0.00561207563438304,0.05977849926292467,0.05797465881657349,2026-08-12,0.0,,4708515634448.516,yahoo_market_cap,0.00853695166546969,,79.3103448275862,72.41379310344827,37.93103448275862,68.96551724137932,51.724137931034484,51.724137931034484,68.96551724137932,44.827586206896555,72.41379310344827,51.724137931034484,68.96551724137932,51.724137931034484,68.96551724137932,48.275862068965516,62.06896551724138,86.20689655172413,89.65517241379311,79.3103448275862,48.275862068965516,20.689655172413794,72.41379310344827,100.0,100.0,100.0,100.0,83.33333333333334,,,,,,,100.0,100.0,50.0,,,,,,83.33333333333334,50.000000000000014,33.33333333333333,33.33333333333333,50.0,24.137931034482758,44.827586206896555,62.06896551724138,,51.724137931034484,89.65517241379311,96.55172413793103,,17.241379310344836,6.896551724137933,38.46153846153847,42.30769230769231,88.46153846153845,65.38461538461539,0.021165454310395293,0.19342779166420299,66.66666666666666,66.66666666666666,-0.004990194000438097,27.586206896551722,92.74667735744887,86.25,90.21739130434783,55.00000000000001,51.76470588235295,51.70888122298729,58.653846153846146,54.94252873563217,73.20689655172414,61.37931034482759,59.034482758620705,53.275862068965516,68.75110767684974,60.430689242621796,64.28472030401419,68.44861368606081,66.36666699503749,short,89.54210128289387,6.9179548156956,"['no recent mild pullback (< 1.5% off 20d high)', 'already rebounded too strongly (> 2.0% over 5d)']",True,False,,85.07725274595718,1,,,,,,
SHEL.L,OTHER,Shell plc,Common Stock,LSE,GBp,USD,United Kingdom,Energy,Oil & Gas Integrated,standard,TICKER:SHEL.L,NAME:shell,SHEL.L,False,183538778112.0,5524117197.0,5524117197.0,0.08756,0.16691,0.06395,0.14341,,,,,,,0.447,2.2,296600993792.0,57605001216.0,21458374656.0,0.07234761550073666,,,,,,,9.605116,9.917911,0.618807,1.3801091,3.954,-0.218,,0.07098495697911263,0.06975621844094686,0.1561926056712318,,-0.2972972972972973,0.6389999900000001,0.2990488909056854,9.25,0.1541,0.2369953768041452,,100.0,,,43.0,0.1361,2026-06-30,2026-10-29,78.0,,,33.225,0.3892338216966488,799.0,0.012802926383173263,0.01725229031940878,0.06167119348138672,0.06060151821980364,0.06481897009106419,0.08043692448622441,0.1615612878724606,0.18651796968915035,0.2926514049761133,0.3094303816813133,0.22445681400064443,0.23795437077976178,0.007955950277206636,0.055230896271358576,0.10324075943223776,0.02174420308437064,56.85314918812632,0.2304709708819776,0.2451372877382642,-0.19103873573532326,3065811.6435428336,0.8818824609374469,-0.06430851156853312,0.024372338863602905,0.024372338863602905,0.659064515900826,0.04352752244993563,0.0017790523373297784,0.10841049126692104,0.037745969207037655,-0.020627344016365456,0.02659393112853725,0.10279577224684622,2026-08-12,0.0,,215017306347.8314,yahoo_market_cap,0.08657507890836914,,68.96551724137932,82.75862068965517,55.172413793103445,65.51724137931035,68.96551724137932,68.96551724137932,82.75862068965517,58.620689655172406,62.06896551724138,68.96551724137932,82.75862068965517,62.06896551724138,82.75862068965517,55.172413793103445,82.75862068965517,48.275862068965516,65.51724137931035,51.724137931034484,68.96551724137932,27.586206896551722,62.06896551724138,100.0,20.689655172413794,31.03448275862069,27.586206896551722,13.793103448275861,,,,,,,86.20689655172413,93.10344827586206,35.714285714285715,,,,,,100.0,96.42857142857143,100.0,100.0,100.0,96.55172413793103,82.75862068965517,72.41379310344827,,6.896551724137931,82.75862068965517,68.96551724137932,,20.68965517241379,13.793103448275854,73.07692307692307,15.384615384615385,65.38461538461539,88.46153846153845,0.06481897009106419,0.1615612878724606,40.0,80.0,0.0,51.724137931034484,70.22713703738671,91.25,52.01327907474834,99.10714285714286,61.054766734279916,60.142407151401045,55.76923076923077,57.51724137931035,71.79310344827587,64.58620689655172,69.48275862068968,65.17241379310346,66.09696567467165,62.29473314957536,64.7549678811107,67.67797030597234,65.42596677789118,long,87.4897564444864,4.224361845051501,"['price < €5.00', 'insufficient median EUR turnover']",True,False,,,1,,,,,,
ALV.DE,OTHER,Allianz SE                    v,Common Stock,GER,EUR,EUR,Germany,Financial Services,Insurance - Diversified,financials-lite,TICKER:ALV.DE,NAME:allianz se v,ALV.DE,False,,,,0.098780006,0.13683,0.01228,0.19612,,,,,,,0.121,-0.08,119421001728.0,21464000512.0,9307124736.0,0.0779354100311303,,,,,,,13.112452,14.390163,,2.5260868,3.077,0.668,,0.2232845319440716,0.2254061571395842,0.10845993625778967,,0.0,0.054900001375,0.1553514966866859,4.75,-0.0023999999999999994,0.08481732473637534,,100.0,,,43.0,-0.0654,2026-06-30,,,,,438.8999938964844,438.8999938964844,801.0,0.005267951811305016,0.005267951811305016,0.054034582924593844,0.054034582924593844,0.17196260052465795,0.17196260052465795,0.2509453713444736,0.2509453713444736,0.2451775142293633,0.2451775142293633,0.15656282212756412,0.15656282212756412,0.01934643066670927,0.05893251117791687,0.17825026066668448,0.023607535265850688,66.08867203166687,0.10916493234871587,0.13465671145965766,-0.12350398048430755,223635887.08073425,0.9099298399223892,-0.004084452599700139,0.004084452599700139,0.004084452599700139,1.8635934935902196,0.03696058715472583,0.11690958919376615,0.04926301044407966,0.062185896146673914,0.0,0.021009373487616667,0.04419219397063756,2026-08-12,0.0,,,yahoo_market_cap,,,58.620689655172406,68.96551724137932,75.86206896551724,86.20689655172413,58.620689655172406,48.275862068965516,79.3103448275862,75.86206896551724,82.75862068965517,44.827586206896555,79.3103448275862,82.75862068965517,62.06896551724138,65.51724137931035,100.0,51.724137931034484,72.41379310344827,89.65517241379311,75.86206896551724,41.37931034482759,93.10344827586206,100.0,27.586206896551722,17.24137931034483,3.4482758620689653,31.03448275862069,,,,,,,37.93103448275862,20.689655172413794,39.285714285714285,,,,,,96.55172413793103,100.0,,93.10344827586208,,100.0,100.0,65.51724137931035,,37.93103448275862,17.24137931034483,6.896551724137931,,68.96551724137932,55.17241379310345,11.538461538461538,46.15384615384615,57.692307692307686,53.84615384615385,0.17196260052465795,0.2509453713444736,80.0,100.0,0.0,51.724137931034484,59.579866678365065,91.25,23.593466424682394,94.92900608519271,61.78498985801218,60.50141421870711,42.11538461538461,78.51724137931035,72.55172413793106,83.37931034482759,71.13793103448278,61.55172413793103,65.3520297787723,70.04213091368241,59.57991437608317,56.76014034142502,62.465972077427736,swing,78.85863392123535,2.1688311688311686,"['market cap EUR unavailable', 'no recent mild pullback (< 1.5% off 20d high)']",True,False,,,1,,,,,,
AMD,US,"Advanced Micro Devices, Inc.",Common Stock,NMS,USD,USD,United States,Technology,Semiconductors,standard,ISIN:US0079031078,NAME:advanced micro devices,AMD,False,788371144704.0,1632475042.0,1632475042.0,0.15577,0.1725,0.05128,0.10196,,,,,,,0.501,1.595,41305001984.0,9562000384.0,8841499648.0,0.21405396981762315,,,,,,,31.237648,122.57106,19.086578,11.724162,80.054,2.489,0.0232,0.06679703040270787,0.09533400724806301,2.0,,0.22085889570552147,0.799025,0.43443115063383825,40.75,0.5401750000000001,0.3920695292298121,,100.0,,,43.0,0.0321,2026-06-30,2026-11-03,83.0,,,482.92999267578125,418.94177426468724,790.0,0.0018255469455388251,0.0022645122095221737,-0.08733042426087989,-0.09546339585266939,0.07727137226032599,0.10087508518236898,1.2612257157562836,1.3351150451770102,1.8031692366938628,1.8324901585076248,2.024521428285478,2.075826000794524,-0.022810485138857195,-0.056285963702305875,0.5002189065696214,0.09750728732440028,47.39050289242728,0.8367749196785483,0.7807827002272426,-0.2776075108828485,12093703001.805616,0.9683721130523986,-0.16866637688861374,0.06874546499906142,0.12564956143380068,1.6153351187074338,-0.10976658205487255,0.028711808978050035,1.1763972095945916,1.5914235081980566,-0.06890907388804501,-0.1093112580874922,-0.2605394683907095,2026-08-12,0.0,,683911977202.6943,yahoo_market_cap,0.011214895049614745,,55.172413793103445,10.344827586206897,58.620689655172406,100.0,100.0,100.0,6.896551724137931,65.51724137931035,100.0,100.0,17.24137931034483,65.51724137931035,100.0,100.0,96.55172413793103,27.586206896551722,10.344827586206897,100.0,100.0,62.06896551724138,31.03448275862069,77.17150867728184,16.666666666666664,16.666666666666664,16.666666666666664,16.666666666666664,,,,,,,83.33333333333334,83.33333333333334,66.66666666666666,,,,,,33.33333333333333,16.666666666666668,50.000000000000014,83.33333333333334,66.66666666666666,93.10344827586206,86.20689655172413,98.27586206896551,,75.86206896551724,93.10344827586206,93.10344827586206,,6.896551724137933,3.4482758620689653,30.76923076923077,3.8461538461538463,7.6923076923076925,11.538461538461538,0.021165454310395293,0.19342779166420299,66.66666666666666,66.66666666666666,0.056105917949930695,82.75862068965517,90.29184410670508,91.25,51.44927536231885,45.166666666666664,78.8843813387424,77.93674186766626,12.884615384615383,71.49425287356321,33.72195130046044,60.827586206896555,96.27586206896554,100.0,41.51998751290894,61.90896233524886,71.08322039852492,60.12033676502151,61.01464955013519,medium,89.89752129280461,9.114149821640904,['pullback too deep (> 12.0% off 20d high)'],True,False,,85.07725274595718,1,,,,,,
AIR.PA,EUROPE,Airbus SE,Common Stock,PAR,EUR,EUR,Netherlands,Industrials,Aerospace & Defense,standard,TICKER:AIR.PA,NAME:airbus,AIR.PA,False,169099804672.0,791480489.0,791480489.0,0.07714,0.113570005,0.03131,0.23193,,,,,,,0.277,1.258,76985999360.0,9004000256.0,3128750080.0,0.04064050744304062,,,,,,,24.54407,28.486666,2.1965008,6.535437,18.817,0.882,,-0.01574182596124691,-0.02824321785324065,0.26540273934028813,,0.15555555555555556,0.04794999674999999,0.15862292986950433,11.25,0.10529999999999999,0.08687372224146715,,100.0,,,43.0,0.15720001,2026-06-30,2026-10-28,77.0,,,213.64999389648438,213.64999389648438,805.0,-0.006047932403882905,-0.006047932403882905,0.09351002434783484,0.09351002434783484,0.27415316810985746,0.27415316810985746,0.14272555944867515,0.14272555944867515,0.1643717576336563,0.1643717576336563,0.08017703721231761,0.08017703721231761,0.033106278696187985,0.08320579265497252,0.13497332984326027,0.003373414683532472,61.426577273242565,0.3403407326627498,0.3102126379765468,-0.2771117091213977,189776580.31768036,0.8942785106286945,-0.0118174548898633,0.006047932403882905,0.006047932403882905,0.4600894418088335,0.05067118853323893,0.11702617310147034,0.055045850083928594,0.012984920232823827,0.018916459656486584,0.04837053555496418,0.08975021752050072,2026-08-12,0.0,,169099804672.0,yahoo_market_cap,0.018502387309487334,,41.37931034482759,86.20689655172413,100.0,58.620689655172406,44.827586206896555,37.93103448275862,86.20689655172413,100.0,58.620689655172406,37.93103448275862,86.20689655172413,86.20689655172413,65.51724137931035,51.724137931034484,65.51724137931035,62.06896551724138,82.75862068965517,65.51724137931035,37.93103448275862,31.03448275862069,89.65517241379311,100.0,13.793103448275861,13.793103448275861,13.793103448275861,41.37931034482759,,,,,,,75.86206896551724,82.75862068965517,14.285714285714285,,,,,,27.586206896551726,53.57142857142857,88.8888888888889,62.06896551724138,46.15384615384615,6.896551724137931,6.896551724137931,86.20689655172413,,65.51724137931035,13.793103448275861,41.37931034482759,,62.06896551724138,51.724137931034484,84.61538461538461,69.23076923076923,80.76923076923077,80.76923076923077,0.17914691943127958,0.14272555944867515,100.0,80.0,0.09500624867857788,93.10344827586206,77.34839336110893,91.25,41.31505675733562,49.7677466211949,37.565922920892504,38.372689518992445,78.26923076923076,90.93103448275862,75.27586206896554,82.89655172413794,55.793103448275865,43.793103448275865,70.70411082806022,68.43576499473703,51.46742297069409,47.898594271591676,59.95159398271556,short,88.34430720333307,5.497984773846842,['no recent mild pullback (< 1.5% off 20d high)'],True,False,,83.54296830581286,1,,,,,,
SAP.DE,OTHER,SAP SE,Common Stock,GER,EUR,EUR,Germany,Technology,Software - Application,standard,TICKER:SAP.DE,NAME:sap,SAP.DE,False,203093786624.0,1154204232.0,1154204232.0,0.20413,0.2762,0.0954,0.18320999,,,,,,,0.094,0.306,38192001024.0,11760000000.0,9090624512.0,0.23802430530642835,,,,,,,21.024734,26.301945,5.3177047,4.5391464,17.635,0.757,,0.004293853619755863,-0.0024373579658662483,-0.0093113110092514,,-0.12121212121212122,0.18467499999999998,0.22943613612558955,16.5,0.107,0.03509207740688328,,100.0,,,43.0,-0.0929,2026-06-30,2026-10-21,70.0,,,175.9600067138672,175.9600067138672,801.0,0.03958414524680043,0.03958414524680043,0.28456717916579266,0.28456717916579266,0.22143558028521215,0.22143558028521215,0.05448691981440135,0.05448691981440135,-0.2512701355168321,-0.2512701355168321,-0.4187154023125452,-0.4187154023125452,0.12681472881744815,0.19512067799217614,0.03952236264536957,-0.04156684651386133,69.12717301596645,0.5516902562556222,0.5026216438348735,-0.46075256027080425,524435004.22830963,1.064451205190241,-0.26055191942561184,0.02623126903390416,0.02623126903390416,0.10840543872858359,0.26749318339592465,0.16056869357861014,-0.09129551060002927,-0.5362340990020505,0.051343320020988736,0.07388055146630124,0.18835824994898553,2026-08-12,0.0,,203093786624.0,yahoo_market_cap,0.04476072194581724,,86.20689655172413,100.0,93.10344827586206,37.93103448275862,10.344827586206897,6.896551724137931,100.0,86.20689655172413,37.93103448275862,6.896551724137931,100.0,93.10344827586206,24.137931034482758,10.344827586206897,24.137931034482758,96.55172413793103,96.55172413793103,31.03448275862069,10.344827586206897,93.10344827586206,20.689655172413794,100.0,33.33333333333333,33.33333333333333,44.44444444444444,33.33333333333333,,,,,,,22.22222222222222,55.55555555555556,77.77777777777779,,,,,,66.66666666666667,100.0,88.88888888888889,88.88888888888889,100.0,68.96551724137932,24.137931034482758,10.344827586206897,,17.24137931034483,62.06896551724138,51.724137931034484,,37.93103448275862,93.10344827586208,7.6923076923076925,92.3076923076923,96.15384615384616,100.0,0.22143558028521215,0.05448691981440135,100.0,40.0,0.0,51.724137931034484,83.88828276024296,91.25,44.20289855072464,89.44444444444444,38.742393509127794,39.29037832359126,73.46153846153845,64.51724137931035,89.20689655172416,63.99999999999999,25.862068965517246,11.034482758620689,76.52229836029962,58.19293176256474,45.34735544815785,54.24181238559264,56.21737207407869,short,89.12909393122915,7.767129422301836,['already rebounded too strongly (> 2.0% over 5d)'],True,False,,,1,,,,,,
SIE.DE,OTHER,SIEMENS AG                    N,Common Stock,GER,EUR,EUR,Germany,Industrials,Specialty Industrial Machinery,standard,TICKER:SIE.DE,NAME:siemens ag n,SIE.DE,False,,,,0.097959995,0.14903,0.03796,0.12465999,,,,,,,0.073,0.128,81113997312.0,12517999616.0,6503750144.0,0.08018036787145041,,,,,,,21.809574,28.195002,,3.1972198,20.995,1.285,,0.0015211251039496524,0.00046891010431948714,0.11548827545265665,,-0.11428571428571428,0.08142500350000001,0.15654658008609418,8.75,0.091825,0.0614798683563621,,100.0,,,43.0,0.1416,2026-06-30,,,,,281.95001220703125,281.95001220703125,801.0,-0.013988458923736458,-0.013988458923736458,0.04387266136889356,0.04387266136889356,0.08609401224206259,0.08609401224206259,0.12040533260247988,0.12040533260247988,0.2505718741533729,0.2505718741533729,0.1826034055457837,0.1826034055457837,0.022892213429603236,0.03195231757203443,0.13678119126630195,0.016526227077659605,55.861138092846694,0.27323778749444394,0.2804656079319342,-0.20503662867365802,269229833.33709717,1.0141329355672772,-0.01913376158091351,0.01913376158091351,0.01913376158091351,0.4293051596960896,0.02679866559902555,-0.00953486956792049,0.013056498399987015,0.06078201964309704,-0.027387451028322407,-0.041081230815254055,-0.0334340889224608,2026-08-12,0.0,,,yahoo_market_cap,,,37.93103448275862,55.172413793103445,65.51724137931035,55.172413793103445,62.06896551724138,55.172413793103445,65.51724137931035,62.06896551724138,48.275862068965516,55.172413793103445,62.06896551724138,58.620689655172406,55.172413793103445,62.06896551724138,58.620689655172406,55.172413793103445,55.172413793103445,68.96551724137932,62.06896551724138,82.75862068965517,82.75862068965517,100.0,24.137931034482758,24.137931034482758,17.24137931034483,10.344827586206897,,,,,,,24.137931034482758,37.93103448275862,46.42857142857143,,,,,,44.82758620689656,46.42857142857143,,86.20689655172414,,51.724137931034484,34.48275862068966,68.96551724137932,,20.689655172413794,20.689655172413794,31.03448275862069,,65.51724137931035,75.86206896551725,76.92307692307693,11.538461538461538,19.230769230769234,30.76923076923077,0.08609401224206259,0.12040533260247988,60.0,60.0,0.0,51.724137931034484,71.85734721756762,91.25,29.213964446348257,51.225157125870574,41.135902636916846,41.83165460432791,33.07692307692308,57.51724137931035,66.24137931034484,63.344827586206904,58.27586206896553,60.00000000000001,56.77553113575759,52.20829695985145,45.872801553897744,42.54936157126819,49.0405492568746,short,83.48538166610811,5.042543663233318,['market cap EUR unavailable'],True,False,,,1,,,,,,
NOKIA.HE,EUROPE,Nokia Oyj,Common Stock,HEL,EUR,EUR,Finland,Technology,Communication Equipment,standard,TICKER:NOKIA.HE,NAME:nokia oyj,NOKIA.HE,False,50298634240.0,5582534171.0,5582534171.0,0.03472,0.07934,0.03121,0.03455,,,,,,,0.084,-0.979,20394000384.0,2604999936.0,1182875008.0,0.058001127082846285,,,,,,,22.28378,75.083336,2.4663446,2.3798203,18.722,0.76,,-0.005344934742075879,-0.012437490000980555,0.0027561245768309155,,-0.017857142857142856,0.097249998,0.28183876529361673,14.0,0.048724998,0.08779266529776586,,100.0,,,43.0,0.1523,2026-06-30,2026-10-22,71.0,,,9.010000228881836,9.010000228881836,790.0,0.06601994637217845,0.06601994637217845,-0.07441745681435452,-0.07441745681435452,-0.24043219052761422,-0.24043219052761422,0.5223824054272701,0.5223824054272701,1.605388624398174,1.605388624398174,1.8132697004134144,1.8132697004134144,0.07116251059217227,-0.1321020544883451,0.1369041343814026,0.05481260840057822,50.14179271371265,0.6744112395167416,0.6840317094957646,-0.4829458829898745,164833819.7783997,1.3225323374228393,-0.3834492364827552,0.0,0.035366665873668435,0.7636815635525805,-0.11725629262895043,-0.3081273598359091,0.4460313983222064,1.3758246895998658,-0.014712188001509419,-0.09822589540819504,-0.31923241840039474,2026-08-12,0.0,,50298634240.0,yahoo_market_cap,0.023517040290913473,,96.55172413793103,17.24137931034483,3.4482758620689653,96.55172413793103,96.55172413793103,96.55172413793103,20.689655172413794,3.4482758620689653,96.55172413793103,96.55172413793103,10.344827586206897,3.4482758620689653,96.55172413793103,96.55172413793103,93.10344827586206,82.75862068965517,3.4482758620689653,72.41379310344827,96.55172413793103,96.55172413793103,10.344827586206897,85.42537814113794,11.11111111111111,11.11111111111111,11.11111111111111,11.11111111111111,,,,,,,11.11111111111111,11.11111111111111,33.33333333333333,,,,,,44.44444444444446,77.77777777777779,100.0,100.0,77.77777777777779,10.344827586206897,10.344827586206897,24.137931034482758,,31.03448275862069,31.03448275862069,20.689655172413794,,27.586206896551726,48.27586206896552,80.76923076923077,23.076923076923077,11.538461538461538,7.6923076923076925,-0.019845982366652304,0.42755672040108494,20.0,100.0,-0.22058620816096192,3.4482758620689653,79.56740685763128,91.25,14.975845410628022,73.88888888888889,22.190669371196762,23.842113118798352,31.73076923076923,43.03448275862069,46.45012674455484,32.275862068965516,86.75862068965517,94.13793103448275,39.94654540237477,31.917120710233576,47.45348880823586,42.565130552607116,41.25583797749094,medium,88.61058882291576,8.55306762203314,['already rebounded too strongly (> 2.0% over 5d)'],True,False,,83.54296830581286,1,,,,,,
ORCL,US,Oracle Corporation,Common Stock,NYQ,USD,USD,United States,Technology,Software - Infrastructure,standard,TICKER:ORCL,NAME:oracle,ORCL,False,441518587904.0,2880471000.0,2880471000.0,0.25368,0.36202,0.06505,0.53376,,,,,,,0.206,0.219,67356999680.0,30493999104.0,-24536750080.0,-0.3642791424286908,,,,,,,14.05929,26.291595,6.554903,11.7546015,18.367,1.718,0.0292,0.0,-0.0011191778228294368,0.014268573278792688,,0.3469387755102041,0.10629999500000001,0.28759520775097897,36.75,0.34647499,0.1694741488956047,,100.0,,,73.0,0.0752,2026-05-31,2026-09-10,29.0,,,153.27999877929688,132.97040072431207,790.0,0.061569356792211316,0.06203449972489228,0.15691744602731927,0.14660793536463945,-0.1767208052817809,-0.1586822253406408,-0.03464589584407041,-0.003101337106478308,-0.38646891209209877,-0.38005142690305727,-0.4721496718164334,-0.4631958138001028,0.15804065823463453,-0.013719511151930708,-0.130831085770853,-0.08028425068369105,59.65539588745572,0.6819870921206713,0.6728968880880029,-0.6457812963867173,3752552406.912281,1.0642690786350497,-0.5278316073910028,0.0,0.0,-0.051487674348613344,0.13230474916243629,-0.23084550154495975,-0.1618191726888969,-0.6211180772126255,0.09907877151541089,-0.05359203424466952,-0.3455576270840456,2026-08-12,0.0,,383017380143.38336,yahoo_market_cap,-0.05557353813003012,,93.10344827586206,93.10344827586206,6.896551724137931,17.24137931034483,6.896551724137931,3.4482758620689653,89.65517241379311,6.896551724137931,17.24137931034483,3.4482758620689653,93.10344827586206,6.896551724137931,17.24137931034483,6.896551724137931,20.689655172413794,100.0,34.48275862068966,10.344827586206897,3.4482758620689653,86.20689655172413,3.4482758620689653,100.0,33.33333333333333,50.0,33.33333333333333,66.66666666666666,,,,,,,50.0,16.666666666666664,16.666666666666664,,,,,,100.0,100.0,100.0,66.66666666666667,16.666666666666664,24.137931034482758,27.586206896551722,41.37931034482759,,82.75862068965517,34.48275862068966,86.20689655172413,,24.137931034482758,24.137931034482758,53.84615384615385,100.0,15.384615384615385,3.8461538461538463,0.021165454310395293,0.19342779166420299,66.66666666666666,66.66666666666666,-0.1978862595921762,6.896551724137931,92.72713151361694,86.25,35.14492753623188,72.33333333333333,44.543610547667356,44.716480786030594,48.65384615384615,48.73563218390804,80.51724137931036,18.655172413793103,10.620689655172415,5.172413793103448,67.03859530294744,34.2916625294281,35.9543292729794,44.75172660039911,40.35302793668926,short,89.53975578163404,9.436385255648037,"['no recent mild pullback (< 1.5% off 20d high)', 'already rebounded too strongly (> 2.0% over 5d)']",True,False,,85.07725274595718,1,,,,,,
META,US,"Meta Platforms, Inc.",Common Stock,NMS,USD,USD,United States,Communication Services,Internet Content & Information,standard,ISIN:US30303M1027,NAME:meta platforms,META,False,1474623832064.0,2205128509.0,2205128509.0,0.29834998,0.34827,0.14591,0.29848,,,,,,,0.28,-0.134,228246994944.0,109654999040.0,21553625088.0,0.09443114505532983,,,,,,,16.593092,21.810472,6.4606495,5.6462154,14.12,1.243,0.0143,-0.03539091241833129,-0.0326049108080771,-0.027889642985833484,,-0.037037037037037035,1.444649999,0.33326259584382995,47.25,0.233074995,0.13963503281864154,,100.0,,,43.0,-0.1442,2026-06-30,2026-10-28,77.0,,,578.8499755859375,502.1523605551887,790.0,-0.016848758626008764,-0.01641797579608295,-0.15038678771750236,-0.15795785210179125,-0.0391600992218758,-0.0181074751885969,-0.13543269214991227,-0.10718151042533153,-0.2417156731407103,-0.2337840808667221,-0.1347557262079747,-0.12007869758200651,-0.03678635782685247,-0.0316204199735739,-0.07874599508410152,-0.01880892105460541,43.87913593728544,0.4426866804079166,0.4655624751655632,-0.33296886763795,7655320233.669107,0.9055984465012998,-0.2648770331345205,0.03383298787630218,0.1289463467582087,-0.2909012202964806,-0.17226103830399442,-0.09027075139291585,-0.2658993460077501,-0.4748507311762903,0.08808961112881497,0.07070961430794398,0.0396243643502836,2026-08-12,0.0,,1279236191471.4143,yahoo_market_cap,0.014616354774242217,,34.48275862068966,3.4482758620689653,24.137931034482758,6.896551724137931,13.793103448275861,17.24137931034483,3.4482758620689653,24.137931034482758,6.896551724137931,17.24137931034483,3.4482758620689653,31.03448275862069,6.896551724137931,13.793103448275861,13.793103448275861,13.793103448275861,17.24137931034483,17.24137931034483,13.793103448275861,37.93103448275862,17.24137931034483,67.0110291660945,65.51724137931035,65.51724137931035,72.41379310344827,51.724137931034484,,,,,,,79.3103448275862,17.24137931034483,50.0,,,,,,68.96551724137932,78.57142857142857,44.44444444444445,65.51724137931035,38.46153846153847,3.4482758620689653,3.4482758620689653,3.4482758620689653,,27.586206896551722,100.0,75.86206896551724,,13.793103448275854,31.034482758620694,3.8461538461538463,96.15384615384616,92.3076923076923,50.0,-0.11257208058457213,-0.09731176364300664,16.666666666666664,16.666666666666664,0.07341198136269633,86.20689655172413,92.80250524852771,91.25,55.77211394302849,58.99741063534167,27.910750507099397,28.498021737131864,65.0,37.5287356321839,22.056261377799185,18.000000000000004,13.793103448275863,15.517241379310343,30.966585984550385,31.007954668332303,36.040162218403424,47.1571798367797,33.52405844336786,long,90.19880062982332,8.129607609988108,"['pullback too deep (> 12.0% off 20d high)', '20d decline too deep (< -15.0%)']",True,False,,85.07725274595718,1,,,,,,
AZN.L,OTHER,AstraZeneca PLC,Common Stock,LSE,GBp,USD,United Kingdom,Healthcare,Drug Manufacturers - General,standard,TICKER:AZN.L,NAME:astrazeneca,AZN.L,False,181484666880.0,1550885842.0,1550885842.0,0.17021999,0.23459,0.080170006,0.21965,,,,,,,0.064,0.025,61366001664.0,19904000000.0,4905375232.0,0.07993636702711412,,,,,,,13.821586,23.688257,2.957414,4.8750215,10.498,0.211,,-0.0013543020953190768,-0.00787283963447314,-0.01514119110604395,,-0.43103448275862066,0.119674999,0.09150351239012676,14.5,0.06549999899999999,0.06811020712605624,,100.0,,,43.0,0.062800005,2026-06-30,2026-10-30,79.0,,,117.02,1.370899678403065,799.0,-0.021285493246351317,-0.016985883799357615,-0.06256502101020323,-0.0635095234253813,-0.14266320229752527,-0.13008843852649232,-0.1967909989047778,-0.17953368180758866,0.04001674790891663,0.05351645612027589,0.0958307526194977,0.10791042552805674,-0.04778921682789483,-0.1021079684392634,-0.14234874634054795,-0.0004107006507091393,36.50295914714854,0.3930257783512734,0.3372430229180499,-0.2600695100533451,3805000.9724946003,1.407158525390424,-0.2420661613602888,0.07391449930535843,0.10310586439018254,-0.5835287479100733,-0.08058351919524931,-0.20608159896703493,-0.2753490205766336,-0.18053013044784083,-0.017446783870221916,0.018723463970012455,-0.08226946788233869,2026-08-12,0.0,,212610896821.8077,yahoo_market_cap,0.020015028083890076,,24.137931034482758,24.137931034482758,13.793103448275861,3.4482758620689653,34.48275862068966,41.37931034482759,27.586206896551722,13.793103448275861,3.4482758620689653,41.37931034482759,31.03448275862069,13.793103448275861,3.4482758620689653,34.48275862068966,3.4482758620689653,10.344827586206897,6.896551724137931,6.896551724137931,31.03448275862069,100.0,24.137931034482758,47.3412243923961,41.37931034482759,44.827586206896555,48.275862068965516,37.93103448275862,,,,,,,20.689655172413794,27.586206896551722,42.857142857142854,,,,,,86.20689655172414,89.28571428571429,74.07407407407409,72.41379310344827,50.0,13.793103448275861,13.793103448275861,6.896551724137931,,3.4482758620689653,41.37931034482759,24.137931034482758,,86.20689655172414,65.51724137931035,46.15384615384615,19.230769230769234,53.84615384615385,19.230769230769234,-0.14266320229752527,-0.1967909989047778,20.0,20.0,0.0,51.724137931034484,84.09571246656961,91.25,35.789248233026356,73.55514504652436,22.839756592292094,24.14787030418103,36.34615384615385,29.517241379310345,33.67160055032184,12.551724137931032,18.965517241379313,33.793103448275865,32.62424497351772,23.55318995735732,31.77103539819002,43.59215236732298,32.19764018585387,long,89.15398549598835,4.857142857142857,"['price < €5.00', 'insufficient median EUR turnover']",True,False,,,1,,,,,,
ROG.SW,OTHER,ROG.SW,,,,,,,,,TICKER:ROG.SW,TICKER:ROG.SW,,,,,,,,,,,,,,,,,,,,,,,,,,,,,,,,,,,,,,,,,,,,,,,,,,,,,,,,,,0.0,,,,,,,,,,,,,,,,,,,,,,,,,,,,,,,,,,,,,,,,No price history; refresh=None,,,,,,,,,,,,,,,,,,,,,,,,,,,,,,,,,,,,,,,,,,,,,,,,,,,,,,,,,,,,,,,,,,,,,,,,,,,,,,,,,,,,0.0,5.5,"['market cap EUR unavailable', 'EUR price unavailable', 'EUR liquidity unavailable', 'insufficient price history', 'asset type excluded: nan', 'delisted', 'recent pullback unavailable', '5d return unavailable for pullback filter', 'data confidence < 55']",True,False,,,1,,,,,,
