symbol,rank,consensus_score,days_in_top10_30,days_in_top25_30,consecutive_top10,consecutive_top25,signal_age_runs,rank_std_10run,persistence_history_runs,persistence_label
HPE,1.0,83.18422303023858,9.0,17.0,1.0,6.0,6,17.18254928699464,27.0,persistent_top25
DELL,2.0,81.86624755545924,15.0,21.0,4.0,12.0,12,6.248199740725323,29.0,persistent_top25
MU,3.0,81.42873082212687,2.0,11.0,1.0,4.0,4,25.26974475533934,28.0,rotating
VLO,4.0,81.06238069794425,17.0,18.0,2.0,2.0,2,2.7658633371878665,18.0,rotating
CMBT.BR,5.0,81.02026134407294,17.0,20.0,5.0,9.0,9,10.08959860450355,30.0,persistent_top10
AMC,6.0,80.68197358636942,1.0,9.0,1.0,2.0,2,68.2967056306525,28.0,rotating
FRO,7.0,79.76079833562267,24.0,26.0,11.0,13.0,13,1.7349351572897473,29.0,persistent_top10
SMTC,8.0,79.10016026281632,1.0,2.0,1.0,1.0,1,21.133149315707772,12.0,new_top25
REP.MC,9.0,78.56490702888681,0.0,5.0,0.0,1.0,1,12.302845199383759,30.0,new_top25
PSX,10.0,78.08530680381851,4.0,7.0,0.0,2.0,2,20.86168441289461,9.0,rotating
ERO,11.0,77.91479599174588,1.0,5.0,0.0,1.0,1,51.72320562378167,15.0,new_top25
DHT,12.0,77.60822830034537,8.0,14.0,0.0,9.0,9,8.825531145489206,30.0,persistent_top25
KIN.BR,13.0,77.43424243670297,8.0,26.0,0.0,22.0,22,4.8,30.0,persistent_top25
SHELL.AS,14.0,77.42999349600827,0.0,9.0,0.0,1.0,1,33.406586176980134,30.0,new_top25
HALO,15.0,75.79013118869082,2.0,6.0,0.0,3.0,3,12.011898862615947,7.0,rotating
OMV.VI,16.0,75.38641726821683,0.0,2.0,0.0,1.0,1,27.18161143125992,30.0,new_top25
SSABBH.HE,17.0,75.26439392817232,0.0,2.0,0.0,1.0,1,47.31764998391192,19.0,new_top25
PBR-A,18.0,74.92910187878692,0.0,1.0,0.0,0.0,0,13.957435294494472,30.0,new_top25
TRMD-A.CO,19.0,74.28191604277384,0.0,0.0,0.0,0.0,0,33.513579337337276,11.0,new_top25
BIRG.IR,20.0,74.27223196578282,0.0,1.0,0.0,0.0,0,17.839282496782207,30.0,new_top25
TWLO,21.0,74.11269377198353,0.0,0.0,0.0,0.0,0,106.6212866431094,9.0,new_top25
OKTA,22.0,73.90563685885209,5.0,15.0,0.0,0.0,0,13.778243719719867,28.0,new_top25
DFDS.CO,23.0,73.68932657661969,0.0,0.0,0.0,0.0,0,31.90673910007101,12.0,new_top25
SHEL,24.0,73.56618262590706,0.0,0.0,0.0,0.0,0,65.69292199316453,23.0,new_top25
C5H.IR,25.0,73.50481402086697,0.0,1.0,0.0,0.0,0,22.974115869821844,23.0,new_top25
ABN.AS,26.0,73.44767053875358,0.0,9.0,0.0,0.0,0,12.839003076563225,30.0,rotating
TRMD,27.0,73.31015465550112,0.0,2.0,0.0,0.0,0,51.886028948070404,12.0,rotating
MT.AS,28.0,73.28920630764047,0.0,5.0,0.0,0.0,0,73.60135868311127,26.0,rotating
A5G.IR,29.0,73.22911074989516,0.0,1.0,0.0,0.0,0,30.362641518813874,30.0,rotating
CIRSA.MC,30.0,73.10246294257118,0.0,4.0,0.0,0.0,0,5.262128846769148,17.0,rotating
P,31.0,73.09622699967304,0.0,1.0,0.0,0.0,0,110.06434481702055,23.0,rotating
ANET,32.0,73.04006511893593,0.0,0.0,0.0,0.0,0,95.51486795258631,29.0,rotating
BP,33.0,73.02711000793096,0.0,1.0,0.0,0.0,0,100.99311857745556,22.0,rotating
FSM,34.0,72.95573913884368,0.0,0.0,0.0,0.0,0,81.8330006782105,30.0,rotating
AMD,35.0,72.92945499308306,0.0,0.0,0.0,0.0,0,117.53144260154387,30.0,rotating
SM,36.0,72.80226557568926,11.0,16.0,0.0,0.0,0,15.78131806916013,30.0,rotating
ARIS,37.0,72.65909272776628,0.0,0.0,0.0,0.0,0,1.0,2.0,rotating
EQNR,38.0,72.60266764345245,0.0,8.0,0.0,0.0,0,11.810588469674151,18.0,rotating
NAT,39.0,72.51585568276101,6.0,15.0,0.0,0.0,0,11.085576214162257,28.0,rotating
NVDA,40.0,72.47338988396308,0.0,0.0,0.0,0.0,0,58.183846555551824,30.0,rotating
PRT.MI,41.0,72.43925034445456,0.0,0.0,0.0,0.0,0,30.5785872793365,29.0,rotating
CBK.DE,42.0,72.39212565675817,0.0,0.0,0.0,0.0,0,42.11994776824872,30.0,rotating
RSKD,43.0,72.04203515566192,0.0,1.0,0.0,0.0,0,113.15851713415124,26.0,rotating
APA,44.0,72.02913916543855,0.0,8.0,0.0,0.0,0,24.888551585015954,30.0,rotating
DAR,45.0,71.8970154309387,0.0,4.0,0.0,0.0,0,11.224972160321824,19.0,rotating
RBRK,46.0,71.86981366249188,0.0,1.0,0.0,0.0,0,117.68619290299095,28.0,rotating
AVAH,47.0,71.79220962655145,13.0,20.0,0.0,0.0,0,14.52618325645109,30.0,rotating
NESTE.HE,48.0,71.4740362553357,0.0,0.0,0.0,0.0,0,21.71289939183618,24.0,rotating
PBF,49.0,71.44238895257595,5.0,16.0,0.0,0.0,0,19.58596436226718,30.0,rotating
TTE.PA,50.0,71.41949997807274,0.0,0.0,0.0,0.0,0,15.086749152816191,25.0,rotating
BBVA.MC,51.0,71.41267908868214,0.0,0.0,0.0,0.0,0,42.4948232141281,30.0,rotating
ASX,52.0,71.23557679718434,0.0,0.0,0.0,0.0,0,123.13179930464753,27.0,rotating
ILMN,53.0,70.7839763070634,0.0,1.0,0.0,0.0,0,66.61801558137257,17.0,rotating
NET,54.0,70.64817844191026,0.0,0.0,0.0,0.0,0,149.83924719511907,16.0,rotating
DK,55.0,70.61986910642742,17.0,24.0,0.0,0.0,0,17.990275150758535,27.0,rotating
DSFIR.AS,56.0,70.52921777003718,0.0,0.0,0.0,0.0,0,95.16033837686793,30.0,rotating
SAB.MC,57.0,70.46516823452501,0.0,0.0,0.0,0.0,0,58.02447759351221,30.0,rotating
LLY,58.0,70.34041454714568,0.0,0.0,0.0,0.0,0,134.90752388210228,30.0,rotating
PAA,59.0,70.29862120700028,0.0,2.0,0.0,0.0,0,55.42463351254566,21.0,rotating
PARR,60.0,70.24948293398916,6.0,24.0,0.0,0.0,0,17.337819932159867,29.0,rotating
BE,61.0,70.16835432550769,0.0,0.0,0.0,0.0,0,25.555625603768732,18.0,rotating
EQNR.OL,62.0,70.11753378060348,0.0,0.0,0.0,0.0,0,36.34501341312175,30.0,rotating
ASRNL.AS,63.0,70.07124411618352,0.0,0.0,0.0,0.0,0,31.874911764583754,27.0,rotating
ATS.VI,64.0,70.04639305142973,0.0,0.0,0.0,0.0,0,148.15937364878403,15.0,rotating
TKA.DE,65.0,69.9898174889232,0.0,1.0,0.0,0.0,0,33.214605221197495,30.0,rotating
SB,66.0,69.96448415686535,2.0,6.0,0.0,0.0,0,25.115931199141315,29.0,rotating
BEN,67.0,69.73195742578109,0.0,2.0,0.0,0.0,0,98.79149760986519,26.0,rotating
ADPT,68.0,69.72395305944029,0.0,0.0,0.0,0.0,0,275.1615707180056,22.0,rotating
A,69.0,69.51184635134938,0.0,0.0,0.0,0.0,0,92.99354816330002,18.0,rotating
SMCI,70.0,69.51131000177708,0.0,0.0,0.0,0.0,0,88.13648506719564,21.0,rotating
RIGL,71.0,69.40316431519608,0.0,0.0,0.0,0.0,0,115.71002549476862,29.0,rotating
GRK.HE,72.0,69.35995971037505,1.0,1.0,0.0,0.0,0,22.369622258768697,21.0,rotating
SPXX,73.0,69.083661598503,0.0,0.0,0.0,0.0,0,31.2795460325114,15.0,rotating
PANW,74.0,69.07261984167754,0.0,0.0,0.0,0.0,0,168.19099262445656,30.0,rotating
OERL.SW,75.0,69.02641225172663,0.0,1.0,0.0,0.0,0,66.10151284199175,30.0,rotating
SNOW,76.0,68.95307568141706,1.0,1.0,0.0,0.0,0,56.78027826631356,28.0,rotating
UGP,77.0,68.86499827602495,6.0,10.0,0.0,0.0,0,24.89196657558418,30.0,rotating
PBR,78.0,68.8193084270665,0.0,0.0,0.0,0.0,0,26.095210288480146,30.0,rotating
GMAB.CO,79.0,68.77474559117641,0.0,0.0,0.0,0.0,0,116.66743333081432,11.0,rotating
TALO,80.0,68.65752527809258,0.0,2.0,0.0,0.0,0,29.581920154040034,19.0,rotating
NN.AS,81.0,68.55544960296007,0.0,0.0,0.0,0.0,0,45.77728694450994,28.0,rotating
GRAL,82.0,68.46165211909681,0.0,0.0,0.0,0.0,0,61.6817639177091,5.0,rotating
ENI.MI,83.0,68.24054921211447,0.0,0.0,0.0,0.0,0,78.4713960625144,29.0,rotating
KBC.BR,84.0,68.22030433902353,0.0,0.0,0.0,0.0,0,38.212039987417576,29.0,rotating
ISS.CO,85.0,68.08435806415508,0.0,0.0,0.0,0.0,0,83.71863591817535,14.0,rotating
VTRS,86.0,67.96367335932821,0.0,0.0,0.0,0.0,0,104.45482277042069,27.0,rotating
CRBG,87.0,67.91585201693222,0.0,0.0,0.0,0.0,0,49.19562988721661,30.0,rotating
PRGO,88.0,67.91066723366316,0.0,0.0,0.0,0.0,0,52.99518846084048,30.0,rotating
NEM,89.0,67.79222698780634,0.0,0.0,0.0,0.0,0,57.29607316387398,30.0,rotating
BAYN.DE,90.0,67.71292234205634,0.0,5.0,0.0,0.0,0,85.85662467160004,30.0,rotating
RVTY,91.0,67.70959428072138,0.0,0.0,0.0,0.0,0,111.7889775881508,7.0,rotating
DEMANT.CO,92.0,67.70042397697621,0.0,0.0,0.0,0.0,0,34.374554542568255,23.0,rotating
NTSK,93.0,67.54907879044094,0.0,0.0,0.0,0.0,0,93.24290857754278,28.0,rotating
TEAM,94.0,67.5263896117649,0.0,0.0,0.0,0.0,0,27.78776709273345,24.0,rotating
CNK,95.0,67.45626345275656,0.0,0.0,0.0,0.0,0,88.34115688624414,23.0,rotating
PGEN,96.0,67.45163173624599,0.0,0.0,0.0,0.0,0,41.8038275759529,30.0,rotating
PLTR,97.0,67.42265995415715,0.0,0.0,0.0,0.0,0,93.01483752606354,30.0,rotating
AZE.BR,98.0,67.40199927626634,0.0,0.0,0.0,0.0,0,80.48732819518858,30.0,rotating
CAKE,99.0,67.32509093633078,1.0,5.0,0.0,0.0,0,42.341941382038684,10.0,rotating
CRGY,100.0,67.20172318945507,15.0,19.0,0.0,0.0,0,48.565522750198,30.0,rotating
SBMO.AS,101.0,67.06341149304706,0.0,0.0,0.0,0.0,0,79.26972940536633,17.0,rotating
STX,102.0,66.96478640269642,0.0,0.0,0.0,0.0,0,56.044268217187025,5.0,rotating
DNORD.CO,103.0,66.85528266457952,0.0,0.0,0.0,0.0,0,15.374004032782091,14.0,rotating
AGS.BR,104.0,66.77346227843586,0.0,0.0,0.0,0.0,0,30.938002521171274,28.0,rotating
INGA.AS,105.0,66.62399540225398,0.0,0.0,0.0,0.0,0,20.627408950229306,30.0,rotating
MRNA,106.0,66.53942667031865,0.0,0.0,0.0,0.0,0,34.87176508294354,30.0,rotating
AOD,107.0,66.50805163967061,0.0,0.0,0.0,0.0,0,110.38065953780128,29.0,rotating
GTLB,108.0,66.49316666034252,0.0,7.0,0.0,0.0,0,31.522214389220817,30.0,rotating
XOM,109.0,66.48372308313327,0.0,0.0,0.0,0.0,0,85.30773704653055,29.0,rotating
MSFT,110.0,66.41186052857002,0.0,0.0,0.0,0.0,0,67.1934520619383,30.0,rotating
CVX,111.0,66.36875372330115,0.0,0.0,0.0,0.0,0,33.44188989874825,29.0,rotating
CABK.MC,112.0,66.33581988759687,0.0,0.0,0.0,0.0,0,54.305064220567864,30.0,rotating
SU,113.0,66.21456657501867,0.0,0.0,0.0,0.0,0,78.09250924384489,23.0,rotating
AMRX,114.0,66.13635385854988,0.0,0.0,0.0,0.0,0,51.715471572828186,10.0,rotating
AGN.AS,115.0,66.12091528751975,0.0,0.0,0.0,0.0,0,111.57961283316949,30.0,rotating
ALSYDB.CO,116.0,66.11331825068439,0.0,0.0,0.0,0.0,0,20.655265672462313,18.0,rotating
SSRM,117.0,66.05787267253966,1.0,6.0,0.0,0.0,0,61.254877356827684,28.0,rotating
FRO.OL,118.0,66.05313289970933,0.0,0.0,0.0,0.0,0,174.91426471274434,13.0,rotating
CRSR,119.0,65.93391338161493,0.0,0.0,0.0,0.0,0,55.887834096518716,22.0,rotating
AXTI,120.0,65.92338277822847,0.0,0.0,0.0,0.0,0,0.0,1.0,new_signal
BFLY,121.0,65.85038812118556,0.0,0.0,0.0,0.0,0,103.38186494738814,27.0,rotating
IAG,122.0,65.842191068285,0.0,0.0,0.0,0.0,0,52.390934330282754,28.0,rotating
BBY,123.0,65.78625818385268,0.0,0.0,0.0,0.0,0,37.7783006499763,25.0,rotating
KRX.IR,124.0,65.66500187932544,0.0,0.0,0.0,0.0,0,28.059935851672936,30.0,rotating
DDOG,125.0,65.5278250436372,0.0,0.0,0.0,0.0,0,166.06524822089258,6.0,rotating
AMS.SW,126.0,65.4954365480317,0.0,0.0,0.0,0.0,0,177.71536230725806,4.0,rotating
MFG,127.0,65.43070411003313,0.0,0.0,0.0,0.0,0,27.989283663573815,16.0,rotating
BAND,128.0,65.27567290466415,0.0,0.0,0.0,0.0,0,90.19361889229685,3.0,rotating
DOCM.SW,129.0,65.27289530601176,1.0,5.0,0.0,0.0,0,130.57947771376635,28.0,rotating
IOT.MI,130.0,65.16177425708693,0.0,1.0,0.0,0.0,0,86.88060773268107,14.0,rotating
FSLY,131.0,65.07739842757546,0.0,0.0,0.0,0.0,0,143.83007335046452,10.0,rotating
AKRBP.OL,132.0,65.01775834767598,0.0,0.0,0.0,0.0,0,0.0,1.0,new_signal
VAR.OL,133.0,64.95608503764805,0.0,0.0,0.0,0.0,0,34.461717891016406,30.0,rotating
BKT.MC,134.0,64.84811301313522,0.0,0.0,0.0,0.0,0,50.110278386774105,30.0,rotating
AMV0.DE,135.0,64.8280460927152,0.0,0.0,0.0,0.0,0,209.61987024134902,30.0,rotating
GPRK,136.0,64.78113097077234,0.0,0.0,0.0,0.0,0,45.81689099011412,8.0,rotating
EGHT,137.0,64.78069311802965,0.0,0.0,0.0,0.0,0,0.0,1.0,new_signal
OVV,138.0,64.76037857786353,0.0,1.0,0.0,0.0,0,94.80632890266347,29.0,rotating
SLDE,139.0,64.71762846851823,0.0,1.0,0.0,0.0,0,52.14083492490954,6.0,rotating
UNI.MC,140.0,64.65794447702103,0.0,0.0,0.0,0.0,0,23.51254984045754,30.0,rotating
VOE.VI,141.0,64.64901333036342,0.0,0.0,0.0,0.0,0,93.44517108978933,6.0,rotating
GOLD,142.0,64.55642033860762,0.0,0.0,0.0,0.0,0,161.74142944836368,21.0,rotating
CVE,143.0,64.5140660624887,0.0,0.0,0.0,0.0,0,39.07032121700563,30.0,rotating
ZS,144.0,64.49336108292965,0.0,0.0,0.0,0.0,0,161.9592850070659,23.0,rotating
COP,145.0,64.4691361371947,0.0,0.0,0.0,0.0,0,92.4143387142926,30.0,rotating
NEOG,146.0,64.45806101144663,0.0,0.0,0.0,0.0,0,46.43920757291192,18.0,rotating
0HBC.IL,147.0,64.44016068882134,0.0,0.0,0.0,0.0,0,207.5,2.0,rotating
KBCA.BR,148.0,64.34683697205439,0.0,0.0,0.0,0.0,0,53.62835071116769,30.0,rotating
STNG,149.0,64.0207214394547,0.0,0.0,0.0,0.0,0,26.037665025881257,23.0,rotating
IMCD.AS,150.0,63.99287252541252,0.0,0.0,0.0,0.0,0,58.120220233581364,14.0,rotating
TASK,151.0,63.96568712262532,0.0,0.0,0.0,0.0,0,38.95208988132022,7.0,rotating
INTC,152.0,63.872216989225294,0.0,0.0,0.0,0.0,0,136.66678455279467,11.0,rotating
GF.SW,153.0,63.85902177746596,0.0,0.0,0.0,0.0,0,167.71121012025404,17.0,rotating
MG,154.0,63.852159324928905,0.0,0.0,0.0,0.0,0,2.0,2.0,rotating
OGN,155.0,63.84482002728012,0.0,0.0,0.0,0.0,0,29.57177708559295,20.0,rotating
DSX,156.0,63.7979080416207,5.0,10.0,0.0,0.0,0,45.532845287770016,28.0,rotating
TEN,157.0,63.76504575356241,0.0,0.0,0.0,0.0,0,104.63493267452543,9.0,rotating
BAMNB.AS,158.0,63.74970415347583,0.0,0.0,0.0,0.0,0,83.06118226945726,22.0,rotating
ARGX.BR,159.0,63.68903221863996,0.0,0.0,0.0,0.0,0,106.23751691375321,30.0,rotating
TSM,160.0,63.6556441550588,0.0,0.0,0.0,0.0,0,97.80797513495513,23.0,rotating
ARHS,161.0,63.5482429610225,0.0,0.0,0.0,0.0,0,128.04358632903094,12.0,rotating
BTG,162.0,63.52051523315343,0.0,0.0,0.0,0.0,0,44.52909161435926,30.0,rotating
NNBR,163.0,63.50669775864834,0.0,0.0,0.0,0.0,0,179.4838154263498,28.0,rotating
EQH,164.0,63.47532702577992,0.0,0.0,0.0,0.0,0,22.391962843841984,17.0,rotating
HOOD,165.0,63.3899367690876,0.0,0.0,0.0,0.0,0,85.00523513290226,30.0,rotating
NDA-FI.HE,166.0,63.27442335452578,0.0,0.0,0.0,0.0,0,53.377991719434334,11.0,rotating
MGNI,167.0,63.099486376975584,0.0,0.0,0.0,0.0,0,45.46218208577322,21.0,rotating
ANDR.VI,168.0,63.00593193117321,0.0,0.0,0.0,0.0,0,88.14270135677222,9.0,rotating
CLBK,169.0,62.972098047273,0.0,0.0,0.0,0.0,0,50.570347042510996,30.0,rotating
AAPL,170.0,62.94567957273712,0.0,0.0,0.0,0.0,0,32.14669500897409,30.0,rotating
SBLK,171.0,62.92425626396568,0.0,2.0,0.0,0.0,0,53.31753932806726,16.0,rotating
PATH,172.0,62.8933115798978,0.0,0.0,0.0,0.0,0,66.32865142606173,30.0,rotating
DHL.DE,173.0,62.83097025262569,0.0,0.0,0.0,0.0,0,157.34042709996692,28.0,rotating
XERS,174.0,62.753194811733934,0.0,0.0,0.0,0.0,0,131.9440790638216,24.0,rotating
IDR.MC,175.0,62.736731716561394,0.0,0.0,0.0,0.0,0,119.61755723972965,18.0,rotating
CTSH,176.0,62.72115065662258,0.0,0.0,0.0,0.0,0,139.07465621025278,30.0,rotating
CII,177.0,62.61460182817416,0.0,0.0,0.0,0.0,0,103.97114984456024,29.0,rotating
MXL,178.0,62.59619143308946,0.0,0.0,0.0,0.0,0,123.0,2.0,rotating
PAGP,179.0,62.58213689610805,3.0,7.0,0.0,0.0,0,59.13958065458361,17.0,rotating
GEMI,180.0,62.5021972715479,0.0,0.0,0.0,0.0,0,0.0,1.0,new_signal
TYRES.HE,181.0,62.41581884473127,0.0,0.0,0.0,0.0,0,62.68022016553548,30.0,rotating
SNDK,182.0,62.4003371049997,0.0,0.0,0.0,0.0,0,51.092563059607805,17.0,rotating
GSL,183.0,62.37754157036584,0.0,0.0,0.0,0.0,0,43.51149273467873,29.0,rotating
CRWD,184.0,62.37750605933954,1.0,1.0,0.0,0.0,0,101.74988943482937,30.0,rotating
MUFG,185.0,62.32398805650831,0.0,0.0,0.0,0.0,0,25.35527558517162,14.0,rotating
RBI.VI,186.0,62.21986240657104,0.0,0.0,0.0,0.0,0,149.09396366050504,30.0,rotating
SYENS.BR,187.0,62.19111294788361,0.0,0.0,0.0,0.0,0,56.88057664967893,29.0,rotating
HAFNI.OL,188.0,62.17893772463097,0.0,0.0,0.0,0.0,0,22.15761720041214,5.0,rotating
HRTG,189.0,62.14864229283715,0.0,0.0,0.0,0.0,0,41.09270008164467,29.0,rotating
FOSL,190.0,62.113555330769415,0.0,0.0,0.0,0.0,0,146.8797925835537,7.0,rotating
FORTUM.HE,191.0,62.015961368150926,0.0,0.0,0.0,0.0,0,126.63524144170927,8.0,rotating
0N9S.IL,192.0,61.94210279557528,0.0,0.0,0.0,0.0,0,189.5,2.0,rotating
RMT,193.0,61.92234247916801,0.0,0.0,0.0,0.0,0,61.15627522993858,19.0,rotating
EVK.DE,194.0,61.81984120062646,0.0,1.0,0.0,0.0,0,143.82798754067304,30.0,rotating
FTRE,195.0,61.75549665433687,0.0,0.0,0.0,0.0,0,182.05013045861847,25.0,rotating
CLMT,196.0,61.742131475992736,0.0,0.0,0.0,0.0,0,78.4107135536975,5.0,rotating
AALB.AS,197.0,61.721516457334985,0.0,0.0,0.0,0.0,0,44.835700061446566,29.0,rotating
META,198.0,61.640643426775455,0.0,0.0,0.0,0.0,0,113.8781805263853,30.0,rotating
CLN.SW,199.0,61.63846748539954,0.0,0.0,0.0,0.0,0,113.54668643337858,30.0,rotating
SAIL,200.0,61.62073357123273,0.0,0.0,0.0,0.0,0,159.31867436054065,22.0,rotating
EVT,201.0,61.550014797199694,0.0,0.0,0.0,0.0,0,76.68141887054517,29.0,rotating
FOXA,202.0,61.52617821811495,0.0,0.0,0.0,0.0,0,90.40221236230893,28.0,rotating
SFL,203.0,61.44954366644062,0.0,0.0,0.0,0.0,0,51.208983586866864,26.0,rotating
ADI,204.0,61.3984873258804,0.0,0.0,0.0,0.0,0,163.42786380133182,3.0,rotating
CRBN.AS,205.0,61.3889659650546,0.0,0.0,0.0,0.0,0,34.53429142100091,9.0,rotating
CTKB,206.0,61.38380680219946,0.0,0.0,0.0,0.0,0,104.32813618578643,20.0,rotating
GPN,207.0,61.27273153257191,0.0,0.0,0.0,0.0,0,49.78202486842013,20.0,rotating
BMY,208.0,61.21294674959758,0.0,0.0,0.0,0.0,0,84.4592209293929,30.0,rotating
CCC,209.0,61.18861791786736,0.0,0.0,0.0,0.0,0,75.13481217118999,30.0,rotating
FLS.CO,210.0,61.15842340289221,0.0,0.0,0.0,0.0,0,67.48007113214982,17.0,rotating
LITE,211.0,60.96312264588544,0.0,0.0,0.0,0.0,0,50.82164893035251,26.0,rotating
IBRX,212.0,60.946388225673886,0.0,0.0,0.0,0.0,0,88.7957769266084,22.0,rotating
XP,213.0,60.92897456557391,0.0,0.0,0.0,0.0,0,90.71141052811383,21.0,rotating
ELE.MC,214.0,60.89374080064624,0.0,0.0,0.0,0.0,0,82.41820187312995,30.0,rotating
HOPE,215.0,60.834462302197,0.0,0.0,0.0,0.0,0,25.43933961407017,14.0,rotating
HAFN,216.0,60.80067097762557,0.0,3.0,0.0,0.0,0,75.96683486890842,22.0,rotating
BMNR,217.0,60.72537411314234,0.0,0.0,0.0,0.0,0,123.1586375371212,30.0,rotating
HBC1.DE,218.0,60.67067948377381,0.0,0.0,0.0,0.0,0,20.5,2.0,rotating
YEXT,219.0,60.63845767431346,0.0,0.0,0.0,0.0,0,81.66278222054402,26.0,rotating
TAL,220.0,60.57481755405013,0.0,0.0,0.0,0.0,0,57.43866293708446,27.0,rotating
TEM,221.0,60.56784217565233,0.0,0.0,0.0,0.0,0,82.71251416805077,30.0,rotating
GDDY,222.0,60.55684031082552,0.0,0.0,0.0,0.0,0,77.85599241905247,3.0,rotating
GVR.IR,223.0,60.5548173507473,0.0,0.0,0.0,0.0,0,154.27122220297602,17.0,rotating
SENS,224.0,60.54416274302185,0.0,0.0,0.0,0.0,0,52.1647390485182,14.0,rotating
WTTR,225.0,60.47924416095708,0.0,0.0,0.0,0.0,0,116.7851681944419,7.0,rotating
EBS.VI,226.0,60.4598126970332,0.0,0.0,0.0,0.0,0,105.19168218067433,29.0,rotating
CXW,227.0,60.43040576815389,0.0,3.0,0.0,0.0,0,87.0563610542044,27.0,rotating
AVTR,228.0,60.36598471434972,0.0,0.0,0.0,0.0,0,62.81401117585152,30.0,rotating
MTS.MC,229.0,60.29958879430275,0.0,0.0,0.0,0.0,0,71.21095421351971,18.0,rotating
GMAB,230.0,60.24570619877505,0.0,0.0,0.0,0.0,0,143.1978002624342,19.0,rotating
UBSG.SW,231.0,60.195409574951526,0.0,0.0,0.0,0.0,0,87.74878916543521,30.0,rotating
HPQ,232.0,60.134184554791126,0.0,0.0,0.0,0.0,0,93.57456919484055,28.0,rotating
ADEN.SW,233.0,60.04484490372165,0.0,0.0,0.0,0.0,0,71.74426806372757,22.0,rotating
VALMT.HE,234.0,60.04215475370172,0.0,0.0,0.0,0.0,0,43.65394216639165,6.0,rotating
SWON.SW,235.0,60.035945788360166,0.0,0.0,0.0,0.0,0,65.86508938732263,18.0,rotating
SBH,236.0,60.03504819280207,0.0,0.0,0.0,0.0,0,107.92868015499866,22.0,rotating
VWS.CO,237.0,60.02296179776829,0.0,0.0,0.0,0.0,0,84.72431764257533,29.0,rotating
RAND.AS,238.0,60.01749789598853,0.0,0.0,0.0,0.0,0,83.08315111982694,30.0,rotating
ONB,239.0,59.99957348517444,0.0,0.0,0.0,0.0,0,92.64037996467847,30.0,rotating
BAX,240.0,59.98585316446464,0.0,0.0,0.0,0.0,0,37.61236498812591,30.0,rotating
CLF,241.0,59.98271755370375,0.0,0.0,0.0,0.0,0,96.51989432236238,15.0,rotating
NWG,242.0,59.96929304254829,0.0,0.0,0.0,0.0,0,99.77592081760008,8.0,rotating
SU.PA,243.0,59.80879773741333,0.0,0.0,0.0,0.0,0,114.85386367031803,30.0,rotating
ASML.AS,244.0,59.74945867880807,0.0,0.0,0.0,0.0,0,125.52549541826154,30.0,rotating
EQX,245.0,59.727770915112046,0.0,0.0,0.0,0.0,0,145.19283728889658,18.0,rotating
ETW,246.0,59.71561865543406,0.0,0.0,0.0,0.0,0,87.31689412708172,25.0,rotating
KESKOB.HE,247.0,59.6732242424481,0.0,0.0,0.0,0.0,0,123.45520442654494,4.0,rotating
GOOGL,248.0,59.66676476557197,0.0,0.0,0.0,0.0,0,81.68475990048572,30.0,rotating
DHR,249.0,59.62577313297706,0.0,0.0,0.0,0.0,0,122.56834827964354,26.0,rotating
OPRT,250.0,59.580938183199365,0.0,0.0,0.0,0.0,0,74.70314585076052,5.0,rotating
METSO.HE,251.0,59.50396250243082,0.0,0.0,0.0,0.0,0,83.18269050710009,20.0,rotating
SAN.MC,252.0,59.50377527639292,0.0,0.0,0.0,0.0,0,47.21112157108747,30.0,rotating
GM,253.0,59.40360968244446,0.0,0.0,0.0,0.0,0,54.738377761859184,27.0,rotating
AMBA,254.0,59.40126574906989,0.0,0.0,0.0,0.0,0,0.0,1.0,new_signal
LOGN.SW,255.0,59.39928998812131,0.0,0.0,0.0,0.0,0,0.0,1.0,new_signal
DVN,256.0,59.16852432844775,0.0,0.0,0.0,0.0,0,125.39015112838807,30.0,rotating
FR.PA,257.0,59.153494575421256,0.0,0.0,0.0,0.0,0,108.66995905032816,11.0,rotating
FAST,258.0,59.15049335180007,0.0,0.0,0.0,0.0,0,60.779601841407285,29.0,rotating
OSCR,259.0,59.11310413358643,0.0,0.0,0.0,0.0,0,68.79280485632201,30.0,rotating
ESTC,260.0,59.02452846809597,0.0,0.0,0.0,0.0,0,170.32700901501207,26.0,rotating
ALAB,261.0,58.99054981563833,0.0,0.0,0.0,0.0,0,0.0,1.0,new_signal
LILAK,262.0,58.94693836358111,0.0,0.0,0.0,0.0,0,84.65158002069424,29.0,rotating
WKC,263.0,58.93338010039179,0.0,0.0,0.0,0.0,0,64.11520880415192,30.0,rotating
ECHO,264.0,58.78776940953533,0.0,0.0,0.0,0.0,0,0.0,1.0,new_signal
0QXR.IL,265.0,58.66623947629712,0.0,0.0,0.0,0.0,0,266.8865863995416,30.0,rotating
OXY,266.0,58.60755282232519,0.0,0.0,0.0,0.0,0,101.02123539137699,27.0,rotating
DDD,267.0,58.58731941097819,0.0,0.0,0.0,0.0,0,135.10677259116213,18.0,rotating
HQH,268.0,58.447530348212354,0.0,0.0,0.0,0.0,0,170.19779669549192,27.0,rotating
BLSH,269.0,58.42164116430829,0.0,0.0,0.0,0.0,0,13.59738536958076,3.0,rotating
KRZ.IR,270.0,58.35233299766456,0.0,0.0,0.0,0.0,0,75.65209845073699,16.0,rotating
CRCT,271.0,58.34820007287619,0.0,0.0,0.0,0.0,0,173.5291330007731,14.0,rotating
C,272.0,58.34273571300999,0.0,0.0,0.0,0.0,0,108.83753947972178,30.0,rotating
TECK,273.0,58.33730633679655,0.0,0.0,0.0,0.0,0,120.50099584650742,24.0,rotating
DLO,274.0,58.300778459763066,0.0,0.0,0.0,0.0,0,103.85571722346343,17.0,rotating
UMC,275.0,58.24616968701659,0.0,0.0,0.0,0.0,0,93.22365579615509,23.0,rotating
CDE,276.0,58.22735229859278,0.0,0.0,0.0,0.0,0,163.96612455016432,27.0,rotating
DT,277.0,58.19974323703221,0.0,0.0,0.0,0.0,0,101.51531904101962,30.0,rotating
NTGY.MC,278.0,58.148258036491896,0.0,0.0,0.0,0.0,0,83.78788695270933,14.0,rotating
MRVL,279.0,58.14386996371682,0.0,0.0,0.0,0.0,0,115.40125649229302,13.0,rotating
XRX,280.0,58.124652084865005,0.0,0.0,0.0,0.0,0,71.13093560470016,14.0,rotating
AZTA,281.0,58.10073198915802,0.0,0.0,0.0,0.0,0,144.23744312764285,20.0,rotating
ACVA,282.0,58.08901952461192,0.0,0.0,0.0,0.0,0,62.52007677538472,28.0,rotating
PFE,283.0,57.83568452755922,0.0,0.0,0.0,0.0,0,44.60044842823893,30.0,rotating
CNO,284.0,57.78455901858746,0.0,0.0,0.0,0.0,0,47.70872508231164,7.0,rotating
SIE.DE,285.0,57.705190221475625,0.0,0.0,0.0,0.0,0,89.99338864605555,30.0,rotating
DEZ.DE,286.0,57.66359673398208,0.0,3.0,0.0,0.0,0,82.98216675888862,27.0,rotating
ZETA,287.0,57.64281071061744,0.0,0.0,0.0,0.0,0,74.91301622548647,30.0,rotating
COLR.BR,288.0,57.62440302339739,0.0,0.0,0.0,0.0,0,43.3106222536689,17.0,rotating
CERT,289.0,57.60483705090907,0.0,0.0,0.0,0.0,0,117.87200685489324,30.0,rotating
DIS,290.0,57.47261458187032,0.0,0.0,0.0,0.0,0,116.27828688108542,28.0,rotating
WEAV,291.0,57.44800436099837,0.0,0.0,0.0,0.0,0,67.95211549319123,30.0,rotating
JCI,292.0,57.44124714712008,0.0,0.0,0.0,0.0,0,80.54346652584553,6.0,rotating
ASB,293.0,57.42569667340627,0.0,0.0,0.0,0.0,0,76.17453642786413,24.0,rotating
KO,294.0,57.41962899096433,0.0,0.0,0.0,0.0,0,45.81484475582123,30.0,rotating
CAI,295.0,57.40548996093985,0.0,0.0,0.0,0.0,0,143.04139261067056,30.0,rotating
SAP.DE,296.0,57.38163716919556,0.0,0.0,0.0,0.0,0,101.86073826553584,30.0,rotating
UCG.MI,297.0,57.369451685795525,0.0,0.0,0.0,0.0,0,93.49486616921808,30.0,rotating
FDMT,298.0,57.323673366910384,0.0,0.0,0.0,0.0,0,114.12628969698437,22.0,rotating
BNP.PA,299.0,57.30268437206945,0.0,0.0,0.0,0.0,0,62.70127590408348,29.0,rotating
ALL-PH,300.0,57.29181806313344,0.0,0.0,0.0,0.0,0,119.36599180671185,29.0,rotating
TGB,301.0,57.25979437737397,0.0,2.0,0.0,0.0,0,110.74768620607836,24.0,rotating
S,302.0,57.24462668317118,0.0,0.0,0.0,0.0,0,117.61904607673027,30.0,rotating
BPE.MI,303.0,57.18362766154788,0.0,0.0,0.0,0.0,0,35.13459833269764,30.0,rotating
NXDR,304.0,57.09476321379465,0.0,0.0,0.0,0.0,0,109.31404301369518,11.0,rotating
BGC,305.0,56.98490297118896,0.0,0.0,0.0,0.0,0,83.21994953134735,27.0,rotating
0Q2N.IL,306.0,56.97426651687934,0.0,0.0,0.0,0.0,0,115.2916302252683,29.0,rotating
B,307.0,56.97126833373752,0.0,0.0,0.0,0.0,0,141.82048512115588,26.0,rotating
FITB,308.0,56.95936441016968,0.0,0.0,0.0,0.0,0,84.26179442665578,30.0,rotating
EGO,309.0,56.9346145544051,0.0,0.0,0.0,0.0,0,91.4597725778935,20.0,rotating
DBX,310.0,56.90406739363842,0.0,0.0,0.0,0.0,0,89.8111351670827,30.0,rotating
NVAX,311.0,56.871854105938894,0.0,0.0,0.0,0.0,0,105.75769475551176,13.0,rotating
SAN,312.0,56.86127261915026,0.0,0.0,0.0,0.0,0,75.88945908359078,30.0,rotating
CRM,313.0,56.85358406546108,0.0,0.0,0.0,0.0,0,143.61392690125842,28.0,rotating
HUT,314.0,56.84463501554856,0.0,0.0,0.0,0.0,0,217.94652440449698,4.0,rotating
KMX,315.0,56.77311473491976,0.0,0.0,0.0,0.0,0,143.43556044440305,21.0,rotating
MTCH,316.0,56.77098806637852,0.0,0.0,0.0,0.0,0,72.31936116974487,30.0,rotating
CON.DE,317.0,56.7099648867724,0.0,0.0,0.0,0.0,0,33.7441352929167,3.0,rotating
SWKS,318.0,56.67155878992523,0.0,0.0,0.0,0.0,0,77.78174593052023,23.0,rotating
GGB,319.0,56.66872957836984,0.0,0.0,0.0,0.0,0,66.87009795117696,21.0,rotating
CEZ.PR,320.0,56.646341991986304,0.0,0.0,0.0,0.0,0,1.0,2.0,rotating
PM,321.0,56.637123531421366,0.0,0.0,0.0,0.0,0,130.46210177672288,13.0,rotating
STR.VI,322.0,56.57379440587096,0.0,0.0,0.0,0.0,0,135.37581024688274,17.0,rotating
RWE.DE,323.0,56.52928916754861,0.0,0.0,0.0,0.0,0,174.7231739066115,8.0,rotating
PD,324.0,56.49184204014627,0.0,0.0,0.0,0.0,0,98.21018277144178,30.0,rotating
DG,325.0,56.389025319613765,0.0,0.0,0.0,0.0,0,83.13055996443185,12.0,rotating
QCOM,326.0,56.34226558840743,0.0,0.0,0.0,0.0,0,148.65342242948864,5.0,rotating
CNNE,327.0,56.21587044864798,0.0,0.0,0.0,0.0,0,76.71158104658427,3.0,rotating
ALL,328.0,56.21488787081174,0.0,0.0,0.0,0.0,0,79.08375307229672,30.0,rotating
ITRG,329.0,56.20120697356339,0.0,0.0,0.0,0.0,0,180.6376483460743,16.0,rotating
NETC.CO,330.0,56.19788740601551,0.0,0.0,0.0,0.0,0,128.0,2.0,rotating
APH,331.0,56.191053054456624,0.0,0.0,0.0,0.0,0,169.3673227042336,29.0,rotating
VIR,332.0,56.14635174354501,0.0,0.0,0.0,0.0,0,42.02427869696278,28.0,rotating
GGN,333.0,56.0916512059282,0.0,0.0,0.0,0.0,0,159.9058785661115,21.0,rotating
BMPS.MI,334.0,55.99413914375852,0.0,0.0,0.0,0.0,0,139.60118194342053,30.0,rotating
ACX.MC,335.0,55.97666272665545,0.0,0.0,0.0,0.0,0,80.46614194802682,30.0,rotating
HBM,336.0,55.90214282679517,0.0,0.0,0.0,0.0,0,133.74113054703852,15.0,rotating
UMI.BR,337.0,55.8331072208561,0.0,0.0,0.0,0.0,0,93.43238196685344,19.0,rotating
GLE.PA,338.0,55.832877309443845,0.0,0.0,0.0,0.0,0,151.33055705970293,8.0,rotating
FCX,339.0,55.83045164674691,0.0,0.0,0.0,0.0,0,100.5592362739495,29.0,rotating
TXN,340.0,55.795937639267365,0.0,0.0,0.0,0.0,0,112.42281302693368,3.0,rotating
ARM,341.0,55.767400580344514,0.0,0.0,0.0,0.0,0,218.0,2.0,rotating
EMBC,342.0,55.76240062668745,0.0,0.0,0.0,0.0,0,110.43713143684963,29.0,rotating
ARCC,343.0,55.74991235481881,0.0,0.0,0.0,0.0,0,44.986775834682796,12.0,rotating
ANGX,344.0,55.71730303221096,0.0,0.0,0.0,0.0,0,127.41385324995082,24.0,rotating
U,345.0,55.649441971475184,0.0,0.0,0.0,0.0,0,149.2260366021962,30.0,rotating
DC,346.0,55.62318799212319,0.0,0.0,0.0,0.0,0,185.20650636519224,20.0,rotating
V,347.0,55.56183584260359,0.0,0.0,0.0,0.0,0,50.51296863182761,30.0,rotating
NOVN.SW,348.0,55.50828952311198,0.0,0.0,0.0,0.0,0,117.31905216118992,30.0,rotating
BRKR,349.0,55.42532610672224,0.0,0.0,0.0,0.0,0,210.4857477360403,18.0,rotating
ISP.MI,350.0,55.400240485623286,0.0,0.0,0.0,0.0,0,121.81399755364734,30.0,rotating
LYG,351.0,55.36409701186936,0.0,0.0,0.0,0.0,0,42.435951739062006,30.0,rotating
BHF,352.0,55.35547062090441,0.0,0.0,0.0,0.0,0,125.78092065174273,30.0,rotating
IAG.MC,353.0,55.34882321966718,0.0,0.0,0.0,0.0,0,139.777108283152,22.0,rotating
CFFN,354.0,55.32884598047156,0.0,0.0,0.0,0.0,0,48.1693886197448,13.0,rotating
VZLA,355.0,55.238664408960005,0.0,0.0,0.0,0.0,0,158.56153379681973,21.0,rotating
CLOV,356.0,55.22564376841683,0.0,0.0,0.0,0.0,0,183.24489078825636,27.0,rotating
RVT,357.0,55.18057485943237,0.0,0.0,0.0,0.0,0,18.5,2.0,rotating
MA,358.0,55.17710995630604,0.0,0.0,0.0,0.0,0,48.95263016427207,30.0,rotating
MRK,359.0,55.15549213089431,0.0,0.0,0.0,0.0,0,90.38606087223847,30.0,rotating
JNJ,360.0,55.12801925018326,0.0,0.0,0.0,0.0,0,95.25549852895632,30.0,rotating
EBAY,361.0,55.09571420322324,0.0,0.0,0.0,0.0,0,51.162583984783254,12.0,rotating
INDU-C.ST,362.0,55.06875900247246,0.0,0.0,0.0,0.0,0,113.72053464524338,30.0,rotating
FRE.DE,363.0,55.0636451342408,0.0,0.0,0.0,0.0,0,103.92983209839223,23.0,rotating
UNA.AS,364.0,55.02000812856001,0.0,0.0,0.0,0.0,0,71.59755582420394,12.0,rotating
TECH,365.0,55.01798948762546,0.0,0.0,0.0,0.0,0,45.71925196238451,16.0,rotating
BAMI.MI,366.0,54.98219614989695,0.0,0.0,0.0,0.0,0,85.20944783297213,30.0,rotating
BAER.SW,367.0,54.91700974705704,0.0,0.0,0.0,0.0,0,66.76106649837165,13.0,rotating
T,368.0,54.91511784650508,0.0,0.0,0.0,0.0,0,36.22278288591312,19.0,rotating
AF.PA,369.0,54.89670801728222,0.0,0.0,0.0,0.0,0,141.81710052035334,30.0,rotating
GOOG,370.0,54.82263249632629,0.0,0.0,0.0,0.0,0,159.91023716640936,9.0,rotating
BZH,371.0,54.795027410699305,0.0,0.0,0.0,0.0,0,50.63042563518501,14.0,rotating
PUB.PA,372.0,54.78642944265224,0.0,0.0,0.0,0.0,0,78.72636153157339,28.0,rotating
CSX,373.0,54.7793097709103,0.0,0.0,0.0,0.0,0,84.22404644755558,30.0,rotating
VOLV-B.ST,374.0,54.77559763496102,0.0,0.0,0.0,0.0,0,99.47567541866705,30.0,rotating
ETG,375.0,54.71965916984945,0.0,0.0,0.0,0.0,0,79.92146144809917,29.0,rotating
AG,376.0,54.69529626013962,0.0,0.0,0.0,0.0,0,88.55506761332182,17.0,rotating
GRF.MC,377.0,54.65046537423207,0.0,0.0,0.0,0.0,0,85.72747517569849,15.0,rotating
VSTS,378.0,54.585567362724206,0.0,0.0,0.0,0.0,0,142.44230410941827,11.0,rotating
SCHW,379.0,54.57141977517607,0.0,0.0,0.0,0.0,0,52.02163011671203,30.0,rotating
MSTR,380.0,54.55977503100233,0.0,0.0,0.0,0.0,0,116.69897171783477,14.0,rotating
P911.DE,381.0,54.55396486589101,0.0,0.0,0.0,0.0,0,41.071752931776466,3.0,rotating
SDF.DE,382.0,54.31442433568097,0.0,0.0,0.0,0.0,0,90.44003538256716,29.0,rotating
BTE,383.0,54.31283728342558,0.0,0.0,0.0,0.0,0,150.87083879928554,29.0,rotating
PGNY,384.0,54.2983595136363,0.0,0.0,0.0,0.0,0,53.353912696258746,5.0,rotating
WTI,385.0,54.25870821885872,0.0,0.0,0.0,0.0,0,144.28111449527967,18.0,rotating
SPM.MI,386.0,54.18405283866537,0.0,0.0,0.0,0.0,0,84.00244044073958,30.0,rotating
IRWD,387.0,53.97360965746567,0.0,0.0,0.0,0.0,0,108.22204026906904,30.0,rotating
BGR,388.0,53.925412394509856,0.0,0.0,0.0,0.0,0,0.0,1.0,new_signal
PYPL,389.0,53.84500504129744,0.0,0.0,0.0,0.0,0,54.81979569462112,30.0,rotating
ADAM,390.0,53.8340051481123,0.0,0.0,0.0,0.0,0,124.76281497305197,10.0,rotating
HBAN.SW,391.0,53.80626687688991,0.0,0.0,0.0,0.0,0,0.0,1.0,new_signal
GLBE,392.0,53.73786618369881,0.0,0.0,0.0,0.0,0,111.79803218303978,5.0,rotating
HUH1V.HE,393.0,53.67204653071023,0.0,0.0,0.0,0.0,0,42.25505886873192,14.0,rotating
COTY,394.0,53.64311736012237,0.0,0.0,0.0,0.0,0,89.46289733738786,30.0,rotating
BITTI.HE,395.0,53.54154491721104,0.0,0.0,0.0,0.0,0,87.35536617747076,11.0,rotating
USB,396.0,53.498545397578,0.0,0.0,0.0,0.0,0,64.78649550639393,30.0,rotating
INVX,397.0,53.45853162776223,0.0,0.0,0.0,0.0,0,41.95812644768591,8.0,rotating
CS.PA,398.0,53.438500366919854,0.0,0.0,0.0,0.0,0,158.73906261534998,30.0,rotating
CA.PA,399.0,53.37358880002464,0.0,0.0,0.0,0.0,0,57.277695266133044,8.0,rotating
AVGO,400.0,53.35460527914053,0.0,0.0,0.0,0.0,0,121.59424328478713,30.0,rotating
HIAB.HE,401.0,53.322801999799545,0.0,0.0,0.0,0.0,0,88.21366107355482,18.0,rotating
QTCOM.HE,402.0,53.302180353088985,0.0,0.0,0.0,0.0,0,63.208306416166536,23.0,rotating
VRNS,403.0,53.23539783149859,0.0,0.0,0.0,0.0,0,92.02548560045744,23.0,rotating
LFST,404.0,53.21156763981397,0.0,0.0,0.0,0.0,0,128.3269652099667,30.0,rotating
GILD,405.0,53.20225244434246,0.0,0.0,0.0,0.0,0,92.03743803474758,27.0,rotating
CION,406.0,53.11994206646168,0.0,0.0,0.0,0.0,0,53.67690378552027,30.0,rotating
INGM,407.0,53.111827311714265,0.0,0.0,0.0,0.0,0,52.38931188706338,5.0,rotating
EXO.AS,408.0,53.1112466007732,0.0,0.0,0.0,0.0,0,79.92187543369779,9.0,rotating
CSCO,409.0,53.10492276269908,0.0,0.0,0.0,0.0,0,42.71018613867189,10.0,rotating
INVA,410.0,53.06713432652913,0.0,0.0,0.0,0.0,0,95.21785546839415,29.0,rotating
MAGN,411.0,53.04265361832978,0.0,0.0,0.0,0.0,0,87.08966643638038,30.0,rotating
ACN,412.0,53.00678349254424,0.0,0.0,0.0,0.0,0,82.44567908629294,14.0,rotating
AFRM,413.0,52.946888079571885,0.0,0.0,0.0,0.0,0,83.94664972469123,25.0,rotating
ABCL,414.0,52.8952598346758,0.0,0.0,0.0,0.0,0,146.74811753477454,30.0,rotating
VOD,415.0,52.8617938463978,0.0,0.0,0.0,0.0,0,91.24938355956165,28.0,rotating
GTN,416.0,52.84227949834569,0.0,0.0,0.0,0.0,0,71.37898850502157,30.0,rotating
UPM.HE,417.0,52.83049069092587,0.0,0.0,0.0,0.0,0,7.0,2.0,rotating
SNDA,418.0,52.82488242174752,0.0,0.0,0.0,0.0,0,0.0,1.0,new_signal
CHYM,419.0,52.82344959685196,0.0,0.0,0.0,0.0,0,166.65785310029648,30.0,rotating
IFX.DE,420.0,52.79415054477917,0.0,0.0,0.0,0.0,0,123.41053439637963,5.0,rotating
SYY,421.0,52.68615674330657,0.0,0.0,0.0,0.0,0,75.85011535917397,13.0,rotating
NOW,422.0,52.665732323084285,0.0,0.0,0.0,0.0,0,51.145381023118794,30.0,rotating
PKX,423.0,52.65098103535752,0.0,0.0,0.0,0.0,0,108.30923321674842,30.0,rotating
CNQ,424.0,52.61311845254512,0.0,0.0,0.0,0.0,0,106.25648215520783,30.0,rotating
LKFT.AS,425.0,52.60930030761857,0.0,0.0,0.0,0.0,0,107.03499427757261,30.0,rotating
MRVI,426.0,52.53237093132819,0.0,0.0,0.0,0.0,0,120.69154899991963,30.0,rotating
SNAP,427.0,52.50609079168342,0.0,0.0,0.0,0.0,0,72.35606401677747,16.0,rotating
HYLN,428.0,52.49652338907646,0.0,0.0,0.0,0.0,0,0.0,1.0,new_signal
IVZ,429.0,52.48792803390975,0.0,0.0,0.0,0.0,0,103.81912155282379,30.0,rotating
CNH,430.0,52.48191997248461,0.0,0.0,0.0,0.0,0,94.16076677682696,27.0,rotating
IBKR,431.0,52.440065951618365,0.0,0.0,0.0,0.0,0,60.21262326123982,27.0,rotating
LOG.MC,432.0,52.35444546458589,0.0,0.0,0.0,0.0,0,62.37379257348394,30.0,rotating
JPM,433.0,52.349663535288016,0.0,0.0,0.0,0.0,0,75.52939824995298,30.0,rotating
ITUB,434.0,52.33321357683479,0.0,0.0,0.0,0.0,0,45.8733037833553,10.0,rotating
VOYA,435.0,52.32656801674664,0.0,0.0,0.0,0.0,0,112.80723479556717,6.0,rotating
VISN,436.0,52.32436010054968,0.0,0.0,0.0,0.0,0,182.6577126759229,10.0,rotating
PDM,437.0,52.32312045181008,0.0,0.0,0.0,0.0,0,82.47914888018668,25.0,rotating
LTH,438.0,52.28150339596553,0.0,0.0,0.0,0.0,0,107.84104042524812,28.0,rotating
AZM.MI,439.0,52.252333250068496,0.0,0.0,0.0,0.0,0,46.62836134406455,7.0,rotating
CFG,440.0,52.24373749690919,0.0,0.0,0.0,0.0,0,94.43113893202813,26.0,rotating
BG.VI,441.0,52.2383468447256,0.0,0.0,0.0,0.0,0,80.23147761321613,28.0,rotating
WKL.AS,442.0,52.011831101549255,0.0,0.0,0.0,0.0,0,38.642593080692706,25.0,rotating
ADM,443.0,51.95777330592128,0.0,0.0,0.0,0.0,0,136.6556255702633,23.0,rotating
MAP.MC,444.0,51.9444563064082,0.0,0.0,0.0,0.0,0,69.36137253543934,28.0,rotating
FWONK,445.0,51.93826015677063,0.0,0.0,0.0,0.0,0,167.01945994404363,4.0,rotating
ET,446.0,51.87798230947661,0.0,0.0,0.0,0.0,0,133.29831206733266,30.0,rotating
DOC,447.0,51.849511538253225,0.0,0.0,0.0,0.0,0,99.6084333779023,30.0,rotating
AEG,448.0,51.70853791770783,0.0,0.0,0.0,0.0,0,45.97434066955175,28.0,rotating
BABA,449.0,51.63787599316511,0.0,0.0,0.0,0.0,0,0.0,1.0,new_signal
DOCS,450.0,51.62951998675792,0.0,0.0,0.0,0.0,0,73.08631882917622,30.0,rotating
BBD,451.0,51.569650176252566,0.0,0.0,0.0,0.0,0,41.44101862516603,9.0,rotating
FSCO,452.0,51.53632895018112,0.0,0.0,0.0,0.0,0,78.42141523427729,7.0,rotating
MANTA.HE,453.0,51.47265519506295,0.0,0.0,0.0,0.0,0,43.78766949724545,11.0,rotating
HNST,454.0,51.4515896699216,0.0,0.0,0.0,0.0,0,92.90769612900753,30.0,rotating
MDT,455.0,51.39958547284506,0.0,0.0,0.0,0.0,0,126.75918112704895,29.0,rotating
EAF,456.0,51.313330579774245,0.0,0.0,0.0,0.0,0,0.0,1.0,new_signal
DTE.DE,457.0,51.31011081336396,0.0,0.0,0.0,0.0,0,81.8061122410789,5.0,rotating
AMZN,458.0,51.30973135758908,0.0,0.0,0.0,0.0,0,108.99100880347882,30.0,rotating
CLW,459.0,51.308275851604186,0.0,0.0,0.0,0.0,0,101.81694358013307,30.0,rotating
UMAC,460.0,51.30294694258018,0.0,0.0,0.0,0.0,0,93.88077545482888,5.0,rotating
BMED.MI,461.0,51.05294236115981,0.0,0.0,0.0,0.0,0,156.46280708206663,30.0,rotating
TOST,462.0,51.03354021948624,0.0,0.0,0.0,0.0,0,38.36521862312269,26.0,rotating
TIC,463.0,51.01355459026094,0.0,0.0,0.0,0.0,0,130.30046047501136,10.0,rotating
TEVA,464.0,50.94614894491198,0.0,0.0,0.0,0.0,0,196.2106011407131,29.0,rotating
AUB,465.0,50.83019143037875,0.0,0.0,0.0,0.0,0,30.65681001017555,5.0,rotating
NTR,466.0,50.76142606763929,0.0,0.0,0.0,0.0,0,134.19403861572988,21.0,rotating
GAB,467.0,50.73779814515274,0.0,0.0,0.0,0.0,0,139.66402543246417,11.0,rotating
BNY,468.0,50.70557440844331,0.0,0.0,0.0,0.0,0,104.80572503446557,13.0,rotating
DSY.PA,469.0,50.66503834597047,0.0,0.0,0.0,0.0,0,56.59151879919817,29.0,rotating
ATNI,470.0,50.65420298177234,0.0,0.0,0.0,0.0,0,110.31504883740931,29.0,rotating
AIR.PA,471.0,50.63688198741771,0.0,0.0,0.0,0.0,0,42.49188157754373,30.0,rotating
WFC,472.0,50.48561569262702,0.0,0.0,0.0,0.0,0,53.391010479293236,28.0,rotating
UNI.MI,473.0,50.296149217517694,0.0,0.0,0.0,0.0,0,77.0122717493777,29.0,rotating
FHN,474.0,50.2781719037041,0.0,0.0,0.0,0.0,0,83.76299899120136,26.0,rotating
BION.SW,475.0,50.21084683916497,0.0,3.0,0.0,0.0,0,156.69065064642498,30.0,rotating
COIN,476.0,50.14135661027114,0.0,0.0,0.0,0.0,0,120.19504981487383,23.0,rotating
NEXI.MI,477.0,50.00265817629097,0.0,0.0,0.0,0.0,0,65.51366269718095,30.0,rotating
DNA,478.0,49.87885855772369,0.0,0.0,0.0,0.0,0,0.0,1.0,new_signal
BPE5.DE,479.0,49.84174953597381,0.0,0.0,0.0,0.0,0,84.86200563267404,16.0,rotating
GAIN,480.0,49.83953475854983,0.0,0.0,0.0,0.0,0,107.09509792702933,29.0,rotating
ACA.PA,481.0,49.79871257182381,0.0,0.0,0.0,0.0,0,54.786494686190686,30.0,rotating
UQA.VI,482.0,49.79001743280072,0.0,0.0,0.0,0.0,0,126.57314091070032,13.0,rotating
PAGS,483.0,49.75893073699199,0.0,0.0,0.0,0.0,0,136.6129203260072,12.0,rotating
VZ,484.0,49.70128174346695,0.0,0.0,0.0,0.0,0,67.42024918375785,12.0,rotating
NWL.MI,485.0,49.6512192802624,0.0,0.0,0.0,0.0,0,125.0520291718611,30.0,rotating
CNC,486.0,49.637001604482656,0.0,0.0,0.0,0.0,0,137.4366763276819,30.0,rotating
KYN,487.0,49.54974789833457,0.0,0.0,0.0,0.0,0,60.40372505069534,29.0,rotating
BHP,488.0,49.52016878836604,0.0,0.0,0.0,0.0,0,148.3370786044032,6.0,rotating
NAVI,489.0,49.50626313869616,0.0,0.0,0.0,0.0,0,80.5235369317568,30.0,rotating
GNW,490.0,49.33498648861412,0.0,0.0,0.0,0.0,0,120.8951611934903,30.0,rotating
ALMB.CO,491.0,49.32884558764008,0.0,0.0,0.0,0.0,0,82.5,2.0,rotating
CYH,492.0,49.3243722243546,0.0,0.0,0.0,0.0,0,95.68223450568031,29.0,rotating
INDU-A.ST,493.0,49.2136901190663,0.0,0.0,0.0,0.0,0,111.03170718312855,30.0,rotating
UTG,494.0,49.05899695514807,0.0,0.0,0.0,0.0,0,97.62914523849935,29.0,rotating
KSS,495.0,49.05866268825058,0.0,0.0,0.0,0.0,0,93.31286084993859,28.0,rotating
UNH,496.0,49.04052769013196,0.0,0.0,0.0,0.0,0,122.4026143511649,26.0,rotating
EL,497.0,49.03422828592623,0.0,0.0,0.0,0.0,0,23.397649454592656,23.0,rotating
NOA3.DE,498.0,48.95962414790027,0.0,0.0,0.0,0.0,0,52.11705574953366,4.0,rotating
NRGV,499.0,48.92748359332054,0.0,0.0,0.0,0.0,0,85.76619380618449,10.0,rotating
SXC,500.0,48.8818781640685,0.0,0.0,0.0,0.0,0,163.42707853963492,25.0,rotating
BRK-B,501.0,48.822136371225184,0.0,0.0,0.0,0.0,0,62.98166399834161,12.0,rotating
SHOP,502.0,48.76542412681045,0.0,0.0,0.0,0.0,0,76.7700462420077,17.0,rotating
PSLV,503.0,48.731650664818986,0.0,0.0,0.0,0.0,0,48.09792095298923,11.0,rotating
IOT,504.0,48.689995719476414,0.0,0.0,0.0,0.0,0,182.9633843150044,25.0,rotating
RDW,505.0,48.60096871881538,0.0,0.0,0.0,0.0,0,0.0,1.0,new_signal
KEY,506.0,48.50434794440922,0.0,0.0,0.0,0.0,0,100.7972717884765,24.0,rotating
DBK.DE,507.0,48.503403910769975,0.0,0.0,0.0,0.0,0,127.62585944862428,30.0,rotating
ASA,508.0,48.48872972211313,0.0,0.0,0.0,0.0,0,115.90034512459401,29.0,rotating
PEO,509.0,48.441143107081615,0.0,0.0,0.0,0.0,0,128.9069819676188,29.0,rotating
CEF,510.0,48.36016171899415,0.0,0.0,0.0,0.0,0,105.66153510147389,29.0,rotating
BOX,511.0,48.25642400430863,0.0,0.0,0.0,0.0,0,112.31099679016299,26.0,rotating
LNC,512.0,48.084572834372224,0.0,0.0,0.0,0.0,0,129.3848522818649,30.0,rotating
LI.PA,513.0,48.084450402804,0.0,0.0,0.0,0.0,0,44.37411101526499,9.0,rotating
HOMB,514.0,48.05745661713014,0.0,0.0,0.0,0.0,0,164.81167704045998,6.0,rotating
GME,515.0,48.00863418024108,0.0,0.0,0.0,0.0,0,0.0,1.0,new_signal
OUST,516.0,47.93112865178227,0.0,0.0,0.0,0.0,0,0.0,1.0,new_signal
YMM,517.0,47.89990876477293,0.0,0.0,0.0,0.0,0,13.0,2.0,rotating
HBX.MC,518.0,47.89552291611859,0.0,0.0,0.0,0.0,0,53.622383386045044,12.0,rotating
VIG.VI,519.0,47.741248119095125,0.0,0.0,0.0,0.0,0,138.51082990149183,22.0,rotating
OBDC,520.0,47.66124722304267,0.0,0.0,0.0,0.0,0,89.895717361841,21.0,rotating
SIKA.SW,521.0,47.37464388548168,0.0,0.0,0.0,0.0,0,143.5578280693881,21.0,rotating
MO,522.0,47.31960300317398,0.0,0.0,0.0,0.0,0,9.0,2.0,rotating
BVI.PA,523.0,47.21930587147003,0.0,0.0,0.0,0.0,0,54.51268341460751,7.0,rotating
COL.MC,524.0,47.11543373300492,0.0,0.0,0.0,0.0,0,40.792156108742276,3.0,rotating
REXR,525.0,46.91769487259023,0.0,0.0,0.0,0.0,0,35.526029407071356,9.0,rotating
TTEK,526.0,46.61713115519393,0.0,0.0,0.0,0.0,0,123.52169849868484,24.0,rotating
A2A.MI,527.0,46.58061994831321,0.0,0.0,0.0,0.0,0,48.60699538132346,18.0,rotating
NOV,528.0,46.4607271087345,0.0,0.0,0.0,0.0,0,49.756306132991824,16.0,rotating
EPD,529.0,46.45477401334775,0.0,0.0,0.0,0.0,0,0.0,1.0,new_signal
IRS,530.0,46.42734183539291,0.0,0.0,0.0,0.0,0,98.61688496398575,28.0,rotating
FRSH,531.0,46.3136948987476,0.0,0.0,0.0,0.0,0,156.59552994897396,30.0,rotating
CUZ,532.0,46.30212771765386,0.0,0.0,0.0,0.0,0,37.032958293930555,5.0,rotating
KVUE,533.0,46.24097367607409,0.0,0.0,0.0,0.0,0,49.05547879697027,18.0,rotating
HOG,534.0,46.21383668662908,0.0,0.0,0.0,0.0,0,129.9130863308235,22.0,rotating
PSKY,535.0,46.20875255491725,0.0,0.0,0.0,0.0,0,125.89046826507557,15.0,rotating
GO,536.0,46.12932244261667,0.0,0.0,0.0,0.0,0,100.44321778995335,30.0,rotating
SPCE,537.0,46.1265467735178,0.0,0.0,0.0,0.0,0,58.383559329660606,5.0,rotating
AUR,538.0,46.101616873141865,0.0,0.0,0.0,0.0,0,37.8688526364346,15.0,rotating
ABSI,539.0,46.09068367354972,0.0,0.0,0.0,0.0,0,176.70339555311324,30.0,rotating
NBIS,540.0,46.040724240064975,0.0,0.0,0.0,0.0,0,115.12775512447031,20.0,rotating
ATEC,541.0,46.03729845837671,0.0,0.0,0.0,0.0,0,54.539257532945,7.0,rotating
KMI,542.0,45.97362506565691,0.0,0.0,0.0,0.0,0,43.99590890071485,15.0,rotating
FNB,543.0,45.938487120991546,0.0,0.0,0.0,0.0,0,46.26013402488151,25.0,rotating
COHR,544.0,45.81740248885342,0.0,0.0,0.0,0.0,0,20.5,2.0,rotating
HPP,545.0,45.79663647105448,0.0,0.0,0.0,0.0,0,51.74756032896623,30.0,rotating
BEKE,546.0,45.655652402963305,0.0,0.0,0.0,0.0,0,36.98229306032821,22.0,rotating
CIFR,547.0,45.56984392727752,0.0,0.0,0.0,0.0,0,0.0,1.0,new_signal
RED.MC,548.0,45.5680016417372,0.0,0.0,0.0,0.0,0,0.0,1.0,new_signal
TIETO.HE,549.0,45.537122644444096,0.0,0.0,0.0,0.0,0,0.0,1.0,new_signal
LKFT,550.0,45.5152471898065,0.0,0.0,0.0,0.0,0,49.85779778530135,30.0,rotating
TEF.MC,551.0,45.34462968815514,0.0,0.0,0.0,0.0,0,142.8652854822275,7.0,rotating
WLN.PA,552.0,45.28643418462899,0.0,0.0,0.0,0.0,0,51.27533520124466,29.0,rotating
ZH,553.0,45.148608956024574,0.0,0.0,0.0,0.0,0,74.48764998306766,29.0,rotating
NOVO-B.CO,554.0,44.96437857126728,0.0,0.0,0.0,0.0,0,65.01569041393007,30.0,rotating
RHI,555.0,44.92171048907926,0.0,0.0,0.0,0.0,0,24.392621835300936,23.0,rotating
GFL,556.0,44.798341240308034,0.0,0.0,0.0,0.0,0,142.747958275545,7.0,rotating
SBRA,557.0,44.77222451517601,0.0,0.0,0.0,0.0,0,41.19451000219553,9.0,rotating
LTMC.MI,558.0,44.6878065391066,0.0,0.0,0.0,0.0,0,61.90696424653872,6.0,rotating
HQL,559.0,44.6269173558737,0.0,1.0,0.0,0.0,0,141.30919998358212,29.0,rotating
NWSA,560.0,44.59908758611765,0.0,0.0,0.0,0.0,0,154.8255792819778,28.0,rotating
AEP,561.0,44.54420731405024,0.0,0.0,0.0,0.0,0,96.5,2.0,rotating
GLNG,562.0,44.49717511856352,0.0,0.0,0.0,0.0,0,68.94603364629147,3.0,rotating
REN.AS,563.0,44.47119574104691,0.0,0.0,0.0,0.0,0,107.41117260322596,11.0,rotating
AI,564.0,44.40030836756061,0.0,0.0,0.0,0.0,0,61.71029087599572,19.0,rotating
TENB,565.0,44.39480491951616,0.0,0.0,0.0,0.0,0,168.399406174725,27.0,rotating
ALV.DE,566.0,44.3778562139842,0.0,0.0,0.0,0.0,0,127.39607529276559,30.0,rotating
ABUS,567.0,44.34110325046964,0.0,0.0,0.0,0.0,0,101.86505779706799,28.0,rotating
CL,568.0,44.14399718831625,0.0,0.0,0.0,0.0,0,58.54066962377524,19.0,rotating
PHYS,569.0,44.13534405315356,0.0,0.0,0.0,0.0,0,51.24539003656817,13.0,rotating
NOK,570.0,44.107618851117806,0.0,0.0,0.0,0.0,0,60.16385958364041,17.0,rotating
SUZ,571.0,44.01076305463912,0.0,0.0,0.0,0.0,0,0.0,1.0,new_signal
HOS,572.0,43.87766860731551,0.0,0.0,0.0,0.0,0,91.2708058472149,14.0,rotating
KOG.OL,573.0,43.84315818785028,0.0,0.0,0.0,0.0,0,0.0,1.0,new_signal
HTD,574.0,43.80367540046692,0.0,0.0,0.0,0.0,0,107.48023074035522,29.0,rotating
PERI,575.0,43.70132079359125,0.0,0.0,0.0,0.0,0,82.14261987543374,18.0,rotating
PST.MI,576.0,43.5992885003942,0.0,0.0,0.0,0.0,0,59.14465318183884,22.0,rotating
GENI,577.0,43.49646662343135,0.0,0.0,0.0,0.0,0,172.77140967185514,16.0,rotating
G.MI,578.0,43.378997203586266,0.0,0.0,0.0,0.0,0,55.92280393542512,30.0,rotating
SG,579.0,43.29691772470738,0.0,0.0,0.0,0.0,0,57.44919494649163,10.0,rotating
ROIV,580.0,43.26116597258152,0.0,0.0,0.0,0.0,0,118.9793679593231,30.0,rotating
NOKIA.HE,581.0,43.25621466716108,0.0,0.0,0.0,0.0,0,105.01147556338783,30.0,rotating
VIPS,582.0,43.14902766712815,0.0,0.0,0.0,0.0,0,74.07597451265829,28.0,rotating
KHC,583.0,43.01413611069589,0.0,0.0,0.0,0.0,0,64.4934880433676,28.0,rotating
PTY,584.0,42.97346060820922,0.0,0.0,0.0,0.0,0,0.0,1.0,new_signal
VOR,585.0,42.82246599056327,0.0,0.0,0.0,0.0,0,96.87641611868185,29.0,rotating
FDJU.PA,586.0,42.74218520747655,0.0,0.0,0.0,0.0,0,0.0,1.0,new_signal
ACGL,587.0,42.71089409746837,0.0,0.0,0.0,0.0,0,75.87549011373831,13.0,rotating
TFC,588.0,42.64807411479866,0.0,0.0,0.0,0.0,0,45.208848691378996,26.0,rotating
CUBE,589.0,42.49491987325959,0.0,0.0,0.0,0.0,0,57.76089496929839,9.0,rotating
TMV.DE,590.0,42.43295064955433,0.0,0.0,0.0,0.0,0,64.63443354745209,20.0,rotating
GPRE,591.0,42.3741703903367,0.0,0.0,0.0,0.0,0,0.0,1.0,new_signal
ABT,592.0,42.364253679258965,0.0,0.0,0.0,0.0,0,21.83323155192561,20.0,rotating
BAC,593.0,42.35380593804861,0.0,0.0,0.0,0.0,0,139.22216059234248,30.0,rotating
ABEV,594.0,42.32821256993657,0.0,0.0,0.0,0.0,0,18.850994668717085,5.0,rotating
FUBO,595.0,42.22595909378452,0.0,0.0,0.0,0.0,0,55.11769225938256,30.0,rotating
KR,596.0,42.17516358364694,0.0,0.0,0.0,0.0,0,55.8091987638836,3.0,rotating
BANC,597.0,42.09129459464485,0.0,0.0,0.0,0.0,0,88.0,2.0,rotating
PDT,598.0,41.97814497618366,0.0,0.0,0.0,0.0,0,122.07952326250297,29.0,rotating
VLY,599.0,41.96613228120543,0.0,0.0,0.0,0.0,0,116.93267293618153,21.0,rotating
IONQ,600.0,41.91194739101452,0.0,0.0,0.0,0.0,0,133.5,2.0,rotating
LYFT,601.0,41.73785955458169,0.0,0.0,0.0,0.0,0,132.6203604278016,30.0,rotating
AVK,602.0,41.712511333803775,0.0,0.0,0.0,0.0,0,89.74207485900914,29.0,rotating
WBD,603.0,41.67856247830906,0.0,0.0,0.0,0.0,0,50.45235376075134,22.0,rotating
AMS.MC,604.0,41.6064952295006,0.0,0.0,0.0,0.0,0,104.63957186456756,19.0,rotating
FBK.MI,605.0,41.51947077446045,0.0,0.0,0.0,0.0,0,82.09652855023774,30.0,rotating
ENEL.MI,606.0,41.4734666836776,0.0,0.0,0.0,0.0,0,25.60878755427519,10.0,rotating
ASAN,607.0,41.47060398227556,0.0,0.0,0.0,0.0,0,122.22720646402749,24.0,rotating
XYZ,608.0,41.35971854221489,0.0,0.0,0.0,0.0,0,80.7255226059268,28.0,rotating
ZURN.SW,609.0,41.31569155783853,0.0,0.0,0.0,0.0,0,34.56395039150859,3.0,rotating
EPRX,610.0,41.31354552197325,0.0,0.0,0.0,0.0,0,0.0,1.0,new_signal
ORCL,611.0,41.290597527979,0.0,0.0,0.0,0.0,0,84.60431431079623,30.0,rotating
MNST,612.0,41.14522093271905,0.0,0.0,0.0,0.0,0,0.0,1.0,new_signal
0P6O.IL,613.0,40.98811945524312,0.0,1.0,0.0,0.0,0,139.60787943379125,30.0,rotating
SBS,614.0,40.98622737360714,0.0,0.0,0.0,0.0,0,0.0,1.0,new_signal
NESN.SW,615.0,40.92886209784602,0.0,0.0,0.0,0.0,0,67.6896594761711,30.0,rotating
AMP.MI,616.0,40.8626170497617,0.0,0.0,0.0,0.0,0,109.0646138763623,27.0,rotating
MFA,617.0,40.70269166175419,0.0,0.0,0.0,0.0,0,26.088503215017912,30.0,rotating
EW,618.0,40.67154010949717,0.0,0.0,0.0,0.0,0,79.4168747811194,5.0,rotating
LDO.MI,619.0,40.63761524937769,0.0,0.0,0.0,0.0,0,69.21130024521034,7.0,rotating
BAS.DE,620.0,40.55186970899186,0.0,0.0,0.0,0.0,0,138.85535639650348,20.0,rotating
TIT.MI,621.0,40.49553954115385,0.0,0.0,0.0,0.0,0,131.76604266653834,30.0,rotating
TRN.MI,622.0,40.49142202875069,0.0,0.0,0.0,0.0,0,37.713671097551895,9.0,rotating
IVR,623.0,40.38037508812394,0.0,0.0,0.0,0.0,0,27.368595141146724,21.0,rotating
STERV.HE,624.0,40.36149715043258,0.0,0.0,0.0,0.0,0,0.0,1.0,new_signal
DX,625.0,40.31853508591911,0.0,0.0,0.0,0.0,0,100.41618395457975,19.0,rotating
DEC,626.0,40.286160200545496,0.0,0.0,0.0,0.0,0,178.04651077738086,29.0,rotating
CPR.MI,627.0,40.2777267308356,0.0,0.0,0.0,0.0,0,27.1346641770264,11.0,rotating
NFLX,628.0,39.97089250179144,0.0,0.0,0.0,0.0,0,82.112118472245,30.0,rotating
AD,629.0,39.83068991030312,0.0,0.0,0.0,0.0,0,164.90994512157232,29.0,rotating
MDLZ,630.0,39.51167270247301,0.0,0.0,0.0,0.0,0,80.76410093599755,28.0,rotating
COST,631.0,39.48576792519614,0.0,0.0,0.0,0.0,0,22.25511177235468,30.0,rotating
PIRC.MI,632.0,39.23649716735887,0.0,0.0,0.0,0.0,0,137.3720859563543,26.0,rotating
FCT.MI,633.0,39.18413499187273,0.0,0.0,0.0,0.0,0,51.50106188225637,8.0,rotating
BIT,634.0,39.06228920758181,0.0,0.0,0.0,0.0,0,0.0,1.0,new_signal
MBLY,635.0,39.05003598892661,0.0,0.0,0.0,0.0,0,47.68880604735478,9.0,rotating
ORC,636.0,38.89744426263984,0.0,0.0,0.0,0.0,0,8.052949770115296,29.0,rotating
RWT,637.0,38.70099593009121,0.0,0.0,0.0,0.0,0,47.37615433949868,4.0,rotating
GROY,638.0,38.60910908392758,0.0,0.0,0.0,0.0,0,100.5099497562306,19.0,rotating
QDEL,639.0,38.22077997250965,0.0,0.0,0.0,0.0,0,32.77819397099236,25.0,rotating
MOMO,640.0,37.91031430985156,0.0,0.0,0.0,0.0,0,16.3902409988383,24.0,rotating
CIM,641.0,37.82815905441464,0.0,0.0,0.0,0.0,0,31.362557293690195,30.0,rotating
XIFR,642.0,37.71034145640439,0.0,0.0,0.0,0.0,0,24.86845391253747,30.0,rotating
APLD,643.0,37.66517062619577,0.0,0.0,0.0,0.0,0,0.0,1.0,new_signal
NOMD,644.0,37.64906910746589,0.0,0.0,0.0,0.0,0,38.89987146508327,29.0,rotating
VTR,645.0,37.59458416606391,0.0,0.0,0.0,0.0,0,26.945129430010166,14.0,rotating
RCI,646.0,37.43473835336851,0.0,0.0,0.0,0.0,0,96.1,29.0,rotating
0JHU.IL,647.0,37.18253000759735,0.0,0.0,0.0,0.0,0,156.55657124502952,30.0,rotating
JD,648.0,37.13905715293749,0.0,0.0,0.0,0.0,0,42.9739455949765,17.0,rotating
WB,649.0,37.113477481734506,0.0,0.0,0.0,0.0,0,27.94279871451677,30.0,rotating
ACHR,650.0,36.87762279957328,0.0,0.0,0.0,0.0,0,0.0,1.0,new_signal
STNE,651.0,36.81268876483797,0.0,0.0,0.0,0.0,0,70.12417557447645,29.0,rotating
KRG,652.0,36.70255099506838,0.0,0.0,0.0,0.0,0,0.0,1.0,new_signal
PRY.MI,653.0,36.14519672071588,0.0,0.0,0.0,0.0,0,23.73230334843675,6.0,rotating
SHL.DE,654.0,35.94987591493891,0.0,0.0,0.0,0.0,0,101.44870625099168,19.0,rotating
STLA,655.0,35.84629624319169,0.0,0.0,0.0,0.0,0,30.96594904084162,30.0,rotating
LEG.DE,656.0,35.514638895877994,0.0,0.0,0.0,0.0,0,27.23306813416366,30.0,rotating
WU,657.0,35.37335479644096,0.0,0.0,0.0,0.0,0,24.470390270692455,5.0,rotating
ALIT,658.0,35.20115055173473,0.0,0.0,0.0,0.0,0,39.079534285863744,30.0,rotating
VOW3.DE,659.0,35.17225672198016,0.0,0.0,0.0,0.0,0,106.21657121184057,30.0,rotating
RXRX,660.0,35.1484653583256,0.0,0.0,0.0,0.0,0,73.46672716270952,17.0,rotating
STLAP.PA,661.0,35.02348961086689,0.0,0.0,0.0,0.0,0,18.83188785013335,30.0,rotating
1VOW3.MI,662.0,35.006529574375115,0.0,0.0,0.0,0.0,0,74.37338233534898,30.0,rotating
SHOE,663.0,34.99564208993708,0.0,0.0,0.0,0.0,0,20.16457289406349,25.0,rotating
KIM,664.0,34.59795865194324,0.0,0.0,0.0,0.0,0,58.48256150340887,12.0,rotating
BCE,665.0,34.34906291195838,0.0,0.0,0.0,0.0,0,91.40464977231738,29.0,rotating
UNIT,666.0,34.24260916117226,0.0,0.0,0.0,0.0,0,77.06159873763326,30.0,rotating
ARR,667.0,34.2318647093207,0.0,0.0,0.0,0.0,0,18.71389857832942,29.0,rotating
BYD,668.0,34.14967682298977,0.0,0.0,0.0,0.0,0,36.56788208250513,29.0,rotating
TV,669.0,34.076750702185336,0.0,0.0,0.0,0.0,0,41.12724158024703,30.0,rotating
LBTYK,670.0,33.91454467144803,0.0,0.0,0.0,0.0,0,24.6983805137098,30.0,rotating
PAH3.DE,671.0,33.37063764571268,0.0,0.0,0.0,0.0,0,168.48548898940822,30.0,rotating
PPLI,672.0,33.08162985714759,0.0,0.0,0.0,0.0,0,27.581878108642275,13.0,rotating
OGE,673.0,32.335625937308635,0.0,0.0,0.0,0.0,0,0.0,1.0,new_signal
ERIC,674.0,32.28449191688089,0.0,0.0,0.0,0.0,0,0.0,1.0,new_signal
BBWI,675.0,32.00760293275809,0.0,0.0,0.0,0.0,0,85.02329092666315,28.0,rotating
ABR,676.0,31.94286041587287,0.0,0.0,0.0,0.0,0,19.962214306033285,30.0,rotating
FINV,677.0,31.81869911073513,0.0,0.0,0.0,0.0,0,16.961426826773742,29.0,rotating
TRTX,678.0,31.74867745048613,0.0,0.0,0.0,0.0,0,40.78038744298538,10.0,rotating
DQ,679.0,31.56677002989668,0.0,0.0,0.0,0.0,0,16.670032993368668,27.0,rotating
SAFE,680.0,31.489734404741323,0.0,0.0,0.0,0.0,0,47.2,30.0,rotating
FBRT,681.0,31.48549769372715,0.0,0.0,0.0,0.0,0,27.791365565585295,20.0,rotating
INW.MI,682.0,31.333646320493365,0.0,0.0,0.0,0.0,0,0.0,1.0,new_signal
TREE,683.0,31.26180498381015,0.0,0.0,0.0,0.0,0,16.858232410309213,29.0,rotating
TLRY,684.0,31.14874688125005,0.0,0.0,0.0,0.0,0,15.670354175959137,30.0,rotating
HFG.DE,685.0,30.83875925682081,0.0,0.0,0.0,0.0,0,18.23074326515515,30.0,rotating
CSIQ,686.0,30.76281787259385,0.0,0.0,0.0,0.0,0,9.669022701390249,29.0,rotating
VOW.DE,687.0,30.666187419733404,0.0,0.0,0.0,0.0,0,94.6942976107854,30.0,rotating
OPFI,688.0,30.42553100301324,0.0,0.0,0.0,0.0,0,59.70393621864475,29.0,rotating
KEP,689.0,30.12795150022926,0.0,0.0,0.0,0.0,0,32.20621058119071,30.0,rotating
IF.MI,690.0,29.977952784607155,0.0,0.0,0.0,0.0,0,38.107217164206574,30.0,rotating
GT,691.0,29.86654121315883,0.0,0.0,0.0,0.0,0,46.968074263269514,8.0,rotating
PLD,692.0,29.762263711068,0.0,0.0,0.0,0.0,0,39.482766986229436,9.0,rotating
QFIN,693.0,29.198213885797443,0.0,0.0,0.0,0.0,0,10.872442227944925,29.0,rotating
MC.PA,694.0,28.46424674547961,0.0,0.0,0.0,0.0,0,26.993517740376113,30.0,rotating
8TI.DE,695.0,28.011107951778985,0.0,0.0,0.0,0.0,0,11.76817742898194,30.0,rotating
LBTYA,696.0,28.006201719728693,0.0,0.0,0.0,0.0,0,34.771971471287046,30.0,rotating
CHTR,697.0,27.517798870699817,0.0,0.0,0.0,0.0,0,31.521579909642853,29.0,rotating
NXI.PA,698.0,27.46642640214617,0.0,0.0,0.0,0.0,0,4.382921400162226,30.0,rotating
MPT,699.0,27.350182266549155,0.0,0.0,0.0,0.0,0,21.94447538675737,30.0,rotating
STLAM.MI,700.0,25.51971258185977,0.0,0.0,0.0,0.0,0,20.690335908341364,30.0,rotating
IREN,701.0,25.148676000372703,0.0,0.0,0.0,0.0,0,3.0,2.0,rotating
LI,702.0,22.08618587004084,0.0,0.0,0.0,0.0,0,6.64529909033446,28.0,rotating
JKS,703.0,21.74087504122864,0.0,0.0,0.0,0.0,0,2.4269322199023193,28.0,rotating
SYNTL.XC,,86.57225737384653,2.0,6.0,2.0,2.0,2,202.56218798186396,30.0,rotating
EMR.L,,79.63974503900656,1.0,1.0,1.0,1.0,1,0.0,1.0,new_signal
0QC9.L,,78.50319140001679,2.0,4.0,0.0,1.0,1,342.11525835601077,30.0,rotating
HWG.L,,78.42091399784863,0.0,1.0,0.0,1.0,1,0.0,1.0,new_signal
GCM.L,,78.24223406628616,1.0,3.0,0.0,1.0,1,25.579093025359597,15.0,rotating
AEF,,77.64183056884869,0.0,1.0,0.0,1.0,1,73.64753899486392,22.0,rotating
UFI,,75.8672624757422,2.0,3.0,0.0,1.0,1,207.77490223797486,12.0,rotating
ACRM.L,,75.29015839979897,0.0,2.0,0.0,1.0,1,18.911177992426186,7.0,rotating
0RJN.IL,,72.46028640372748,0.0,2.0,0.0,0.0,0,29.73953597486013,12.0,rotating
HLUN-A.CO,,71.76519002886026,0.0,0.0,0.0,0.0,0,112.38723237094149,14.0,rotating
VOW.OL,,71.67024443473011,0.0,0.0,0.0,0.0,0,106.40789444397441,5.0,rotating
PLT.OL,,70.86064343120646,0.0,0.0,0.0,0.0,0,94.50079364746097,13.0,rotating
RECT.BR,,70.2069804780727,0.0,0.0,0.0,0.0,0,103.50768087441627,27.0,rotating
DECB.BR,,69.87420456168363,0.0,0.0,0.0,0.0,0,44.51168385940932,13.0,rotating
VODI.DE,,69.86726847331116,0.0,4.0,0.0,0.0,0,120.9899169352554,21.0,rotating
AUTO.OL,,69.59624133298769,0.0,0.0,0.0,0.0,0,96.09869926278918,30.0,rotating
GEMD.L,,69.45029000148166,1.0,7.0,0.0,0.0,0,37.587896988259395,30.0,rotating
UEIC,,68.48702430686379,0.0,0.0,0.0,0.0,0,108.11591002253091,30.0,rotating
PGV.WA,,67.7419379184133,0.0,5.0,0.0,0.0,0,66.83030749592582,19.0,rotating
YIT.HE,,67.68542868011636,0.0,0.0,0.0,0.0,0,15.698726062964472,22.0,rotating
SHEL.L,,67.379771180353,0.0,0.0,0.0,0.0,0,54.03415586460105,30.0,rotating
SYNT.L,,67.33725654395055,0.0,0.0,0.0,0.0,0,119.7495720242874,30.0,rotating
LMGAB.ST,,67.21176791072381,0.0,0.0,0.0,0.0,0,0.0,1.0,new_signal
CHAR.L,,67.01279764960886,0.0,0.0,0.0,0.0,0,74.15989482193189,16.0,rotating
HSBA.L,,66.89078265838785,0.0,0.0,0.0,0.0,0,68.64808810156332,29.0,rotating
BHFAN,,65.94170616026044,0.0,0.0,0.0,0.0,0,161.94863383184187,30.0,rotating
JOF,,65.2917145126381,0.0,0.0,0.0,0.0,0,83.47191144331128,29.0,rotating
IR5B.IR,,65.12278442551856,0.0,0.0,0.0,0.0,0,28.906746617355612,23.0,rotating
BETA,,65.0858814628675,0.0,0.0,0.0,0.0,0,121.82840391304484,5.0,rotating
GOTU,,65.04467474843479,0.0,0.0,0.0,0.0,0,170.19661832389295,3.0,rotating
BHFAM,,64.93611001310028,0.0,0.0,0.0,0.0,0,164.10085313611262,30.0,rotating
SDLF.L,,64.70860958793244,0.0,0.0,0.0,0.0,0,73.319915439122,16.0,rotating
A3M.MC,,64.57130906106008,0.0,0.0,0.0,0.0,0,66.0,2.0,rotating
HASL.XC,,64.47987792164659,0.0,0.0,0.0,0.0,0,0.0,1.0,new_signal
ATT.L,,64.11571814316787,0.0,0.0,0.0,0.0,0,90.05448350859606,30.0,rotating
AC8.L,,64.11004683247911,6.0,7.0,0.0,0.0,0,76.43199591794003,29.0,rotating
VTU.L,,63.91235341169991,0.0,1.0,0.0,0.0,0,80.85845657690975,30.0,rotating
AYM.L,,63.19674492833998,9.0,16.0,0.0,0.0,0,59.77123053777628,30.0,rotating
IB1T.DE,,63.069389215511634,0.0,0.0,0.0,0.0,0,138.68669727122352,22.0,rotating
BZUN,,62.99551126331123,0.0,0.0,0.0,0.0,0,210.27895757778523,29.0,rotating
0LN7.IL,,62.91548825555188,0.0,0.0,0.0,0.0,0,172.6958019177073,30.0,rotating
HUNT.OL,,62.8347311190041,10.0,19.0,0.0,0.0,0,84.50804695412147,30.0,rotating
BP.L,,62.62716859263064,0.0,0.0,0.0,0.0,0,52.54521862167861,22.0,rotating
SABR,,62.51101305540479,0.0,0.0,0.0,0.0,0,86.6614677927855,30.0,rotating
SOI.L,,62.19828378579192,0.0,0.0,0.0,0.0,0,87.90312849950222,30.0,rotating
VOD.L,,61.88410411839227,0.0,0.0,0.0,0.0,0,123.32238239670849,28.0,rotating
NWG.L,,61.31060739255744,0.0,0.0,0.0,0.0,0,68.55333689908902,28.0,rotating
BTCN.AS,,60.94179094425304,0.0,0.0,0.0,0.0,0,110.99189159573775,23.0,rotating
ABDN.L,,60.9269951255553,0.0,0.0,0.0,0.0,0,0.0,1.0,new_signal
0H13.IL,,59.95590798729387,0.0,0.0,0.0,0.0,0,82.57505676655633,30.0,rotating
0JYO.IL,,59.66768896933101,0.0,2.0,0.0,0.0,0,122.31798723000638,30.0,rotating
PCT.L,,59.01456215276881,0.0,0.0,0.0,0.0,0,102.45901619672131,30.0,rotating
PYT.VI,,58.962635340462,0.0,0.0,0.0,0.0,0,112.32457433705235,20.0,rotating
PRS.OL,,58.399494936248914,0.0,0.0,0.0,0.0,0,109.23168038623227,29.0,rotating
OFS,,58.32948192730558,0.0,0.0,0.0,0.0,0,190.93896930694896,29.0,rotating
0MHU.IL,,58.236157410323614,0.0,0.0,0.0,0.0,0,72.37706819152045,30.0,rotating
GWMO.L,,58.228996930923685,0.0,0.0,0.0,0.0,0,171.91494990256083,4.0,rotating
OCTV,,58.18444398516435,0.0,0.0,0.0,0.0,0,229.23241481082033,4.0,rotating
ELME,,58.163148519555534,0.0,0.0,0.0,0.0,0,137.9231670170026,30.0,rotating
AAIF.L,,58.11543434252326,0.0,0.0,0.0,0.0,0,158.47510845555524,29.0,rotating
NXT.MC,,58.10990409014116,0.0,0.0,0.0,0.0,0,114.45981827698311,29.0,rotating
LIFE,,57.79359730485411,2.0,4.0,0.0,0.0,0,93.71787449574389,11.0,rotating
CX.ST,,57.73846909866246,0.0,0.0,0.0,0.0,0,0.0,1.0,new_signal
NXDT,,57.71295879661241,0.0,0.0,0.0,0.0,0,76.12358373066786,30.0,rotating
BIOMAR.CO,,57.6992958881468,0.0,0.0,0.0,0.0,0,53.65034948628014,15.0,rotating
MICC.AS,,57.417495181268826,0.0,0.0,0.0,0.0,0,98.21919364360512,26.0,rotating
80M.L,,57.29272827112118,0.0,0.0,0.0,0.0,0,254.5,2.0,rotating
MX,,57.263211381095694,0.0,0.0,0.0,0.0,0,180.87965612528126,30.0,rotating
RWA.L,,56.84944106285191,0.0,0.0,0.0,0.0,0,79.3993073017643,30.0,rotating
1SMA.DE,,56.74883153628279,0.0,0.0,0.0,0.0,0,204.01019582364015,30.0,rotating
TXP.L,,56.51778306689839,0.0,0.0,0.0,0.0,0,87.13231317943992,30.0,rotating
VTURA.OL,,56.1862008969063,0.0,0.0,0.0,0.0,0,118.15752197807807,20.0,rotating
XYF,,56.02350883867535,0.0,0.0,0.0,0.0,0,116.32544863442394,29.0,rotating
HANA.L,,55.9928391153332,0.0,0.0,0.0,0.0,0,122.56508475091918,30.0,rotating
PHI.L,,55.72434997252849,0.0,0.0,0.0,0.0,0,86.68079372040845,10.0,rotating
CBC,,55.61913840848223,0.0,0.0,0.0,0.0,0,45.272611753686135,8.0,rotating
DNO.OL,,55.15869033452746,0.0,0.0,0.0,0.0,0,134.38243932895398,15.0,rotating
MPAL.L,,55.06803427130629,0.0,0.0,0.0,0.0,0,94.02600704060553,17.0,rotating
AGD,,54.964710124209816,0.0,0.0,0.0,0.0,0,162.33225187867012,29.0,rotating
CRNA.OL,,54.82175937652573,1.0,1.0,0.0,0.0,0,114.40458906879566,29.0,rotating
BT-A.L,,54.81811521364895,0.0,0.0,0.0,0.0,0,131.27108884073485,9.0,rotating
MMIT.L,,54.756784118665976,0.0,0.0,0.0,0.0,0,147.07263511612214,30.0,rotating
CGEO.L,,54.74454602608171,0.0,0.0,0.0,0.0,0,110.88552655779743,30.0,rotating
METSB.HE,,54.68803253476486,0.0,0.0,0.0,0.0,0,64.68848429202836,24.0,rotating
LLOYL.XC,,54.66449278585691,0.0,0.0,0.0,0.0,0,108.50364049192082,28.0,rotating
WLTH,,54.59362637436716,0.0,1.0,0.0,0.0,0,130.67979951010025,12.0,rotating
MPL.L,,54.55321348067677,0.0,0.0,0.0,0.0,0,70.60028328555063,30.0,rotating
SNWS.L,,54.51930006901499,0.0,0.0,0.0,0.0,0,104.48105091355083,24.0,rotating
BLICK.ST,,54.346975413835736,0.0,0.0,0.0,0.0,0,52.75073459204146,5.0,rotating
JIN.OL,,54.24785739935186,0.0,0.0,0.0,0.0,0,130.81930285703257,27.0,rotating
FIA1S.HE,,54.138367270047056,0.0,0.0,0.0,0.0,0,67.78856835779908,11.0,rotating
NTBR.L,,54.00952316476014,0.0,0.0,0.0,0.0,0,116.77778042076326,30.0,rotating
SKAND.OL,,54.0021877353874,0.0,0.0,0.0,0.0,0,142.99160814537333,22.0,rotating
SDLFL.XC,,53.85035248323604,0.0,0.0,0.0,0.0,0,98.55840907806902,15.0,rotating
LGEN.L,,53.82108101390166,0.0,0.0,0.0,0.0,0,50.319479329579714,28.0,rotating
MVI.L,,53.810424589204,0.0,0.0,0.0,0.0,0,85.09529951765845,30.0,rotating
TEI,,53.75440719750533,0.0,0.0,0.0,0.0,0,112.33472303789243,29.0,rotating
INF.L,,53.71964602582759,0.0,0.0,0.0,0.0,0,0.0,1.0,new_signal
GLEN.L,,53.59149821768168,0.0,0.0,0.0,0.0,0,89.00022471881742,14.0,rotating
TMT.L,,53.56831888038142,0.0,0.0,0.0,0.0,0,118.06676077541893,30.0,rotating
OMU.L,,53.51305497667666,0.0,0.0,0.0,0.0,0,184.07541932588393,10.0,rotating
LDA.MC,,53.45558427942968,0.0,0.0,0.0,0.0,0,65.80455911257214,22.0,rotating
CIC.L,,53.34886295971984,0.0,0.0,0.0,0.0,0,175.9459007763466,30.0,rotating
SPRU,,53.32207960404,0.0,0.0,0.0,0.0,0,154.93947205279875,11.0,rotating
GHI,,53.00845399425655,0.0,0.0,0.0,0.0,0,237.54906861530733,16.0,rotating
FUTR.L,,53.00526241002152,0.0,0.0,0.0,0.0,0,180.40454539728205,30.0,rotating
WYN.L,,52.80846338207866,0.0,0.0,0.0,0.0,0,96.42281887603163,30.0,rotating
CEC.DE,,52.62780662896064,0.0,0.0,0.0,0.0,0,101.48221519064313,30.0,rotating
OPK,,52.62697654514297,0.0,0.0,0.0,0.0,0,111.71951485752165,22.0,rotating
IAD.L,,52.60445776537594,0.0,0.0,0.0,0.0,0,133.41604101456468,30.0,rotating
HAN.L,,52.59834628651517,0.0,0.0,0.0,0.0,0,139.40502143036312,30.0,rotating
RR.L,,52.576064171609,0.0,0.0,0.0,0.0,0,197.22527728463206,29.0,rotating
BTGO,,52.52076742869652,0.0,0.0,0.0,0.0,0,126.80461348074051,30.0,rotating
HRS.WA,,52.50490095496457,0.0,0.0,0.0,0.0,0,111.29887690358784,30.0,rotating
ATR.L,,52.470438599614695,0.0,0.0,0.0,0.0,0,171.78344221841687,7.0,rotating
LLD.DE,,52.41945795594821,0.0,0.0,0.0,0.0,0,0.0,1.0,new_signal
NWF.L,,52.25604840075734,0.0,0.0,0.0,0.0,0,124.78717882859601,30.0,rotating
CNTL.SW,,52.00488562060553,0.0,0.0,0.0,0.0,0,152.9941175339758,30.0,rotating
BO.CO,,51.84158529992131,0.0,0.0,0.0,0.0,0,83.83608886343856,7.0,rotating
PIA.MI,,51.5350220976528,0.0,0.0,0.0,0.0,0,160.96571063428385,21.0,rotating
KMAR.OL,,51.461975943469206,0.0,0.0,0.0,0.0,0,0.0,1.0,new_signal
LWB.WA,,51.36039802285784,0.0,0.0,0.0,0.0,0,73.18579097065222,19.0,rotating
LLOY.L,,51.30501189938225,0.0,0.0,0.0,0.0,0,99.21189444819608,28.0,rotating
ILM1.DE,,51.18995748617493,0.0,0.0,0.0,0.0,0,99.77379415457749,30.0,rotating
CYN.L,,51.05629274497217,0.0,0.0,0.0,0.0,0,161.78182839861836,30.0,rotating
DLNG,,51.05549505474943,0.0,0.0,0.0,0.0,0,126.04284985670547,29.0,rotating
SEER,,51.05257033132629,0.0,0.0,0.0,0.0,0,99.96044217589277,30.0,rotating
NYKD.OL,,51.043034926529245,0.0,0.0,0.0,0.0,0,100.68172624662333,26.0,rotating
WBGR-B.ST,,50.93815671152258,0.0,0.0,0.0,0.0,0,80.46272428895259,30.0,rotating
NYOR.ST,,50.9026791419852,0.0,0.0,0.0,0.0,0,75.05204860628389,27.0,rotating
TPVG,,50.84143976787293,0.0,0.0,0.0,0.0,0,86.92416234856681,24.0,rotating
GEM.L,,50.792785456623605,0.0,0.0,0.0,0.0,0,113.80092266761285,30.0,rotating
PGP,,50.72157940918521,0.0,0.0,0.0,0.0,0,122.26872044803609,29.0,rotating
LIME,,50.58495843806909,0.0,1.0,0.0,0.0,0,90.51789878250601,29.0,rotating
SOHU,,50.5430426116272,0.0,0.0,0.0,0.0,0,70.5804505511264,30.0,rotating
QDE.L,,50.53801507535215,0.0,0.0,0.0,0.0,0,0.0,1.0,new_signal
HAS.L,,50.53253239076329,0.0,0.0,0.0,0.0,0,177.29517829572686,9.0,rotating
HRI.L,,50.43182214320214,0.0,0.0,0.0,0.0,0,80.72601811064386,30.0,rotating
0QWA.IL,,50.13969915014272,0.0,0.0,0.0,0.0,0,190.23566963111833,30.0,rotating
CTM.ST,,49.79745474201455,0.0,0.0,0.0,0.0,0,57.50965136392326,30.0,rotating
JET2L.XC,,49.77474626955217,0.0,0.0,0.0,0.0,0,52.767887962282515,30.0,rotating
DDL,,49.59432792706352,0.0,0.0,0.0,0.0,0,97.01262804398199,30.0,rotating
RBD.L,,49.41461998715627,0.0,0.0,0.0,0.0,0,112.01200828482631,30.0,rotating
HKFOODS.HE,,49.35801089644572,0.0,0.0,0.0,0.0,0,0.0,1.0,new_signal
NTI.OL,,49.130603413086206,0.0,0.0,0.0,0.0,0,134.53014532066783,17.0,rotating
IQE.L,,49.10672452313503,0.0,0.0,0.0,0.0,0,183.83908724751655,17.0,rotating
NAVIGO-STAM.ST,,49.02927360197402,0.0,0.0,0.0,0.0,0,118.33106101104646,30.0,rotating
PMG.L,,48.91217272009861,0.0,0.0,0.0,0.0,0,104.40325665418679,30.0,rotating
ONL,,48.88149326856458,0.0,0.0,0.0,0.0,0,51.203613153760934,30.0,rotating
TECH.OL,,48.70491558721267,0.0,0.0,0.0,0.0,0,119.77983970602065,24.0,rotating
ALHG.PA,,48.68983329695526,0.0,0.0,0.0,0.0,0,89.34405408307819,22.0,rotating
NBS.L,,48.55910551788698,0.0,0.0,0.0,0.0,0,76.72841716078861,30.0,rotating
KOMPL.OL,,48.512944126475766,0.0,0.0,0.0,0.0,0,54.57481103952628,30.0,rotating
TRIG.L,,48.46371675619052,0.0,0.0,0.0,0.0,0,214.03728456433348,7.0,rotating
TELIA1.HE,,48.389523600268745,0.0,0.0,0.0,0.0,0,65.00913397361943,4.0,rotating
BARC.L,,48.3729284057343,0.0,0.0,0.0,0.0,0,90.78105529239016,28.0,rotating
GATC.L,,47.94495059121836,0.0,0.0,0.0,0.0,0,223.97910616841028,30.0,rotating
ZAM.L,,47.779468698166525,0.0,0.0,0.0,0.0,0,188.44917086578016,30.0,rotating
KAMUX.HE,,47.365881258845626,0.0,0.0,0.0,0.0,0,33.55011177328624,30.0,rotating
CNDT,,47.25281220522896,0.0,0.0,0.0,0.0,0,32.76293637633843,30.0,rotating
PNNT,,47.20227202269635,0.0,0.0,0.0,0.0,0,98.17132982699175,20.0,rotating
MPCES.OL,,47.03112709588835,0.0,0.0,0.0,0.0,0,206.98347760147425,20.0,rotating
NCV,,47.009947520013846,0.0,0.0,0.0,0.0,0,113.97319860388231,29.0,rotating
BRWM.L,,46.92627478824302,0.0,0.0,0.0,0.0,0,103.17867996829577,28.0,rotating
ENC.MC,,46.896891307209394,0.0,0.0,0.0,0.0,0,42.37399621885521,6.0,rotating
AMGO.L,,46.69387614000033,0.0,0.0,0.0,0.0,0,218.46695402279954,30.0,rotating
DEEZR.PA,,46.66319494320702,0.0,0.0,0.0,0.0,0,132.60471334006195,30.0,rotating
GEX.L,,46.6194209877919,0.0,0.0,0.0,0.0,0,221.07973674672223,8.0,rotating
FUTRL.XC,,46.34044040821817,0.0,0.0,0.0,0.0,0,83.12665035955676,30.0,rotating
BOOM,,46.18319270687459,0.0,0.0,0.0,0.0,0,66.0,2.0,rotating
BCIC,,46.180389732537634,0.0,0.0,0.0,0.0,0,71.08340171938876,30.0,rotating
NCZ,,46.16124110860085,0.0,0.0,0.0,0.0,0,86.20069605287419,29.0,rotating
RTW.L,,46.13145832935031,0.0,0.0,0.0,0.0,0,141.40028288514844,28.0,rotating
GLQ,,45.95705418838816,0.0,0.0,0.0,0.0,0,80.44650396381437,29.0,rotating
AZN.L,,45.88078806079575,0.0,0.0,0.0,0.0,0,48.94731861910313,30.0,rotating
HEX.OL,,45.76993180909564,0.0,0.0,0.0,0.0,0,67.3,21.0,rotating
88E.L,,45.73091366323865,0.0,0.0,0.0,0.0,0,54.17416358376011,21.0,rotating
NUS,,45.67781345191615,0.0,0.0,0.0,0.0,0,60.64948474636862,30.0,rotating
PSEC,,45.65382064255698,0.0,0.0,0.0,0.0,0,25.253910588263356,29.0,rotating
JIM.L,,45.57135334885368,0.0,0.0,0.0,0.0,0,77.48315946062087,30.0,rotating
BIOG.L,,45.34276185060632,0.0,0.0,0.0,0.0,0,159.19246213310478,30.0,rotating
THX.L,,45.11482360638951,0.0,0.0,0.0,0.0,0,122.15191361579237,30.0,rotating
ALUNI.PA,,45.04509783980989,0.0,0.0,0.0,0.0,0,38.95394716841927,30.0,rotating
IAUX,,44.78793885370756,0.0,0.0,0.0,0.0,0,94.46883083853636,25.0,rotating
EGL.L,,44.54242636663932,0.0,0.0,0.0,0.0,0,62.24636033536419,8.0,rotating
ECONB.BR,,44.51140640614984,0.0,0.0,0.0,0.0,0,115.11945969296416,22.0,rotating
GASS,,44.361247626105886,0.0,0.0,0.0,0.0,0,55.17934396130494,29.0,rotating
DAVA,,44.3058367535045,0.0,0.0,0.0,0.0,0,0.0,1.0,new_signal
ANGI,,44.23406679471083,0.0,0.0,0.0,0.0,0,82.7650288467297,30.0,rotating
0K02.L,,43.57562889890256,0.0,0.0,0.0,0.0,0,0.0,1.0,new_signal
KZG.L,,43.53002132619702,0.0,0.0,0.0,0.0,0,1.5,2.0,rotating
DEC.L,,43.48099244182536,0.0,0.0,0.0,0.0,0,189.74680497968865,30.0,rotating
AMPY,,43.45234816072494,0.0,0.0,0.0,0.0,0,59.10465294712422,30.0,rotating
IOM.L,,43.433564092570734,0.0,0.0,0.0,0.0,0,53.40608579553458,30.0,rotating
XNET,,43.42450895659946,0.0,0.0,0.0,0.0,0,59.93830161090653,30.0,rotating
JRS,,43.26981566054613,0.0,0.0,0.0,0.0,0,97.11462299777516,11.0,rotating
BERI.L,,43.26713184020637,0.0,0.0,0.0,0.0,0,137.8969180221226,27.0,rotating
RCH.L,,43.16485483444504,0.0,0.0,0.0,0.0,0,61.960390573333214,30.0,rotating
CLI.L,,42.96052778766628,0.0,0.0,0.0,0.0,0,38.82988539771911,30.0,rotating
FPH,,42.82063585812976,0.0,0.0,0.0,0.0,0,25.203372790164412,30.0,rotating
ACRE,,42.74440969515477,0.0,0.0,0.0,0.0,0,70.16865397027365,30.0,rotating
BRE.MI,,42.61899996592612,0.0,0.0,0.0,0.0,0,0.0,1.0,new_signal
ONTEX.BR,,42.55206096375082,0.0,0.0,0.0,0.0,0,79.45998993204064,30.0,rotating
CTA.L,,42.49535972375064,0.0,0.0,0.0,0.0,0,49.853385040536615,5.0,rotating
0AAK.IL,,41.83825254088333,0.0,0.0,0.0,0.0,0,97.7116165048967,23.0,rotating
BRLA.L,,41.74573705756669,0.0,0.0,0.0,0.0,0,180.39246103981176,30.0,rotating
CIG,,41.63940532062851,0.0,0.0,0.0,0.0,0,92.59676020250384,10.0,rotating
NETEL.ST,,41.28563858116472,0.0,0.0,0.0,0.0,0,36.0916887939592,30.0,rotating
WINE.L,,41.24472542869743,0.0,0.0,0.0,0.0,0,38.14564195291515,30.0,rotating
HTT,,41.12730850292411,0.0,0.0,0.0,0.0,0,72.85087508053695,30.0,rotating
AT1.DE,,41.05137262889378,0.0,0.0,0.0,0.0,0,33.090784215548595,29.0,rotating
SIM.WA,,40.81585056294515,0.0,0.0,0.0,0.0,0,137.05342024188963,30.0,rotating
MGPI,,40.78416628845044,0.0,0.0,0.0,0.0,0,87.00166665070273,12.0,rotating
JET2.L,,40.53249363616196,0.0,0.0,0.0,0.0,0,74.13797947071393,30.0,rotating
0JOQ.L,,40.20328453921627,0.0,0.0,0.0,0.0,0,52.0714893199724,30.0,rotating
EUR.WA,,40.17591146083507,0.0,0.0,0.0,0.0,0,28.16358464400439,4.0,rotating
BPOST.BR,,40.15957419844361,0.0,0.0,0.0,0.0,0,51.32299679480925,30.0,rotating
GLO,,40.06649518727036,0.0,0.0,0.0,0.0,0,77.98692198054748,29.0,rotating
NITRO.ST,,39.75397815200942,0.0,0.0,0.0,0.0,0,129.3321692387474,30.0,rotating
USNA,,39.62226929411485,0.0,0.0,0.0,0.0,0,19.012890364171355,30.0,rotating
RPT,,39.14581609623748,0.0,0.0,0.0,0.0,0,17.6022725805505,30.0,rotating
NOAH,,38.1976603766862,0.0,0.0,0.0,0.0,0,16.289874155437786,24.0,rotating
RVRB.L,,38.168760648456384,0.0,0.0,0.0,0.0,0,90.48320286108357,30.0,rotating
PICS,,38.03920202884685,0.0,0.0,0.0,0.0,0,51.97268513363534,23.0,rotating
BIOPOR.CO,,37.94766978325156,0.0,0.0,0.0,0.0,0,19.334942461771124,5.0,rotating
OSG,,37.736232350050685,0.0,0.0,0.0,0.0,0,68.03241874283171,30.0,rotating
HLN.L,,37.61328136499144,0.0,0.0,0.0,0.0,0,33.02437546722118,8.0,rotating
CNSL.L,,37.58249647878915,0.0,0.0,0.0,0.0,0,43.71086821375206,26.0,rotating
CATO,,37.56340812378863,0.0,0.0,0.0,0.0,0,38.35896244686501,30.0,rotating
GTC.WA,,37.5580809553732,0.0,0.0,0.0,0.0,0,54.5,2.0,rotating
KMR.L,,37.52650511825188,0.0,0.0,0.0,0.0,0,27.022953206487262,30.0,rotating
RCHL.XC,,37.38280107302901,0.0,0.0,0.0,0.0,0,51.47630522871664,30.0,rotating
PBB.DE,,37.310278184113535,0.0,0.0,0.0,0.0,0,44.52695812651028,30.0,rotating
PHP.L,,37.29088264529514,0.0,0.0,0.0,0.0,0,22.477544349861706,12.0,rotating
CECV.DE,,37.23969515294361,0.0,0.0,0.0,0.0,0,94.51692970045103,30.0,rotating
ONWD.BR,,37.232619956944575,0.0,0.0,0.0,0.0,0,0.0,1.0,new_signal
STAF.L,,37.19739098689585,0.0,0.0,0.0,0.0,0,81.60049019460605,30.0,rotating
CLVT,,36.96263948604526,0.0,0.0,0.0,0.0,0,21.123683390924036,30.0,rotating
YIELD.ST,,36.66246307328181,0.0,0.0,0.0,0.0,0,32.25895224584952,27.0,rotating
FOA,,36.66022517775452,0.0,0.0,0.0,0.0,0,22.987822863420536,30.0,rotating
ATC.WA,,36.53544724011861,0.0,0.0,0.0,0.0,0,17.613126418163876,9.0,rotating
GCL.L,,36.46223450284058,0.0,0.0,0.0,0.0,0,186.40010729610646,30.0,rotating
ONIT,,36.24180781540866,0.0,0.0,0.0,0.0,0,29.994832888349286,30.0,rotating
MTRX,,35.90489789347555,0.0,0.0,0.0,0.0,0,23.440136518373777,28.0,rotating
CORE-B.ST,,35.891383297139,0.0,0.0,0.0,0.0,0,49.97449349418161,30.0,rotating
TEK.L,,35.58249549624111,0.0,0.0,0.0,0.0,0,33.11736704510188,30.0,rotating
PAL,,35.45550020252321,0.0,0.0,0.0,0.0,0,23.26134131988093,30.0,rotating
CRSTL.XC,,35.11013180579556,0.0,0.0,0.0,0.0,0,26.301330764811123,30.0,rotating
AAG.DE,,35.03488632084395,0.0,0.0,0.0,0.0,0,83.38369145102656,25.0,rotating
0RCO.IL,,34.05017976333261,0.0,0.0,0.0,0.0,0,32.81295475875344,28.0,rotating
SRG,,33.94309443063336,0.0,0.0,0.0,0.0,0,32.20931542271583,30.0,rotating
TW.L,,33.635180915302826,0.0,0.0,0.0,0.0,0,16.949452811736545,9.0,rotating
POLB.L,,33.56662193973891,0.0,0.0,0.0,0.0,0,0.0,1.0,new_signal
RVRG.L,,33.495291518799725,0.0,0.0,0.0,0.0,0,12.381033882515627,30.0,rotating
DOM.ST,,33.47704348397781,0.0,0.0,0.0,0.0,0,16.54962235218677,26.0,rotating
UJO.L,,33.46742287300029,0.0,0.0,0.0,0.0,0,30.644575376402262,30.0,rotating
NSLR,,33.369677254990215,0.0,0.0,0.0,0.0,0,24.924887161229034,29.0,rotating
BEM.L,,32.92000231145608,0.0,0.0,0.0,0.0,0,74.97206146292098,11.0,rotating
CABO,,32.62861298627047,0.0,0.0,0.0,0.0,0,18.287974190707946,30.0,rotating
RAKE.ST,,32.60580980335054,0.0,0.0,0.0,0.0,0,15.17926216915697,30.0,rotating
STJ.L,,32.599475106984734,0.0,0.0,0.0,0.0,0,59.029230047494266,30.0,rotating
NRGB.AQ,,32.568713574046654,0.0,0.0,0.0,0.0,0,171.38847685886003,27.0,rotating
SUH.L,,32.374136067915785,0.0,0.0,0.0,0.0,0,97.50389735800309,21.0,rotating
STJL.XC,,32.3117358553173,0.0,0.0,0.0,0.0,0,62.12608147952034,30.0,rotating
CRST.L,,32.21598066904127,0.0,0.0,0.0,0.0,0,15.837929157563497,30.0,rotating
PETS,,32.10880773237648,0.0,0.0,0.0,0.0,0,15.829087149927501,14.0,rotating
BCYC,,32.00826631405327,0.0,0.0,0.0,0.0,0,15.022982393652732,13.0,rotating
SSTK,,31.885487430984032,0.0,0.0,0.0,0.0,0,8.82269800004511,23.0,rotating
CRU.L,,31.64249471002786,0.0,0.0,0.0,0.0,0,44.076751241442466,30.0,rotating
SITC,,31.473178470360345,0.0,0.0,0.0,0.0,0,84.29733091860028,30.0,rotating
APMD,,30.891312321724243,0.0,0.0,0.0,0.0,0,61.7008914036094,28.0,rotating
AVD,,30.853763595965063,0.0,0.0,0.0,0.0,0,14.519297503667318,30.0,rotating
JRVR,,30.58410396686609,0.0,0.0,0.0,0.0,0,12.308127396155761,30.0,rotating
TPET,,30.421364034375,0.0,0.0,0.0,0.0,0,60.092928036500275,22.0,rotating
0A4H.L,,30.33610828447,0.0,0.0,0.0,0.0,0,181.0331737555302,29.0,rotating
FIPP.L,,30.263842409786832,0.0,0.0,0.0,0.0,0,72.5314414581704,30.0,rotating
CORO.L,,30.08086790322931,0.0,0.0,0.0,0.0,0,106.95905758747129,30.0,rotating
GIGA.ST,,29.440623462939364,0.0,0.0,0.0,0.0,0,42.88134792657526,19.0,rotating
VTY.L,,28.78010948867721,0.0,0.0,0.0,0.0,0,61.2,30.0,rotating
8TI.F,,28.14834504856151,0.0,0.0,0.0,0.0,0,10.943491216243562,29.0,rotating
PMP.L,,27.78589371316264,0.0,0.0,0.0,0.0,0,16.714065932620944,30.0,rotating
STLA.VI,,27.449762626266995,0.0,0.0,0.0,0.0,0,77.64335129294716,30.0,rotating
K2A-B.ST,,27.26408930833696,0.0,0.0,0.0,0.0,0,136.95094012090607,30.0,rotating
NINE,,27.2576211383308,0.0,0.0,0.0,0.0,0,83.38680950845884,29.0,rotating
VTYL.XC,,26.600675144371856,0.0,0.0,0.0,0.0,0,71.13480160933888,30.0,rotating
CHP.L,,25.28190022766904,0.0,0.0,0.0,0.0,0,4.281744192888376,6.0,rotating
SUMMAS.ST,,24.768560734451803,0.0,0.0,0.0,0.0,0,12.452378423219468,9.0,rotating
ALMEX.PA,,24.703596956907084,0.0,0.0,0.0,0.0,0,46.34047906528373,30.0,rotating
CANTA.ST,,24.485953006681243,0.0,0.0,0.0,0.0,0,42.94054028537602,30.0,rotating
GYC.DE,,24.17406516652634,0.0,0.0,0.0,0.0,0,24.973736204260668,8.0,rotating
VOLCAR-B.ST,,23.863225342532125,0.0,0.0,0.0,0.0,0,19.131126469708992,19.0,rotating
LENZ,,23.376980825310177,0.0,0.0,0.0,0.0,0,0.0,1.0,new_signal
AZUL,,22.47834650214889,0.0,0.0,0.0,0.0,0,18.172781845386247,29.0,rotating
0RVI.IL,,21.942712861189584,0.0,0.0,0.0,0.0,0,3.746998799039039,30.0,rotating
0RUH.IL,,21.27696944044542,0.0,0.0,0.0,0.0,0,2.9342801502242417,29.0,rotating
BMC.WA,,17.245206498676243,0.0,0.0,0.0,0.0,0,51.741279458474935,30.0,rotating
ROG.SW,,,0.0,0.0,0.0,0.0,0,,0.0,new_signal
