symbol,name,region,market_cap_eur,rank,value_rank,pullback_rank,quality_value_rank,consensus_score,short_score,swing_score,medium_score,long_score,quality_score,revisions_score,valuation_score,risk_score,data_confidence,pullback_setup_score,pullback_opportunity_score,value_conviction_score,undervaluation_score,core_overlap_count,strategy_count,high_conviction_overlap,strategy_labels,deep_selection_tier,deep_selection_reason
DELL,DELL,US,314637749154.59503,2.0,,6.0,,81.86624755545924,85.36534571341386,84.62112235182141,79.11137275909708,66.19200835159157,72.3997597378639,83.11711339772351,29.28571428571429,7.805920706405056,72.22727272727273,66.2789403945233,79.57203287311674,56.410527409669925,44.232566755508685,2,2,True,"main,pullback",core,core
VLO,VLO,US,98006308660.4658,4.0,,1.0,,81.06238069794425,79.1728839277865,84.95820539532754,82.951877468102,77.42533978882724,86.01014635346205,82.04290481191967,52.45937637241985,3.5546811909408023,69.68181818181819,84.205756676936,84.61843119168454,63.49837300234231,48.896347713671055,2,2,True,"main,pullback",core,core
CMBT.BR,CMBT.BR,EUROPE,4880655360.0,5.0,,3.0,,81.02026134407294,74.35808187041606,80.58828085030041,82.95481798059352,81.45224183784546,96.22582217749292,70.6280638144771,61.51745630912298,3.651680552903535,73.13636363636364,75.93533221620983,81.52381426525181,67.94168306365863,55.520582005577744,2,2,True,"main,pullback",core,core
FRO,FRO,US,9341557942.383133,7.0,,4.0,,79.76079833562267,79.21532236781273,80.81034374994852,80.30627430343262,77.26908722004852,91.5126368220391,66.03106979321794,52.47192421105464,5.02932968829318,73.13636363636364,81.38746137134015,80.8204789140658,66.49229785736492,56.92950121997722,2,2,True,"main,pullback",core,core
PSX,PSX,US,90146246735.52354,10.0,,2.0,,78.08530680381851,74.91583106049423,83.742034058841,80.80826459628263,75.3623490113544,79.35872410703305,87.07382710400857,53.49457305979046,3.802460867823827,73.13636363636364,81.76581505082817,83.06870817405262,63.95078321663569,51.177164270893776,2,2,True,"main,pullback",core,core
NVDA,NVIDIA Corporation,US,4777919522571.025,40.0,2.0,26.0,1.0,72.47338988396308,72.11458036510392,74.2889886236034,72.71174171437949,72.23503805354666,81.98757763975156,79.929158871309,56.0,6.094339088586812,90.12675759783708,46.65054061360963,72.5289647624898,70.15352600999162,61.636103834246256,1,2,False,"value,quality_value",core,core
LLY,Eli Lilly and Company,US,927791818510.219,58.0,6.0,,2.0,70.34041454714568,68.66378156225385,62.800506245522826,72.01704753203752,74.59825134140483,91.5217391304348,71.77087972940585,54.5,4.301651048280568,89.06302200062346,30.95238095238095,68.0447277094819,67.03540865248348,56.80161943319838,1,2,False,"value,quality_value",core,core
VOLV-B.ST,AB Volvo (publ),EUROPE,58572065694.95129,374.0,1.0,216.0,3.0,54.77559763496102,44.32416810356548,51.39836950510229,58.15282576481975,62.88637439692842,46.92028985507247,63.02352250275906,87.66666666666667,3.5496213143570903,87.70801341539479,69.49694035016725,54.961312151504586,71.50976930752061,85.17980471540844,1,2,False,"value,quality_value",core,core
AVGO,Broadcom Inc.,US,1480633854598.9746,400.0,7.0,146.0,4.0,53.35460527914053,51.02106324527636,45.4697426322041,55.68814731300469,64.82079505123535,87.88819875776399,39.20436046741258,53.285714285714285,5.945125469906995,90.52138665149272,68.40524081401784,59.22961156640554,66.74787076120239,60.80733507978091,1,2,False,"value,quality_value",core,core
ATNI,"ATN International, Inc.",US,387563681.2019962,470.0,3.0,313.0,7.0,50.65420298177234,45.82428174609429,47.97422068380693,53.33418527973775,57.78805647197252,39.56521739130435,51.39931522987703,77.6,5.289992916952484,83.8976705901411,57.183175549165625,48.187527437020734,68.4495796178006,84.89973803286497,1,2,False,"value,quality_value",core,core
NOVO-B.CO,Novo Nordisk A/S,EUROPE,149518076147.4149,554.0,5.0,,5.0,44.96437857126728,32.934496147938944,38.91677022439371,51.01198691814084,60.29416208621873,68.57315389924085,57.19149798295303,76.41666666666667,5.517109724393042,86.54058639232255,35.0,47.00174058948798,67.61701576032796,72.96956947421344,1,2,False,"value,quality_value",core,core
HOS,"Hornbeck Offshore Services, Inc",US,2354451153.934491,572.0,8.0,,6.0,43.87766860731551,33.51527682420487,36.84365165557738,50.91168555905365,59.72560487931076,48.38709677419355,67.71005502513502,82.61904761904763,6.135436250105129,75.56002466276284,13.463148519336508,40.27522571429813,65.6217453526158,71.98301182821307,1,2,False,"value,quality_value",core,core
STNE,StoneCo Ltd.,OTHER,1885350373.9476435,651.0,4.0,368.0,9.0,36.81268876483797,38.905757638104006,26.684951832796827,34.71961989157193,52.23274334603372,44.86166007905139,25.38872240953265,100.0,7.146083320056421,85.63125131866346,48.04540039774653,39.44032925595416,68.17919719232808,85.74684689235772,1,2,False,"value,quality_value",core,core
HPE,HPE,US,73452704861.90121,1.0,,,,83.18422303023858,89.17659015646075,86.16167472898972,80.20677133148745,69.72557359450612,72.18466143682907,82.88269745016491,43.4139531965619,6.899134691064218,72.3409090909091,36.60491165090334,76.94836873075641,56.69363451377356,44.38205015292452,1,1,False,main,core,core
MU,MU,US,1074590121355.1952,3.0,,,,81.42873082212687,80.03352330074306,72.48468991570037,84.81702870748374,82.82393834351068,95.16438410316776,83.36851095211203,63.97672375933245,8.087358013422069,73.13636363636364,38.79100278418723,77.37356553144997,63.925581677623626,47.98486033130416,1,1,False,main,adaptive,adaptive_balanced
AMC,AMC,US,2307089785.941559,6.0,,,,80.68197358636942,81.46636932716001,85.45892520413173,79.89757784557884,79.37848676567087,86.90476190476191,79.10356367831669,,9.472090759636924,65.06818181818183,37.20538118182015,77.55675671203876,78.58741365488451,,1,1,False,main,adaptive,adaptive_momentum
SMTC,SMTC,US,14957038651.89163,8.0,,,,79.10016026281632,84.66027118752484,81.94430833289466,76.25601219273797,61.95759065567185,74.07430117539575,85.44136107414164,12.367463454419974,8.42680548246329,73.13636363636364,50.077205054088,77.47278074807602,52.76061124800158,36.95276357281527,1,1,False,main,adaptive,adaptive_momentum
REP.MC,REP.MC,EUROPE,32763570176.0,9.0,,,,78.56490702888681,84.19300195518579,81.53530003664746,75.59451402112617,71.35877746070392,61.47357385925573,84.21370163268438,68.82415424082092,3.804820674270332,73.13636363636364,46.45803002044677,73.99197549741372,63.863542698068,59.11515352588162,1,1,False,main,adaptive,adaptive_momentum
DHT,DHT,US,3087285383.4470143,12.0,,5.0,,77.60822830034537,77.36866407488287,78.46877561120272,77.84779252580788,77.00448949208938,88.91376038793331,70.53882934336858,55.2998933433716,4.4453970501255125,73.13636363636364,83.91844552576582,80.18573111355818,66.4698178176853,56.42311453349666,1,1,False,pullback,core,core
C5H.IR,C5H.IR,EUROPE,1652408960.0,25.0,,9.0,,73.50481402086697,74.95978138593829,68.11471160486569,72.04984665579568,75.4685502041441,98.19133941887225,55.47333714680187,55.62820666987333,2.670260943270569,73.13636363636364,66.53273195432172,75.41906894191213,64.10583865397004,51.64378973320792,1,1,False,pullback,core,core
CIRSA.MC,CIRSA.MC,EUROPE,3197581824.0,30.0,,8.0,,73.10246294257118,82.32505735402127,77.6898360381463,68.51508984699605,68.0648877186487,83.05180585129861,57.07355653817587,51.94103735770403,5.307271296240237,69.68181818181819,68.62761601730185,76.628065730592,55.88245309750061,44.62893138737492,1,1,False,pullback,core,core
BP,BP,US,99961837419.26093,33.0,,7.0,,73.02711000793096,73.9599337023372,72.09428631352473,70.66829159291608,75.59654723554374,86.08501926782274,89.43517766827127,57.37499215760084,4.476686490841605,72.3409090909091,70.65160961491463,78.20998879721103,68.00900507083809,55.16365672710157,1,1,False,pullback,core,core
EQNR,EQNR,US,87925737920.74046,38.0,,10.0,,72.60266764345245,63.87986106522529,73.80805410671718,72.63777028969268,72.56756499721222,75.35738031914893,85.96512847031202,51.56691134952005,5.618920832149628,72.11363636363636,69.27923155214515,75.26215712055696,64.71075238982475,55.408457229966594,1,1,False,pullback,core,core
CYH,"Community Health Systems, Inc.",US,364462892.0197271,492.0,10.0,,13.0,49.3243722243546,53.59884905023106,39.22722998316259,45.049895398478135,60.435939266152346,53.44202898550725,28.123312892184792,100.0,8.148913102812564,82.04831562610477,47.35097784211696,48.80897393236224,64.35963193054442,79.79757085020242,1,1,False,value,core,core
QFIN,"Qfin Holdings, Inc.",OTHER,780284889.9975849,693.0,9.0,,12.0,29.198213885797443,23.32566911667115,23.88923741782494,34.50719035376994,53.65358432520362,54.73684210526316,13.471772530139184,88.25,7.746736338185146,77.15390429938432,39.78563982622773,30.88059898342014,64.58525225647969,81.56108597285068,1,1,False,value,core,core
RMT,"Royce Micro-Cap Trust, Inc.",US,641736644.9241955,193.0,14.0,89.0,8.0,61.92234247916801,58.90497252238551,60.63401227164781,66.45581813492271,63.2106726866882,62.51461988304093,90.27966101694916,51.4069264069264,2.506943807210133,63.74,48.6546043879597,63.660069923168415,60.267650457563725,52.84285919871424,0,1,False,quality_value,core,core
NOVN.SW,Novartis AG,EUROPE,241085919745.8973,348.0,13.0,,10.0,55.50828952311198,59.25429296437921,44.51522447871445,52.17963822465611,58.83694082156785,68.99154589371982,58.12789367478898,53.5,3.304591266432765,88.41700103558713,44.74187111479722,58.8559203793715,61.82685185942857,59.11597999523696,0,1,False,quality_value,core,core
