factor,base_weight,raw_adjusted_weight,max_abs_correlation,most_correlated_with,penalty_fraction,adjusted_weight,horizon,guard_enabled,threshold,strength,max_penalty
ret_5d_rank,0.12,0.12,0.7052823856495859,dist_sma_20_rank,0.0,0.1335165914652348,short,True,0.85,0.25,0.25
ret_20d_rank,0.18,0.13596905102076157,0.9967698299307948,relative_20d_rank,0.24461638321799128,0.15128436864212244,short,True,0.85,0.25,0.25
ret_eur_20d_rank,0.08,0.06175048048492674,0.9868713963630494,ret_20d_rank,0.22811899393841573,0.06870594729739933,short,True,0.85,0.25,0.25
relative_20d_rank,0.14,0.10575370634948122,0.9967698299307948,ret_20d_rank,0.24461638321799128,0.11766562005498411,short,True,0.85,0.25,0.25
dist_sma_20_rank,0.08,0.08,0.8486368022419529,ret_20d_rank,0.0,0.08901106097682321,short,True,0.85,0.25,0.25
dist_sma_50_rank,0.07,0.06835201365572717,0.8641255972366243,rsi_setup_score,0.023542662061040533,0.0760510656924823,short,True,0.85,0.25,0.25
volume_ratio_20_60_rank,0.1,0.1,0.11517987854169541,rsi_setup_score,0.0,0.11126382622102902,short,True,0.85,0.25,0.25
rsi_setup_score,0.13,0.12693945393206474,0.8641255972366243,dist_sma_50_rank,0.023542662061040533,0.1412376934288957,short,True,0.85,0.25,0.25
distance_52w_high_rank,0.1,0.1,0.5365404502931908,ret_5d_rank,0.0,0.11126382622102902,short,True,0.85,0.25,0.25
ret_20d_rank,0.08,0.08,0.8436994940250875,dist_sma_50_rank,0.0,0.09099842016130173,swing,True,0.85,0.25,0.25
ret_63d_rank,0.19,0.14274151821258793,0.999237310907617,ret_eur_63d_rank,0.24872885151269505,0.16236565810963977,swing,True,0.85,0.25,0.25
ret_126d_rank,0.12,0.10743771859707933,0.9128114070146033,risk_adj_mom_126d_rank,0.10468567835767216,0.12220828322585908,swing,True,0.85,0.25,0.25
ret_eur_63d_rank,0.08,0.0601016918789844,0.999237310907617,ret_63d_rank,0.24872885151269505,0.06836448762511148,swing,True,0.85,0.25,0.25
relative_63d_rank,0.12,0.09141749439885885,0.9929125280057057,ret_63d_rank,0.23818754667617623,0.10398559456751007,swing,True,0.85,0.25,0.25
risk_adj_mom_126d_rank,0.12,0.10743771859707933,0.9128114070146033,ret_126d_rank,0.10468567835767216,0.12220828322585908,swing,True,0.85,0.25,0.25
dist_sma_50_rank,0.08,0.08,0.8436994940250875,ret_20d_rank,0.0,0.09099842016130173,swing,True,0.85,0.25,0.25
dist_sma_200_rank,0.07,0.07,0.8415291401835671,ret_126d_rank,0.0,0.07962361764113902,swing,True,0.85,0.25,0.25
distance_52w_high_rank,0.14,0.14,0.6166280317674945,dist_sma_200_rank,0.0,0.15924723528227805,swing,True,0.85,0.25,0.25
ret_63d_rank,0.08,0.08,0.6527875267602472,dist_sma_200_rank,0.0,0.09597735374507503,medium,True,0.85,0.25,0.25
ret_126d_rank,0.17,0.13213250311458852,0.9836499890073347,relative_126d_rank,0.22274998167889115,0.15852159990813863,medium,True,0.85,0.25,0.25
mom_12_1_rank,0.22,0.16512437696612728,0.9996607900923802,mom_eur_12_1_rank,0.24943465015396696,0.19810250925016396,medium,True,0.85,0.25,0.25
mom_eur_12_1_rank,0.08,0.060045227987682644,0.9996607900923802,mom_12_1_rank,0.24943465015396696,0.0720372760909687,medium,True,0.85,0.25,0.25
relative_126d_rank,0.14,0.10881500256495524,0.9836499890073347,ret_126d_rank,0.22274998167889115,0.13054719992434943,medium,True,0.85,0.25,0.25
risk_adj_mom_126d_rank,0.12,0.10656328909542667,0.9171835545228666,relative_126d_rank,0.11197259087144434,0.12784578117188078,medium,True,0.85,0.25,0.25
dist_sma_200_rank,0.08,0.08,0.8435813251258776,relative_126d_rank,0.0,0.09597735374507503,medium,True,0.85,0.25,0.25
sma200_slope_20d_rank,0.11,0.10084956206291064,0.899911479656851,mom_eur_12_1_rank,0.08318579942808507,0.12099092616434841,medium,True,0.85,0.25,0.25
mom_12_1_rank,0.25,0.18764133746150827,0.9996607900923802,mom_eur_12_1_rank,0.24943465015396696,0.23288742736035647,long,True,0.85,0.25,0.25
mom_eur_12_1_rank,0.15,0.11258480247690496,0.9996607900923802,mom_12_1_rank,0.24943465015396696,0.13973245641621387,long,True,0.85,0.25,0.25
ret_252d_rank,0.15,0.11299648117799545,0.9980140752880182,relative_252d_rank,0.24669012548003036,0.14024340349692144,long,True,0.85,0.25,0.25
relative_252d_rank,0.15,0.11299648117799545,0.9980140752880182,ret_252d_rank,0.24669012548003036,0.14024340349692144,long,True,0.85,0.25,0.25
dist_sma_200_rank,0.1,0.1,0.7593307234002726,sma200_slope_20d_rank,0.0,0.1241130715176925,long,True,0.85,0.25,0.25
sma200_slope_20d_rank,0.2,0.17949780388775297,0.9115065883367411,ret_252d_rank,0.10251098056123525,0.22278023771189426,long,True,0.85,0.25,0.25
