,VLO,AMC,HPE,CMBT.BR,FRO,MU,SHELL.AS,REP.MC,KIN.BR,DHT,DELL,PSX,PBR-A,TRMD-A.CO,ABN.AS,DOCM.SW,SMTC,PBF,BP,SSABBH.HE
VLO,1.0,-0.027025329812987095,0.2466117532803686,0.291561908540066,0.0404603518358814,0.09338445122506216,0.2797688625337847,0.4658583235136345,-0.20531818229114288,0.1218642570127073,0.20615680484474272,0.886552855385432,0.25575019469663135,0.2128830566360048,0.059568631144497154,0.0435656452651783,0.19162742347649914,0.8265150779511852,0.30458760107390126,0.16692501461972356
AMC,-0.027025329812987095,1.0,-0.12634702322566094,0.17103152614460373,0.08012018234732844,-0.09215490438130841,-0.1621573397846021,-0.05479688840917743,0.31699166628956144,0.19259699117768747,-0.11100236465183466,-0.11437169665428518,-0.07537434499583247,0.1824863043664208,-0.03481124745518464,0.09914473755793507,-0.12011814801587334,-0.006679874726001458,-0.21244935462547662,0.03431412012535508
HPE,0.2466117532803686,-0.12634702322566094,1.0,-0.07724896476150275,-0.1824671956013247,0.5027559563195789,-0.1883152646839089,0.06651661202221916,-0.26145887285460795,-0.17484935004140836,0.7619037137310067,0.10460238005583196,-0.0162093344029319,-0.24945545418012316,0.4375978958437071,-0.20865157190604575,0.5615099102608047,0.24901999032796635,-0.11210013347140782,0.2246036690427534
CMBT.BR,0.291561908540066,0.17103152614460373,-0.07724896476150275,1.0,0.5734249970358682,0.120177924483386,0.044373602760962826,0.11227026082690342,-0.060497858933108,0.5816834305751829,0.09486840682008833,0.22933369282974578,0.15037117211979953,0.6318404114662319,0.049870712706682536,0.06384921054657537,0.1285633334593383,0.24266876844536198,0.13207415191283603,0.3591789652123301
FRO,0.0404603518358814,0.08012018234732844,-0.1824671956013247,0.5734249970358682,1.0,-0.03211898264931607,0.09263717691530286,-0.09018275741242954,-0.026295737601985045,0.9096858147880429,-0.0282410235186594,0.009917508979206615,0.17459652542231766,0.5643986444588974,-0.04972593252869206,-0.1346297620639284,0.039755880362113256,-0.001441651635978419,0.21709686070461248,0.01999957237164466
MU,0.09338445122506216,-0.09215490438130841,0.5027559563195789,0.120177924483386,-0.03211898264931607,1.0,-0.24799271279927293,0.06335758893711077,-0.2464105827384518,0.03130775345941192,0.5489711204092965,0.024371865099883042,0.07344242770400992,-0.03880463149341073,0.38732499109577884,0.04932987648634049,0.6743718962030739,0.22966183827898953,-0.08531050236899909,0.07242815926446723
SHELL.AS,0.2797688625337847,-0.1621573397846021,-0.1883152646839089,0.044373602760962826,0.09263717691530286,-0.24799271279927293,1.0,0.6886755790225982,-0.13948616166158928,-0.012329554485765415,-0.23319410204191876,0.3795921500960917,0.5269196512349225,-0.10860780654007701,-0.38748013745275417,-0.1157062139931963,-0.2546625972792131,0.23567145442845905,0.7959812542705793,-0.3122228920563895
REP.MC,0.4658583235136345,-0.05479688840917743,0.06651661202221916,0.11227026082690342,-0.09018275741242954,0.06335758893711077,0.6886755790225982,1.0,-0.09883032403825964,-0.10043769110131703,-0.07983870999689471,0.5039864755500312,0.5309342517568909,-0.06355528590604642,-0.40116895505739847,-0.0619107728203956,-0.04038973280602956,0.44728603259741656,0.6445130546654912,-0.28229784630789473
KIN.BR,-0.20531818229114288,0.31699166628956144,-0.26145887285460795,-0.060497858933108,-0.026295737601985045,-0.2464105827384518,-0.13948616166158928,-0.09883032403825964,1.0,0.0069502395166246116,-0.3519671746311769,-0.17774797347785903,-0.06785246841586821,0.04752207145770449,-0.09564370857950111,0.15624904663214276,-0.22595593244501236,-0.20719831940709135,-0.04986227244494578,-0.12113804899679771
DHT,0.1218642570127073,0.19259699117768747,-0.17484935004140836,0.5816834305751829,0.9096858147880429,0.03130775345941192,-0.012329554485765415,-0.10043769110131703,0.0069502395166246116,1.0,-0.03337227765254625,0.05746257962687727,0.09932170063733824,0.6332897014211547,-0.026081107128867298,-0.03459609232013895,0.07898946240787721,0.08816192500205315,0.15242693370519433,0.001904712059033297
DELL,0.20615680484474272,-0.11100236465183466,0.7619037137310067,0.09486840682008833,-0.0282410235186594,0.5489711204092965,-0.23319410204191876,-0.07983870999689471,-0.3519671746311769,-0.03337227765254625,1.0,0.06362977760238887,-0.022648992491891548,-0.08074464422408167,0.5501527391686827,-0.10900327484512641,0.5248936266950069,0.1828496873040947,-0.2124248594539129,0.2243059048629483
PSX,0.886552855385432,-0.11437169665428518,0.10460238005583196,0.22933369282974578,0.009917508979206615,0.024371865099883042,0.3795921500960917,0.5039864755500312,-0.17774797347785903,0.05746257962687727,0.06362977760238887,1.0,0.3186665069655189,0.06430364618827555,-0.012698463322905956,0.03609913743243687,0.06170520181079387,0.7600085917871691,0.4146976565980166,0.13877842865695414
PBR-A,0.25575019469663135,-0.07537434499583247,-0.0162093344029319,0.15037117211979953,0.17459652542231766,0.07344242770400992,0.5269196512349225,0.5309342517568909,-0.06785246841586821,0.09932170063733824,-0.022648992491891548,0.3186665069655189,1.0,0.06251783051718147,-0.21932409648255002,-0.11697825363327838,-0.04246197965137266,0.30847294276236237,0.7122060904454253,-0.24577913308586205
TRMD-A.CO,0.2128830566360048,0.1824863043664208,-0.24945545418012316,0.6318404114662319,0.5643986444588974,-0.03880463149341073,-0.10860780654007701,-0.06355528590604642,0.04752207145770449,0.6332897014211547,-0.08074464422408167,0.06430364618827555,0.06251783051718147,1.0,0.06507418209088549,0.03995047331990792,0.060320396279697645,0.10447260792029324,-0.018945807274468297,0.058030371078350414
ABN.AS,0.059568631144497154,-0.03481124745518464,0.4375978958437071,0.049870712706682536,-0.04972593252869206,0.38732499109577884,-0.38748013745275417,-0.40116895505739847,-0.09564370857950111,-0.026081107128867298,0.5501527391686827,-0.012698463322905956,-0.21932409648255002,0.06507418209088549,1.0,-0.0035770404950800035,0.3930496313247595,0.17325043956429378,-0.2794661929753489,0.24822896405418557
DOCM.SW,0.0435656452651783,0.09914473755793507,-0.20865157190604575,0.06384921054657537,-0.1346297620639284,0.04932987648634049,-0.1157062139931963,-0.0619107728203956,0.15624904663214276,-0.03459609232013895,-0.10900327484512641,0.03609913743243687,-0.11697825363327838,0.03995047331990792,-0.0035770404950800035,1.0,-0.0884948227281601,0.046374183489852366,-0.023824291948445275,0.13580001322000168
SMTC,0.19162742347649914,-0.12011814801587334,0.5615099102608047,0.1285633334593383,0.039755880362113256,0.6743718962030739,-0.2546625972792131,-0.04038973280602956,-0.22595593244501236,0.07898946240787721,0.5248936266950069,0.06170520181079387,-0.04246197965137266,0.060320396279697645,0.3930496313247595,-0.0884948227281601,1.0,0.248724500505078,-0.08321310467245155,0.20663575338303597
PBF,0.8265150779511852,-0.006679874726001458,0.24901999032796635,0.24266876844536198,-0.001441651635978419,0.22966183827898953,0.23567145442845905,0.44728603259741656,-0.20719831940709135,0.08816192500205315,0.1828496873040947,0.7600085917871691,0.30847294276236237,0.10447260792029324,0.17325043956429378,0.046374183489852366,0.248724500505078,1.0,0.32982619854234657,0.18424895566679156
BP,0.30458760107390126,-0.21244935462547662,-0.11210013347140782,0.13207415191283603,0.21709686070461248,-0.08531050236899909,0.7959812542705793,0.6445130546654912,-0.04986227244494578,0.15242693370519433,-0.2124248594539129,0.4146976565980166,0.7122060904454253,-0.018945807274468297,-0.2794661929753489,-0.023824291948445275,-0.08321310467245155,0.32982619854234657,1.0,-0.27764907717894355
SSABBH.HE,0.16692501461972356,0.03431412012535508,0.2246036690427534,0.3591789652123301,0.01999957237164466,0.07242815926446723,-0.3122228920563895,-0.28229784630789473,-0.12113804899679771,0.001904712059033297,0.2243059048629483,0.13877842865695414,-0.24577913308586205,0.058030371078350414,0.24822896405418557,0.13580001322000168,0.20663575338303597,0.18424895566679156,-0.27764907717894355,1.0
